"Category","Stable field ID","Intake label","Source labels or aliases","Data type","Fixed or repeating","Parsed","Displayed in Intake Checker","Passed to client profile","Required status","Required when","Optional when","Accepted blank behavior","Normalization or transformation","Format validation","Date rules","Cross-field rules","Conflict rules","Review triggers","Derived or default value","Employee dismissal behavior","Profile readiness effect","Current error or warning text","Implementation source file","Test coverage","Audit confidence","Potential issue or ambiguity","Sam decision needed","Sam’s approved rule","Implementation status"
"personal","personal.first-name","First Name","PERSONAL INFORMATION: exact First Name. Plain or bold label; no field-label synonyms.","text in profile; text or null in parser","Fixed","Yes: exact plain label or bold label; mapping requires this section/record context.","Original pasted textarea only; not a full parsed-field display. Relevant validation/review rows show the label/reason. Later employee corrections appear in the correction ledger. Also contributes to copyable name/last-four summary when unique; full SSN remains in original input.","Yes, under this definition ID; repeated instances append @category-N. Present values and blanks transfer; absent optional values do not.","Always required","For every intake when validation runs (at least one section parsed). A fully absent/empty required section produces one grouped error; otherwise the field has its own missing error.","Never under the active Checker rule; no SSA interpretation added.","Checker reports missing only when the condition above applies. A present blank still transfers as missing/blocked; absence of an optional field creates no profile row.","Trim outer whitespace; preserve internal text and multiline values. Empty/whitespace or exact Not provided / *Not provided* (case-insensitive) becomes null. Exact label matching is case-sensitive. Adapter additionally treats N/A, NA, none provided, unknown, standalone not/provided, dashes/question marks, null/undefined/NaN, not applicable/not available, TBD, and Select/Choose prompts as missing. Literal No, false, 0 and None are not globally missing.","Nonmissing value containing any period produces an error. No other name-character rule.","No date rule.","No additional cross-field rule.","Checker does not generally flag duplicate labels. Adapter compares trimmed raw candidates in this scope: different strings, including blank versus supplied, block as conflict. Identical duplicates may be ready. Duplicate singleton sections or repeated record roots block as ambiguous. No candidate is selected for a conflict.","No general review trigger.","No answer default or inferred replacement. Date/boolean type encoding only when applicable.","Checker Reviewed hides the issue without changing the answer. A still-present error remains blocking in the profile even if reviewed. An acknowledged warning stops blocking unless another reason remains. General review flags never establish an answer.","Included if present (even blank) or emitted by validator requirements. Missing, unsupported type/meaning, raw conflict, ambiguous scope, any unparsed source text, any applicable error, or unacknowledged validation warning blocks. Otherwise ready automatically; no employee confirmation is invented. Absent optional fields are omitted.","First Name is required but was not provided. | Periods are not allowed in person names. | PERSONAL INFORMATION is required but was not provided. | Profile: No established answer: blank or placeholder. | Profile: Competing values for the same field. Resolve them in the pasted intake. | Profile: Repeated or ambiguous source sections do not establish a unique subject. | Profile: The intake contains unparsed text. Resolve it in Intake Checker before using this profile.","intake-checker/rules.js:5; intake-checker/parser.js:28; ssa-intake-assistant/src/model/from-intake-checker.js:15; ssa-intake-assistant/src/model/from-intake-checker.js:43; ssa-intake-assistant/src/model/intake-contract.js:24; intake-checker/validation.js:174; intake-checker/intake-checker.js:61; intake-checker/intake-checker.js:123","ssa-intake-assistant/src/model/from-intake-checker.test.js:16 (catalog and all-definition synthetic transfer; not a format-validity oracle); tests/intake-validation.test.js:28 (table-driven required-field omissions); tests/intake-validation.test.js:175 (selected name fields, not every configured label)","High: direct code inspection.","No field-specific discrepancy identified; shared rules and limitations still apply.","Review and approve the documented current rule.","","Existing behavior audited; no changes made."
"personal","personal.last-name","Last Name","PERSONAL INFORMATION: exact Last Name. Plain or bold label; no field-label synonyms.","text in profile; text or null in parser","Fixed","Yes: exact plain label or bold label; mapping requires this section/record context.","Original pasted textarea only; not a full parsed-field display. Relevant validation/review rows show the label/reason. Later employee corrections appear in the correction ledger. Also contributes to copyable name/last-four summary when unique; full SSN remains in original input.","Yes, under this definition ID; repeated instances append @category-N. Present values and blanks transfer; absent optional values do not.","Always required","For every intake when validation runs (at least one section parsed). A fully absent/empty required section produces one grouped error; otherwise the field has its own missing error.","Never under the active Checker rule; no SSA interpretation added.","Checker reports missing only when the condition above applies. A present blank still transfers as missing/blocked; absence of an optional field creates no profile row.","Trim outer whitespace; preserve internal text and multiline values. Empty/whitespace or exact Not provided / *Not provided* (case-insensitive) becomes null. Exact label matching is case-sensitive. Adapter additionally treats N/A, NA, none provided, unknown, standalone not/provided, dashes/question marks, null/undefined/NaN, not applicable/not available, TBD, and Select/Choose prompts as missing. Literal No, false, 0 and None are not globally missing.","Nonmissing value containing any period produces an error. No other name-character rule.","No date rule.","No additional cross-field rule.","Checker does not generally flag duplicate labels. Adapter compares trimmed raw candidates in this scope: different strings, including blank versus supplied, block as conflict. Identical duplicates may be ready. Duplicate singleton sections or repeated record roots block as ambiguous. No candidate is selected for a conflict.","No general review trigger.","No answer default or inferred replacement. Date/boolean type encoding only when applicable.","Checker Reviewed hides the issue without changing the answer. A still-present error remains blocking in the profile even if reviewed. An acknowledged warning stops blocking unless another reason remains. General review flags never establish an answer.","Included if present (even blank) or emitted by validator requirements. Missing, unsupported type/meaning, raw conflict, ambiguous scope, any unparsed source text, any applicable error, or unacknowledged validation warning blocks. Otherwise ready automatically; no employee confirmation is invented. Absent optional fields are omitted.","Last Name is required but was not provided. | Periods are not allowed in person names. | PERSONAL INFORMATION is required but was not provided. | Profile: No established answer: blank or placeholder. | Profile: Competing values for the same field. Resolve them in the pasted intake. | Profile: Repeated or ambiguous source sections do not establish a unique subject. | Profile: The intake contains unparsed text. Resolve it in Intake Checker before using this profile.","intake-checker/rules.js:5; intake-checker/parser.js:28; ssa-intake-assistant/src/model/from-intake-checker.js:15; ssa-intake-assistant/src/model/from-intake-checker.js:43; ssa-intake-assistant/src/model/intake-contract.js:24; intake-checker/validation.js:174; intake-checker/intake-checker.js:61; intake-checker/intake-checker.js:123","ssa-intake-assistant/src/model/from-intake-checker.test.js:16 (catalog and all-definition synthetic transfer; not a format-validity oracle); tests/intake-validation.test.js:28 (table-driven required-field omissions); tests/intake-validation.test.js:175 (selected name fields, not every configured label)","High: direct code inspection.","No field-specific discrepancy identified; shared rules and limitations still apply.","Review and approve the documented current rule.","","Existing behavior audited; no changes made."
"personal","personal.gender","Gender","PERSONAL INFORMATION: exact Gender. Plain or bold label; no field-label synonyms.","text in profile; text or null in parser","Fixed","Yes: exact plain label or bold label; mapping requires this section/record context.","Original pasted textarea only; not a full parsed-field display. Relevant validation/review rows show the label/reason. Later employee corrections appear in the correction ledger.","Yes, under this definition ID; repeated instances append @category-N. Present values and blanks transfer; absent optional values do not.","Always required","For every intake when validation runs (at least one section parsed). A fully absent/empty required section produces one grouped error; otherwise the field has its own missing error.","Never under the active Checker rule; no SSA interpretation added.","Checker reports missing only when the condition above applies. A present blank still transfers as missing/blocked; absence of an optional field creates no profile row.","Trim outer whitespace; preserve internal text and multiline values. Empty/whitespace or exact Not provided / *Not provided* (case-insensitive) becomes null. Exact label matching is case-sensitive. Adapter additionally treats N/A, NA, none provided, unknown, standalone not/provided, dashes/question marks, null/undefined/NaN, not applicable/not available, TBD, and Select/Choose prompts as missing. Literal No, false, 0 and None are not globally missing.","Checker checks presence only when required; no other format, enum or numeric-range validation for this field.","No date rule.","No additional cross-field rule.","Checker does not generally flag duplicate labels. Adapter compares trimmed raw candidates in this scope: different strings, including blank versus supplied, block as conflict. Identical duplicates may be ready. Duplicate singleton sections or repeated record roots block as ambiguous. No candidate is selected for a conflict.","No general review trigger.","No answer default or inferred replacement. Date/boolean type encoding only when applicable.","Checker Reviewed hides the issue without changing the answer. A still-present error remains blocking in the profile even if reviewed. An acknowledged warning stops blocking unless another reason remains. General review flags never establish an answer.","Included if present (even blank) or emitted by validator requirements. Missing, unsupported type/meaning, raw conflict, ambiguous scope, any unparsed source text, any applicable error, or unacknowledged validation warning blocks. Otherwise ready automatically; no employee confirmation is invented. Absent optional fields are omitted.","Gender is required but was not provided. | PERSONAL INFORMATION is required but was not provided. | Profile: No established answer: blank or placeholder. | Profile: Competing values for the same field. Resolve them in the pasted intake. | Profile: Repeated or ambiguous source sections do not establish a unique subject. | Profile: The intake contains unparsed text. Resolve it in Intake Checker before using this profile.","intake-checker/rules.js:5; intake-checker/parser.js:28; ssa-intake-assistant/src/model/from-intake-checker.js:15; ssa-intake-assistant/src/model/from-intake-checker.js:43; ssa-intake-assistant/src/model/intake-contract.js:24; intake-checker/intake-checker.js:61; intake-checker/intake-checker.js:123","ssa-intake-assistant/src/model/from-intake-checker.test.js:16 (catalog and all-definition synthetic transfer; not a format-validity oracle); tests/intake-validation.test.js:28 (table-driven required-field omissions)","High: direct code inspection.","D05: value can be profile-ready without format, range or enumeration validation; presence is not proof of SSA suitability.","Specify any intended future validation separately; current behavior is recorded unchanged.","","Existing behavior audited; no changes made."
"personal","personal.social-security-number","Social Security Number","PERSONAL INFORMATION: exact Social Security Number. Plain or bold label; no field-label synonyms.","text in profile; text or null in parser","Fixed","Yes: exact plain label or bold label; mapping requires this section/record context.","Original pasted textarea only; not a full parsed-field display. Relevant validation/review rows show the label/reason. Later employee corrections appear in the correction ledger. Also contributes to copyable name/last-four summary when unique; full SSN remains in original input.","Yes, under this definition ID; repeated instances append @category-N. Present values and blanks transfer; absent optional values do not.","Always required","For every intake when validation runs (at least one section parsed). A fully absent/empty required section produces one grouped error; otherwise the field has its own missing error.","Never under the active Checker rule; no SSA interpretation added.","Checker reports missing only when the condition above applies. A present blank still transfers as missing/blocked; absence of an optional field creates no profile row.","Trim outer whitespace; preserve internal text and multiline values. Empty/whitespace or exact Not provided / *Not provided* (case-insensitive) becomes null. Exact label matching is case-sensitive. Adapter additionally treats N/A, NA, none provided, unknown, standalone not/provided, dashes/question marks, null/undefined/NaN, not applicable/not available, TBD, and Select/Choose prompts as missing. Literal No, false, 0 and None are not globally missing.","Checker checks presence only when required; no other format, enum or numeric-range validation for this field.","No date rule.","No additional cross-field rule.","Checker does not generally flag duplicate labels. Adapter compares trimmed raw candidates in this scope: different strings, including blank versus supplied, block as conflict. Identical duplicates may be ready. Duplicate singleton sections or repeated record roots block as ambiguous. No candidate is selected for a conflict.","No general review trigger.","No answer default or inferred replacement. Date/boolean type encoding only when applicable.","Checker Reviewed hides the issue without changing the answer. A still-present error remains blocking in the profile even if reviewed. An acknowledged warning stops blocking unless another reason remains. General review flags never establish an answer.","Included if present (even blank) or emitted by validator requirements. Missing, unsupported type/meaning, raw conflict, ambiguous scope, any unparsed source text, any applicable error, or unacknowledged validation warning blocks. Otherwise ready automatically; no employee confirmation is invented. Absent optional fields are omitted.","Social Security Number is required but was not provided. | PERSONAL INFORMATION is required but was not provided. | Profile: No established answer: blank or placeholder. | Profile: Competing values for the same field. Resolve them in the pasted intake. | Profile: Repeated or ambiguous source sections do not establish a unique subject. | Profile: The intake contains unparsed text. Resolve it in Intake Checker before using this profile.","intake-checker/rules.js:5; intake-checker/parser.js:28; ssa-intake-assistant/src/model/from-intake-checker.js:15; ssa-intake-assistant/src/model/from-intake-checker.js:43; ssa-intake-assistant/src/model/intake-contract.js:24; intake-checker/intake-checker.js:61; intake-checker/intake-checker.js:123","ssa-intake-assistant/src/model/from-intake-checker.test.js:16 (catalog and all-definition synthetic transfer; not a format-validity oracle); tests/intake-validation.test.js:28 (table-driven required-field omissions)","High: direct code inspection.","D05: value can be profile-ready without format, range or enumeration validation; presence is not proof of SSA suitability.","Specify any intended future validation separately; current behavior is recorded unchanged.","","Existing behavior audited; no changes made."
"personal","personal.phone-number","Phone Number","PERSONAL INFORMATION: exact Phone Number. Plain or bold label; no field-label synonyms.","text in profile; text or null in parser","Fixed","Yes: exact plain label or bold label; mapping requires this section/record context.","Original pasted textarea only; not a full parsed-field display. Relevant validation/review rows show the label/reason. Later employee corrections appear in the correction ledger.","Yes, under this definition ID; repeated instances append @category-N. Present values and blanks transfer; absent optional values do not.","Always required","For every intake when validation runs (at least one section parsed). A fully absent/empty required section produces one grouped error; otherwise the field has its own missing error.","Never under the active Checker rule; no SSA interpretation added.","Checker reports missing only when the condition above applies. A present blank still transfers as missing/blocked; absence of an optional field creates no profile row.","Trim outer whitespace; preserve internal text and multiline values. Empty/whitespace or exact Not provided / *Not provided* (case-insensitive) becomes null. Exact label matching is case-sensitive. Adapter additionally treats N/A, NA, none provided, unknown, standalone not/provided, dashes/question marks, null/undefined/NaN, not applicable/not available, TBD, and Select/Choose prompts as missing. Literal No, false, 0 and None are not globally missing.","Checker checks presence only when required; no other format, enum or numeric-range validation for this field.","No date rule.","No additional cross-field rule.","Checker does not generally flag duplicate labels. Adapter compares trimmed raw candidates in this scope: different strings, including blank versus supplied, block as conflict. Identical duplicates may be ready. Duplicate singleton sections or repeated record roots block as ambiguous. No candidate is selected for a conflict.","No general review trigger.","No answer default or inferred replacement. Date/boolean type encoding only when applicable.","Checker Reviewed hides the issue without changing the answer. A still-present error remains blocking in the profile even if reviewed. An acknowledged warning stops blocking unless another reason remains. General review flags never establish an answer.","Included if present (even blank) or emitted by validator requirements. Missing, unsupported type/meaning, raw conflict, ambiguous scope, any unparsed source text, any applicable error, or unacknowledged validation warning blocks. Otherwise ready automatically; no employee confirmation is invented. Absent optional fields are omitted.","Phone Number is required but was not provided. | PERSONAL INFORMATION is required but was not provided. | Profile: No established answer: blank or placeholder. | Profile: Competing values for the same field. Resolve them in the pasted intake. | Profile: Repeated or ambiguous source sections do not establish a unique subject. | Profile: The intake contains unparsed text. Resolve it in Intake Checker before using this profile.","intake-checker/rules.js:5; intake-checker/parser.js:28; ssa-intake-assistant/src/model/from-intake-checker.js:15; ssa-intake-assistant/src/model/from-intake-checker.js:43; ssa-intake-assistant/src/model/intake-contract.js:24; intake-checker/intake-checker.js:61; intake-checker/intake-checker.js:123","ssa-intake-assistant/src/model/from-intake-checker.test.js:16 (catalog and all-definition synthetic transfer; not a format-validity oracle); tests/intake-validation.test.js:28 (table-driven required-field omissions)","High: direct code inspection.","D05: value can be profile-ready without format, range or enumeration validation; presence is not proof of SSA suitability.","Specify any intended future validation separately; current behavior is recorded unchanged.","","Existing behavior audited; no changes made."
"personal","personal.email","Email","PERSONAL INFORMATION: exact Email. Plain or bold label; no field-label synonyms.","text in profile; text or null in parser","Fixed","Yes: exact plain label or bold label; mapping requires this section/record context.","Original pasted textarea only; not a full parsed-field display. Relevant validation/review rows show the label/reason. Later employee corrections appear in the correction ledger. Also shown verbatim as a copy button when unique.","Yes, under this definition ID; repeated instances append @category-N. Present values and blanks transfer; absent optional values do not.","Always required","For every intake when validation runs (at least one section parsed). A fully absent/empty required section produces one grouped error; otherwise the field has its own missing error.","Never under the active Checker rule; no SSA interpretation added.","Checker reports missing only when the condition above applies. A present blank still transfers as missing/blocked; absence of an optional field creates no profile row.","Trim outer whitespace; preserve internal text and multiline values. Empty/whitespace or exact Not provided / *Not provided* (case-insensitive) becomes null. Exact label matching is case-sensitive. Adapter additionally treats N/A, NA, none provided, unknown, standalone not/provided, dashes/question marks, null/undefined/NaN, not applicable/not available, TBD, and Select/Choose prompts as missing. Literal No, false, 0 and None are not globally missing.","Checker checks presence only when required; no other format, enum or numeric-range validation for this field.","No date rule.","No additional cross-field rule.","Checker does not generally flag duplicate labels. Adapter compares trimmed raw candidates in this scope: different strings, including blank versus supplied, block as conflict. Identical duplicates may be ready. Duplicate singleton sections or repeated record roots block as ambiguous. No candidate is selected for a conflict.","No general review trigger.","No answer default or inferred replacement. Date/boolean type encoding only when applicable.","Checker Reviewed hides the issue without changing the answer. A still-present error remains blocking in the profile even if reviewed. An acknowledged warning stops blocking unless another reason remains. General review flags never establish an answer.","Included if present (even blank) or emitted by validator requirements. Missing, unsupported type/meaning, raw conflict, ambiguous scope, any unparsed source text, any applicable error, or unacknowledged validation warning blocks. Otherwise ready automatically; no employee confirmation is invented. Absent optional fields are omitted.","Email is required but was not provided. | PERSONAL INFORMATION is required but was not provided. | Profile: No established answer: blank or placeholder. | Profile: Competing values for the same field. Resolve them in the pasted intake. | Profile: Repeated or ambiguous source sections do not establish a unique subject. | Profile: The intake contains unparsed text. Resolve it in Intake Checker before using this profile.","intake-checker/rules.js:5; intake-checker/parser.js:28; ssa-intake-assistant/src/model/from-intake-checker.js:15; ssa-intake-assistant/src/model/from-intake-checker.js:43; ssa-intake-assistant/src/model/intake-contract.js:24; intake-checker/intake-checker.js:61; intake-checker/intake-checker.js:123","ssa-intake-assistant/src/model/from-intake-checker.test.js:16 (catalog and all-definition synthetic transfer; not a format-validity oracle); tests/intake-validation.test.js:28 (table-driven required-field omissions)","High: direct code inspection.","D05: value can be profile-ready without format, range or enumeration validation; presence is not proof of SSA suitability.","Specify any intended future validation separately; current behavior is recorded unchanged.","","Existing behavior audited; no changes made."
"personal","personal.middle-name","Middle Name","PERSONAL INFORMATION: exact Middle Name. Plain or bold label; no field-label synonyms.","text in profile; text or null in parser","Fixed","Yes: exact plain label or bold label; mapping requires this section/record context.","Original pasted textarea only; not a full parsed-field display. Relevant validation/review rows show the label/reason. Later employee corrections appear in the correction ledger.","Yes, under this definition ID; repeated instances append @category-N. Present values and blanks transfer; absent optional values do not.","Optional","No missing-field requirement in Checker.","May be absent or blank without a Checker missing-field error.","Checker accepts absence/blank. A present blank still transfers as missing/blocked; absence of an optional field creates no profile row.","Trim outer whitespace; preserve internal text and multiline values. Empty/whitespace or exact Not provided / *Not provided* (case-insensitive) becomes null. Exact label matching is case-sensitive. Adapter additionally treats N/A, NA, none provided, unknown, standalone not/provided, dashes/question marks, null/undefined/NaN, not applicable/not available, TBD, and Select/Choose prompts as missing. Literal No, false, 0 and None are not globally missing.","Nonmissing value containing any period produces an error. No other name-character rule.","No date rule.","No additional cross-field rule.","Checker does not generally flag duplicate labels. Adapter compares trimmed raw candidates in this scope: different strings, including blank versus supplied, block as conflict. Identical duplicates may be ready. Duplicate singleton sections or repeated record roots block as ambiguous. No candidate is selected for a conflict.","No general review trigger.","No answer default or inferred replacement. Date/boolean type encoding only when applicable.","Checker Reviewed hides the issue without changing the answer. A still-present error remains blocking in the profile even if reviewed. An acknowledged warning stops blocking unless another reason remains. General review flags never establish an answer.","Included if present (even blank) or emitted by validator requirements. Missing, unsupported type/meaning, raw conflict, ambiguous scope, any unparsed source text, any applicable error, or unacknowledged validation warning blocks. Otherwise ready automatically; no employee confirmation is invented. Absent optional fields are omitted.","Periods are not allowed in person names. | Profile: No established answer: blank or placeholder. | Profile: Competing values for the same field. Resolve them in the pasted intake. | Profile: Repeated or ambiguous source sections do not establish a unique subject. | Profile: The intake contains unparsed text. Resolve it in Intake Checker before using this profile.","intake-checker/rules.js:6; intake-checker/parser.js:28; ssa-intake-assistant/src/model/from-intake-checker.js:15; ssa-intake-assistant/src/model/from-intake-checker.js:43; ssa-intake-assistant/src/model/intake-contract.js:24; intake-checker/validation.js:174; intake-checker/intake-checker.js:61; intake-checker/intake-checker.js:123","ssa-intake-assistant/src/model/from-intake-checker.test.js:16 (catalog and all-definition synthetic transfer; not a format-validity oracle); tests/intake-validation.test.js:175 (selected name fields, not every configured label)","High: direct code inspection.","No field-specific discrepancy identified; shared rules and limitations still apply.","Review and approve the documented current rule.","","Existing behavior audited; no changes made."
"personal","personal.suffix","Suffix","PERSONAL INFORMATION: exact Suffix. Plain or bold label; no field-label synonyms.","text in profile; text or null in parser","Fixed","Yes: exact plain label or bold label; mapping requires this section/record context.","Original pasted textarea only; not a full parsed-field display. Relevant validation/review rows show the label/reason. Later employee corrections appear in the correction ledger.","Yes, under this definition ID; repeated instances append @category-N. Present values and blanks transfer; absent optional values do not.","Optional","No missing-field requirement in Checker.","May be absent or blank without a Checker missing-field error.","Checker accepts absence/blank. A present blank still transfers as missing/blocked; absence of an optional field creates no profile row.","Trim outer whitespace; preserve internal text and multiline values. Empty/whitespace or exact Not provided / *Not provided* (case-insensitive) becomes null. Exact label matching is case-sensitive. Adapter additionally treats N/A, NA, none provided, unknown, standalone not/provided, dashes/question marks, null/undefined/NaN, not applicable/not available, TBD, and Select/Choose prompts as missing. Literal No, false, 0 and None are not globally missing.","Nonmissing value containing any period produces an error. No other name-character rule.","No date rule.","No additional cross-field rule.","Checker does not generally flag duplicate labels. Adapter compares trimmed raw candidates in this scope: different strings, including blank versus supplied, block as conflict. Identical duplicates may be ready. Duplicate singleton sections or repeated record roots block as ambiguous. No candidate is selected for a conflict.","No general review trigger.","No answer default or inferred replacement. Date/boolean type encoding only when applicable.","Checker Reviewed hides the issue without changing the answer. A still-present error remains blocking in the profile even if reviewed. An acknowledged warning stops blocking unless another reason remains. General review flags never establish an answer.","Included if present (even blank) or emitted by validator requirements. Missing, unsupported type/meaning, raw conflict, ambiguous scope, any unparsed source text, any applicable error, or unacknowledged validation warning blocks. Otherwise ready automatically; no employee confirmation is invented. Absent optional fields are omitted.","Periods are not allowed in person names. | Profile: No established answer: blank or placeholder. | Profile: Competing values for the same field. Resolve them in the pasted intake. | Profile: Repeated or ambiguous source sections do not establish a unique subject. | Profile: The intake contains unparsed text. Resolve it in Intake Checker before using this profile.","intake-checker/rules.js:6; intake-checker/parser.js:28; ssa-intake-assistant/src/model/from-intake-checker.js:15; ssa-intake-assistant/src/model/from-intake-checker.js:43; ssa-intake-assistant/src/model/intake-contract.js:24; intake-checker/validation.js:174; intake-checker/intake-checker.js:61; intake-checker/intake-checker.js:123","ssa-intake-assistant/src/model/from-intake-checker.test.js:16 (catalog and all-definition synthetic transfer; not a format-validity oracle); tests/intake-validation.test.js:175 (selected name fields, not every configured label)","High: direct code inspection.","No field-specific discrepancy identified; shared rules and limitations still apply.","Review and approve the documented current rule.","","Existing behavior audited; no changes made."
"personal","personal.nickname","Nickname","PERSONAL INFORMATION: exact Nickname. Plain or bold label; no field-label synonyms.","text in profile; text or null in parser","Fixed","Yes: exact plain label or bold label; mapping requires this section/record context.","Original pasted textarea only; not a full parsed-field display. Relevant validation/review rows show the label/reason. Later employee corrections appear in the correction ledger.","Yes, under this definition ID; repeated instances append @category-N. Present values and blanks transfer; absent optional values do not.","Optional","No missing-field requirement in Checker.","May be absent or blank without a Checker missing-field error.","Checker accepts absence/blank. A present blank still transfers as missing/blocked; absence of an optional field creates no profile row.","Trim outer whitespace; preserve internal text and multiline values. Empty/whitespace or exact Not provided / *Not provided* (case-insensitive) becomes null. Exact label matching is case-sensitive. Adapter additionally treats N/A, NA, none provided, unknown, standalone not/provided, dashes/question marks, null/undefined/NaN, not applicable/not available, TBD, and Select/Choose prompts as missing. Literal No, false, 0 and None are not globally missing.","Nonmissing value containing any period produces an error. No other name-character rule.","No date rule.","No additional cross-field rule.","Checker does not generally flag duplicate labels. Adapter compares trimmed raw candidates in this scope: different strings, including blank versus supplied, block as conflict. Identical duplicates may be ready. Duplicate singleton sections or repeated record roots block as ambiguous. No candidate is selected for a conflict.","No general review trigger.","No answer default or inferred replacement. Date/boolean type encoding only when applicable.","Checker Reviewed hides the issue without changing the answer. A still-present error remains blocking in the profile even if reviewed. An acknowledged warning stops blocking unless another reason remains. General review flags never establish an answer.","Included if present (even blank) or emitted by validator requirements. Missing, unsupported type/meaning, raw conflict, ambiguous scope, any unparsed source text, any applicable error, or unacknowledged validation warning blocks. Otherwise ready automatically; no employee confirmation is invented. Absent optional fields are omitted.","Periods are not allowed in person names. | Profile: No established answer: blank or placeholder. | Profile: Competing values for the same field. Resolve them in the pasted intake. | Profile: Repeated or ambiguous source sections do not establish a unique subject. | Profile: The intake contains unparsed text. Resolve it in Intake Checker before using this profile.","intake-checker/rules.js:6; intake-checker/parser.js:28; ssa-intake-assistant/src/model/from-intake-checker.js:15; ssa-intake-assistant/src/model/from-intake-checker.js:43; ssa-intake-assistant/src/model/intake-contract.js:24; intake-checker/validation.js:174; intake-checker/intake-checker.js:61; intake-checker/intake-checker.js:123","ssa-intake-assistant/src/model/from-intake-checker.test.js:16 (catalog and all-definition synthetic transfer; not a format-validity oracle); tests/intake-validation.test.js:175 (selected name fields, not every configured label)","High: direct code inspection.","No field-specific discrepancy identified; shared rules and limitations still apply.","Review and approve the documented current rule.","","Existing behavior audited; no changes made."
"personal","personal.preferred-contact-method","Preferred Contact Method","PERSONAL INFORMATION: exact Preferred Contact Method. Plain or bold label; no field-label synonyms.","text in profile; text or null in parser","Fixed","Yes: exact plain label or bold label; mapping requires this section/record context.","Original pasted textarea only; not a full parsed-field display. Relevant validation/review rows show the label/reason. Later employee corrections appear in the correction ledger.","Yes, under this definition ID; repeated instances append @category-N. Present values and blanks transfer; absent optional values do not.","Optional","No missing-field requirement in Checker.","May be absent or blank without a Checker missing-field error.","Checker accepts absence/blank. A present blank still transfers as missing/blocked; absence of an optional field creates no profile row.","Trim outer whitespace; preserve internal text and multiline values. Empty/whitespace or exact Not provided / *Not provided* (case-insensitive) becomes null. Exact label matching is case-sensitive. Adapter additionally treats N/A, NA, none provided, unknown, standalone not/provided, dashes/question marks, null/undefined/NaN, not applicable/not available, TBD, and Select/Choose prompts as missing. Literal No, false, 0 and None are not globally missing.","Checker checks presence only when required; no other format, enum or numeric-range validation for this field.","No date rule.","No additional cross-field rule.","Checker does not generally flag duplicate labels. Adapter compares trimmed raw candidates in this scope: different strings, including blank versus supplied, block as conflict. Identical duplicates may be ready. Duplicate singleton sections or repeated record roots block as ambiguous. No candidate is selected for a conflict.","No general review trigger.","No answer default or inferred replacement. Date/boolean type encoding only when applicable.","Checker Reviewed hides the issue without changing the answer. A still-present error remains blocking in the profile even if reviewed. An acknowledged warning stops blocking unless another reason remains. General review flags never establish an answer.","Included if present (even blank) or emitted by validator requirements. Missing, unsupported type/meaning, raw conflict, ambiguous scope, any unparsed source text, any applicable error, or unacknowledged validation warning blocks. Otherwise ready automatically; no employee confirmation is invented. Absent optional fields are omitted.","Profile: No established answer: blank or placeholder. | Profile: Competing values for the same field. Resolve them in the pasted intake. | Profile: Repeated or ambiguous source sections do not establish a unique subject. | Profile: The intake contains unparsed text. Resolve it in Intake Checker before using this profile.","intake-checker/rules.js:6; intake-checker/parser.js:28; ssa-intake-assistant/src/model/from-intake-checker.js:15; ssa-intake-assistant/src/model/from-intake-checker.js:43; ssa-intake-assistant/src/model/intake-contract.js:24; intake-checker/intake-checker.js:61; intake-checker/intake-checker.js:123","ssa-intake-assistant/src/model/from-intake-checker.test.js:16 (catalog and all-definition synthetic transfer; not a format-validity oracle)","High: direct code inspection.","No field-specific discrepancy identified; shared rules and limitations still apply.","Review and approve the documented current rule.","","Existing behavior audited; no changes made."
"personal","personal.alternate-phone","Alternate Phone","PERSONAL INFORMATION: exact Alternate Phone. Plain or bold label; no field-label synonyms.","text in profile; text or null in parser","Fixed","Yes: exact plain label or bold label; mapping requires this section/record context.","Original pasted textarea only; not a full parsed-field display. Relevant validation/review rows show the label/reason. Later employee corrections appear in the correction ledger.","Yes, under this definition ID; repeated instances append @category-N. Present values and blanks transfer; absent optional values do not.","Optional","No missing-field requirement in Checker.","May be absent or blank without a Checker missing-field error.","Checker accepts absence/blank. A present blank still transfers as missing/blocked; absence of an optional field creates no profile row.","Trim outer whitespace; preserve internal text and multiline values. Empty/whitespace or exact Not provided / *Not provided* (case-insensitive) becomes null. Exact label matching is case-sensitive. Adapter additionally treats N/A, NA, none provided, unknown, standalone not/provided, dashes/question marks, null/undefined/NaN, not applicable/not available, TBD, and Select/Choose prompts as missing. Literal No, false, 0 and None are not globally missing.","Checker checks presence only when required; no other format, enum or numeric-range validation for this field.","No date rule.","No additional cross-field rule.","Checker does not generally flag duplicate labels. Adapter compares trimmed raw candidates in this scope: different strings, including blank versus supplied, block as conflict. Identical duplicates may be ready. Duplicate singleton sections or repeated record roots block as ambiguous. No candidate is selected for a conflict.","No general review trigger.","No answer default or inferred replacement. Date/boolean type encoding only when applicable.","Checker Reviewed hides the issue without changing the answer. A still-present error remains blocking in the profile even if reviewed. An acknowledged warning stops blocking unless another reason remains. General review flags never establish an answer.","Included if present (even blank) or emitted by validator requirements. Missing, unsupported type/meaning, raw conflict, ambiguous scope, any unparsed source text, any applicable error, or unacknowledged validation warning blocks. Otherwise ready automatically; no employee confirmation is invented. Absent optional fields are omitted.","Profile: No established answer: blank or placeholder. | Profile: Competing values for the same field. Resolve them in the pasted intake. | Profile: Repeated or ambiguous source sections do not establish a unique subject. | Profile: The intake contains unparsed text. Resolve it in Intake Checker before using this profile.","intake-checker/rules.js:6; intake-checker/parser.js:28; ssa-intake-assistant/src/model/from-intake-checker.js:15; ssa-intake-assistant/src/model/from-intake-checker.js:43; ssa-intake-assistant/src/model/intake-contract.js:24; intake-checker/intake-checker.js:61; intake-checker/intake-checker.js:123","ssa-intake-assistant/src/model/from-intake-checker.test.js:16 (catalog and all-definition synthetic transfer; not a format-validity oracle)","High: direct code inspection.","D05: value can be profile-ready without format, range or enumeration validation; presence is not proof of SSA suitability.","Specify any intended future validation separately; current behavior is recorded unchanged.","","Existing behavior audited; no changes made."
"personal","personal.secondary-phone","Secondary Phone","PERSONAL INFORMATION: exact Secondary Phone. Plain or bold label; no field-label synonyms.","text in profile; text or null in parser","Fixed","Yes: exact plain label or bold label; mapping requires this section/record context.","Original pasted textarea only; not a full parsed-field display. Relevant validation/review rows show the label/reason. Later employee corrections appear in the correction ledger.","Yes, under this definition ID; repeated instances append @category-N. Present values and blanks transfer; absent optional values do not.","Optional","No missing-field requirement in Checker.","May be absent or blank without a Checker missing-field error.","Checker accepts absence/blank. A present blank still transfers as missing/blocked; absence of an optional field creates no profile row.","Trim outer whitespace; preserve internal text and multiline values. Empty/whitespace or exact Not provided / *Not provided* (case-insensitive) becomes null. Exact label matching is case-sensitive. Adapter additionally treats N/A, NA, none provided, unknown, standalone not/provided, dashes/question marks, null/undefined/NaN, not applicable/not available, TBD, and Select/Choose prompts as missing. Literal No, false, 0 and None are not globally missing.","Checker checks presence only when required; no other format, enum or numeric-range validation for this field.","No date rule.","No additional cross-field rule.","Checker does not generally flag duplicate labels. Adapter compares trimmed raw candidates in this scope: different strings, including blank versus supplied, block as conflict. Identical duplicates may be ready. Duplicate singleton sections or repeated record roots block as ambiguous. No candidate is selected for a conflict.","No general review trigger.","No answer default or inferred replacement. Date/boolean type encoding only when applicable.","Checker Reviewed hides the issue without changing the answer. A still-present error remains blocking in the profile even if reviewed. An acknowledged warning stops blocking unless another reason remains. General review flags never establish an answer.","Included if present (even blank) or emitted by validator requirements. Missing, unsupported type/meaning, raw conflict, ambiguous scope, any unparsed source text, any applicable error, or unacknowledged validation warning blocks. Otherwise ready automatically; no employee confirmation is invented. Absent optional fields are omitted.","Profile: No established answer: blank or placeholder. | Profile: Competing values for the same field. Resolve them in the pasted intake. | Profile: Repeated or ambiguous source sections do not establish a unique subject. | Profile: The intake contains unparsed text. Resolve it in Intake Checker before using this profile.","intake-checker/rules.js:6; intake-checker/parser.js:28; ssa-intake-assistant/src/model/from-intake-checker.js:15; ssa-intake-assistant/src/model/from-intake-checker.js:43; ssa-intake-assistant/src/model/intake-contract.js:24; intake-checker/intake-checker.js:61; intake-checker/intake-checker.js:123","ssa-intake-assistant/src/model/from-intake-checker.test.js:16 (catalog and all-definition synthetic transfer; not a format-validity oracle)","High: direct code inspection.","D05: value can be profile-ready without format, range or enumeration validation; presence is not proof of SSA suitability.","Specify any intended future validation separately; current behavior is recorded unchanged.","","Existing behavior audited; no changes made."
"birth","birth.date-of-birth","Date of Birth","BIRTH INFORMATION: exact Date of Birth. Plain or bold label; no field-label synonyms.","date in profile; text or null in parser","Fixed","Yes: exact plain label or bold label; mapping requires this section/record context.","Original pasted textarea only; not a full parsed-field display. Relevant validation/review rows show the label/reason. Later employee corrections appear in the correction ledger.","Yes, under this definition ID; repeated instances append @category-N. Present values and blanks transfer; absent optional values do not.","Always required","For every intake when validation runs (at least one section parsed). A fully absent/empty required section produces one grouped error; otherwise the field has its own missing error.","Never under the active Checker rule; no SSA interpretation added.","Checker reports missing only when the condition above applies. A present blank still transfers as missing/blocked; absence of an optional field creates no profile row.","Trim outer whitespace; preserve internal text and multiline values. Empty/whitespace or exact Not provided / *Not provided* (case-insensitive) becomes null. Exact label matching is case-sensitive. Adapter additionally treats N/A, NA, none provided, unknown, standalone not/provided, dashes/question marks, null/undefined/NaN, not applicable/not available, TBD, and Select/Choose prompts as missing. Literal No, false, 0 and None are not globally missing.","Checker checks presence only when required; no other format, enum or numeric-range validation for this field.","Profile accepts YYYY-M[-D], M/D/YYYY, M/YYYY, English full/three-letter month plus optional day and four-digit year. Leap/calendar validity and year >=1000 required. Encodes YYYY-MM or YYYY-MM-DD with precision; invalid/unsupported date becomes missing. No general future-date or age restriction.","No additional cross-field rule.","Checker does not generally flag duplicate labels. Adapter compares trimmed raw candidates in this scope: different strings, including blank versus supplied, block as conflict. Identical duplicates may be ready. Duplicate singleton sections or repeated record roots block as ambiguous. No candidate is selected for a conflict.","No general review trigger.","No answer default or inferred replacement. Date/boolean type encoding only when applicable.","Checker Reviewed hides the issue without changing the answer. A still-present error remains blocking in the profile even if reviewed. An acknowledged warning stops blocking unless another reason remains. General review flags never establish an answer.","Included if present (even blank) or emitted by validator requirements. Missing, unsupported type/meaning, raw conflict, ambiguous scope, any unparsed source text, any applicable error, or unacknowledged validation warning blocks. Otherwise ready automatically; no employee confirmation is invented. Absent optional fields are omitted.","Date of Birth is required but was not provided. | BIRTH INFORMATION is required but was not provided. | Profile: No established answer: blank or placeholder. | Profile: Competing values for the same field. Resolve them in the pasted intake. | Profile: Repeated or ambiguous source sections do not establish a unique subject. | Profile: The intake contains unparsed text. Resolve it in Intake Checker before using this profile. | Profile: No valid calendar date in a supported Intake Checker format.","intake-checker/rules.js:8; intake-checker/parser.js:28; ssa-intake-assistant/src/model/from-intake-checker.js:15; ssa-intake-assistant/src/model/from-intake-checker.js:43; ssa-intake-assistant/src/model/intake-contract.js:24; intake-checker/validation.js:8; intake-checker/intake-checker.js:61; intake-checker/intake-checker.js:123","ssa-intake-assistant/src/model/from-intake-checker.test.js:16 (catalog and all-definition synthetic transfer; not a format-validity oracle); tests/intake-validation.test.js:28 (table-driven required-field omissions); tests/intake-validation.test.js:112; ssa-intake-assistant/src/model/from-intake-checker.test.js:62; M06: boundary gaps in summary.","High: direct code inspection.","No field-specific discrepancy identified; shared rules and limitations still apply.","Review and approve the documented current rule.","","Existing behavior audited; no changes made."
"birth","birth.city-of-birth","City of Birth","BIRTH INFORMATION: exact City of Birth. Plain or bold label; no field-label synonyms.","text in profile; text or null in parser","Fixed","Yes: exact plain label or bold label; mapping requires this section/record context.","Original pasted textarea only; not a full parsed-field display. Relevant validation/review rows show the label/reason. Later employee corrections appear in the correction ledger.","Yes, under this definition ID; repeated instances append @category-N. Present values and blanks transfer; absent optional values do not.","Always required","For every intake when validation runs (at least one section parsed). A fully absent/empty required section produces one grouped error; otherwise the field has its own missing error.","Never under the active Checker rule; no SSA interpretation added.","Checker reports missing only when the condition above applies. A present blank still transfers as missing/blocked; absence of an optional field creates no profile row.","Trim outer whitespace; preserve internal text and multiline values. Empty/whitespace or exact Not provided / *Not provided* (case-insensitive) becomes null. Exact label matching is case-sensitive. Adapter additionally treats N/A, NA, none provided, unknown, standalone not/provided, dashes/question marks, null/undefined/NaN, not applicable/not available, TBD, and Select/Choose prompts as missing. Literal No, false, 0 and None are not globally missing.","Checker checks presence only when required; no other format, enum or numeric-range validation for this field.","No date rule.","No additional cross-field rule.","Checker does not generally flag duplicate labels. Adapter compares trimmed raw candidates in this scope: different strings, including blank versus supplied, block as conflict. Identical duplicates may be ready. Duplicate singleton sections or repeated record roots block as ambiguous. No candidate is selected for a conflict.","No general review trigger.","No answer default or inferred replacement. Date/boolean type encoding only when applicable.","Checker Reviewed hides the issue without changing the answer. A still-present error remains blocking in the profile even if reviewed. An acknowledged warning stops blocking unless another reason remains. General review flags never establish an answer.","Included if present (even blank) or emitted by validator requirements. Missing, unsupported type/meaning, raw conflict, ambiguous scope, any unparsed source text, any applicable error, or unacknowledged validation warning blocks. Otherwise ready automatically; no employee confirmation is invented. Absent optional fields are omitted.","City of Birth is required but was not provided. | BIRTH INFORMATION is required but was not provided. | Profile: No established answer: blank or placeholder. | Profile: Competing values for the same field. Resolve them in the pasted intake. | Profile: Repeated or ambiguous source sections do not establish a unique subject. | Profile: The intake contains unparsed text. Resolve it in Intake Checker before using this profile.","intake-checker/rules.js:8; intake-checker/parser.js:28; ssa-intake-assistant/src/model/from-intake-checker.js:15; ssa-intake-assistant/src/model/from-intake-checker.js:43; ssa-intake-assistant/src/model/intake-contract.js:24; intake-checker/intake-checker.js:61; intake-checker/intake-checker.js:123","ssa-intake-assistant/src/model/from-intake-checker.test.js:16 (catalog and all-definition synthetic transfer; not a format-validity oracle); tests/intake-validation.test.js:28 (table-driven required-field omissions)","High: direct code inspection.","No field-specific discrepancy identified; shared rules and limitations still apply.","Review and approve the documented current rule.","","Existing behavior audited; no changes made."
"birth","birth.state-of-birth","State of Birth","BIRTH INFORMATION: exact State of Birth. Plain or bold label; no field-label synonyms.","text in profile; text or null in parser","Fixed","Yes: exact plain label or bold label; mapping requires this section/record context.","Original pasted textarea only; not a full parsed-field display. Relevant validation/review rows show the label/reason. Later employee corrections appear in the correction ledger.","Yes, under this definition ID; repeated instances append @category-N. Present values and blanks transfer; absent optional values do not.","Always required","For every intake when validation runs (at least one section parsed). A fully absent/empty required section produces one grouped error; otherwise the field has its own missing error.","Never under the active Checker rule; no SSA interpretation added.","Checker reports missing only when the condition above applies. A present blank still transfers as missing/blocked; absence of an optional field creates no profile row.","Trim outer whitespace; preserve internal text and multiline values. Empty/whitespace or exact Not provided / *Not provided* (case-insensitive) becomes null. Exact label matching is case-sensitive. Adapter additionally treats N/A, NA, none provided, unknown, standalone not/provided, dashes/question marks, null/undefined/NaN, not applicable/not available, TBD, and Select/Choose prompts as missing. Literal No, false, 0 and None are not globally missing.","Checker checks presence only when required; no other format, enum or numeric-range validation for this field.","No date rule.","No additional cross-field rule.","Checker does not generally flag duplicate labels. Adapter compares trimmed raw candidates in this scope: different strings, including blank versus supplied, block as conflict. Identical duplicates may be ready. Duplicate singleton sections or repeated record roots block as ambiguous. No candidate is selected for a conflict.","No general review trigger.","No answer default or inferred replacement. Date/boolean type encoding only when applicable.","Checker Reviewed hides the issue without changing the answer. A still-present error remains blocking in the profile even if reviewed. An acknowledged warning stops blocking unless another reason remains. General review flags never establish an answer.","Included if present (even blank) or emitted by validator requirements. Missing, unsupported type/meaning, raw conflict, ambiguous scope, any unparsed source text, any applicable error, or unacknowledged validation warning blocks. Otherwise ready automatically; no employee confirmation is invented. Absent optional fields are omitted.","State of Birth is required but was not provided. | BIRTH INFORMATION is required but was not provided. | Profile: No established answer: blank or placeholder. | Profile: Competing values for the same field. Resolve them in the pasted intake. | Profile: Repeated or ambiguous source sections do not establish a unique subject. | Profile: The intake contains unparsed text. Resolve it in Intake Checker before using this profile.","intake-checker/rules.js:8; intake-checker/parser.js:28; ssa-intake-assistant/src/model/from-intake-checker.js:15; ssa-intake-assistant/src/model/from-intake-checker.js:43; ssa-intake-assistant/src/model/intake-contract.js:24; intake-checker/intake-checker.js:61; intake-checker/intake-checker.js:123","ssa-intake-assistant/src/model/from-intake-checker.test.js:16 (catalog and all-definition synthetic transfer; not a format-validity oracle); tests/intake-validation.test.js:28 (table-driven required-field omissions)","High: direct code inspection.","No field-specific discrepancy identified; shared rules and limitations still apply.","Review and approve the documented current rule.","","Existing behavior audited; no changes made."
"birth","birth.country-of-birth","Country of Birth","BIRTH INFORMATION: exact Country of Birth. Plain or bold label; no field-label synonyms.","text in profile; text or null in parser","Fixed","Yes: exact plain label or bold label; mapping requires this section/record context.","Original pasted textarea only; not a full parsed-field display. Relevant validation/review rows show the label/reason. Later employee corrections appear in the correction ledger.","Yes, under this definition ID; repeated instances append @category-N. Present values and blanks transfer; absent optional values do not.","Always required","For every intake when validation runs (at least one section parsed). A fully absent/empty required section produces one grouped error; otherwise the field has its own missing error.","Never under the active Checker rule; no SSA interpretation added.","Checker reports missing only when the condition above applies. A present blank still transfers as missing/blocked; absence of an optional field creates no profile row.","Trim outer whitespace; preserve internal text and multiline values. Empty/whitespace or exact Not provided / *Not provided* (case-insensitive) becomes null. Exact label matching is case-sensitive. Adapter additionally treats N/A, NA, none provided, unknown, standalone not/provided, dashes/question marks, null/undefined/NaN, not applicable/not available, TBD, and Select/Choose prompts as missing. Literal No, false, 0 and None are not globally missing.","Checker checks presence only when required; no other format, enum or numeric-range validation for this field.","No date rule.","No additional cross-field rule.","Checker does not generally flag duplicate labels. Adapter compares trimmed raw candidates in this scope: different strings, including blank versus supplied, block as conflict. Identical duplicates may be ready. Duplicate singleton sections or repeated record roots block as ambiguous. No candidate is selected for a conflict.","No general review trigger.","No answer default or inferred replacement. Date/boolean type encoding only when applicable.","Checker Reviewed hides the issue without changing the answer. A still-present error remains blocking in the profile even if reviewed. An acknowledged warning stops blocking unless another reason remains. General review flags never establish an answer.","Included if present (even blank) or emitted by validator requirements. Missing, unsupported type/meaning, raw conflict, ambiguous scope, any unparsed source text, any applicable error, or unacknowledged validation warning blocks. Otherwise ready automatically; no employee confirmation is invented. Absent optional fields are omitted.","Country of Birth is required but was not provided. | BIRTH INFORMATION is required but was not provided. | Profile: No established answer: blank or placeholder. | Profile: Competing values for the same field. Resolve them in the pasted intake. | Profile: Repeated or ambiguous source sections do not establish a unique subject. | Profile: The intake contains unparsed text. Resolve it in Intake Checker before using this profile.","intake-checker/rules.js:8; intake-checker/parser.js:28; ssa-intake-assistant/src/model/from-intake-checker.js:15; ssa-intake-assistant/src/model/from-intake-checker.js:43; ssa-intake-assistant/src/model/intake-contract.js:24; intake-checker/intake-checker.js:61; intake-checker/intake-checker.js:123","ssa-intake-assistant/src/model/from-intake-checker.test.js:16 (catalog and all-definition synthetic transfer; not a format-validity oracle); tests/intake-validation.test.js:28 (table-driven required-field omissions)","High: direct code inspection.","No field-specific discrepancy identified; shared rules and limitations still apply.","Review and approve the documented current rule.","","Existing behavior audited; no changes made."
"address","address.mailing-address-street-address","Mailing Address - Street Address","ADDRESS INFORMATION: exact Mailing Address - Street Address. Plain or bold label; no field-label synonyms.","text in profile; text or null in parser","Fixed","Yes: exact plain label or bold label; mapping requires this section/record context.","Original pasted textarea only; not a full parsed-field display. Relevant validation/review rows show the label/reason. Later employee corrections appear in the correction ledger.","Yes, under this definition ID; repeated instances append @category-N. Present values and blanks transfer; absent optional values do not.","Always required","For every intake when validation runs (at least one section parsed). A fully absent/empty required section produces one grouped error; otherwise the field has its own missing error.","Never under the active Checker rule; no SSA interpretation added.","Checker reports missing only when the condition above applies. A present blank still transfers as missing/blocked; absence of an optional field creates no profile row.","Trim outer whitespace; preserve internal text and multiline values. Empty/whitespace or exact Not provided / *Not provided* (case-insensitive) becomes null. Exact label matching is case-sensitive. Adapter additionally treats N/A, NA, none provided, unknown, standalone not/provided, dashes/question marks, null/undefined/NaN, not applicable/not available, TBD, and Select/Choose prompts as missing. Literal No, false, 0 and None are not globally missing.","Checker checks presence only when required; no other format, enum or numeric-range validation for this field.","No date rule.","No additional cross-field rule.","Checker does not generally flag duplicate labels. Adapter compares trimmed raw candidates in this scope: different strings, including blank versus supplied, block as conflict. Identical duplicates may be ready. Duplicate singleton sections or repeated record roots block as ambiguous. No candidate is selected for a conflict.","No general review trigger.","No answer default or inferred replacement. Date/boolean type encoding only when applicable.","Checker Reviewed hides the issue without changing the answer. A still-present error remains blocking in the profile even if reviewed. An acknowledged warning stops blocking unless another reason remains. General review flags never establish an answer.","Included if present (even blank) or emitted by validator requirements. Missing, unsupported type/meaning, raw conflict, ambiguous scope, any unparsed source text, any applicable error, or unacknowledged validation warning blocks. Otherwise ready automatically; no employee confirmation is invented. Absent optional fields are omitted.","Mailing Address - Street Address is required but was not provided. | ADDRESS INFORMATION is required but was not provided. | Profile: No established answer: blank or placeholder. | Profile: Competing values for the same field. Resolve them in the pasted intake. | Profile: Repeated or ambiguous source sections do not establish a unique subject. | Profile: The intake contains unparsed text. Resolve it in Intake Checker before using this profile.","intake-checker/rules.js:10; intake-checker/parser.js:28; ssa-intake-assistant/src/model/from-intake-checker.js:15; ssa-intake-assistant/src/model/from-intake-checker.js:43; ssa-intake-assistant/src/model/intake-contract.js:24; intake-checker/intake-checker.js:61; intake-checker/intake-checker.js:123","ssa-intake-assistant/src/model/from-intake-checker.test.js:16 (catalog and all-definition synthetic transfer; not a format-validity oracle); tests/intake-validation.test.js:28 (table-driven required-field omissions)","High: direct code inspection.","No field-specific discrepancy identified; shared rules and limitations still apply.","Review and approve the documented current rule.","","Existing behavior audited; no changes made."
"address","address.mailing-address-city","Mailing Address - City","ADDRESS INFORMATION: exact Mailing Address - City. Plain or bold label; no field-label synonyms.","text in profile; text or null in parser","Fixed","Yes: exact plain label or bold label; mapping requires this section/record context.","Original pasted textarea only; not a full parsed-field display. Relevant validation/review rows show the label/reason. Later employee corrections appear in the correction ledger.","Yes, under this definition ID; repeated instances append @category-N. Present values and blanks transfer; absent optional values do not.","Always required","For every intake when validation runs (at least one section parsed). A fully absent/empty required section produces one grouped error; otherwise the field has its own missing error.","Never under the active Checker rule; no SSA interpretation added.","Checker reports missing only when the condition above applies. A present blank still transfers as missing/blocked; absence of an optional field creates no profile row.","Trim outer whitespace; preserve internal text and multiline values. Empty/whitespace or exact Not provided / *Not provided* (case-insensitive) becomes null. Exact label matching is case-sensitive. Adapter additionally treats N/A, NA, none provided, unknown, standalone not/provided, dashes/question marks, null/undefined/NaN, not applicable/not available, TBD, and Select/Choose prompts as missing. Literal No, false, 0 and None are not globally missing.","Checker checks presence only when required; no other format, enum or numeric-range validation for this field.","No date rule.","No additional cross-field rule.","Checker does not generally flag duplicate labels. Adapter compares trimmed raw candidates in this scope: different strings, including blank versus supplied, block as conflict. Identical duplicates may be ready. Duplicate singleton sections or repeated record roots block as ambiguous. No candidate is selected for a conflict.","No general review trigger.","No answer default or inferred replacement. Date/boolean type encoding only when applicable.","Checker Reviewed hides the issue without changing the answer. A still-present error remains blocking in the profile even if reviewed. An acknowledged warning stops blocking unless another reason remains. General review flags never establish an answer.","Included if present (even blank) or emitted by validator requirements. Missing, unsupported type/meaning, raw conflict, ambiguous scope, any unparsed source text, any applicable error, or unacknowledged validation warning blocks. Otherwise ready automatically; no employee confirmation is invented. Absent optional fields are omitted.","Mailing Address - City is required but was not provided. | ADDRESS INFORMATION is required but was not provided. | Profile: No established answer: blank or placeholder. | Profile: Competing values for the same field. Resolve them in the pasted intake. | Profile: Repeated or ambiguous source sections do not establish a unique subject. | Profile: The intake contains unparsed text. Resolve it in Intake Checker before using this profile.","intake-checker/rules.js:10; intake-checker/parser.js:28; ssa-intake-assistant/src/model/from-intake-checker.js:15; ssa-intake-assistant/src/model/from-intake-checker.js:43; ssa-intake-assistant/src/model/intake-contract.js:24; intake-checker/intake-checker.js:61; intake-checker/intake-checker.js:123","ssa-intake-assistant/src/model/from-intake-checker.test.js:16 (catalog and all-definition synthetic transfer; not a format-validity oracle); tests/intake-validation.test.js:28 (table-driven required-field omissions)","High: direct code inspection.","No field-specific discrepancy identified; shared rules and limitations still apply.","Review and approve the documented current rule.","","Existing behavior audited; no changes made."
"address","address.mailing-address-state","Mailing Address - State","ADDRESS INFORMATION: exact Mailing Address - State. Plain or bold label; no field-label synonyms.","text in profile; text or null in parser","Fixed","Yes: exact plain label or bold label; mapping requires this section/record context.","Original pasted textarea only; not a full parsed-field display. Relevant validation/review rows show the label/reason. Later employee corrections appear in the correction ledger.","Yes, under this definition ID; repeated instances append @category-N. Present values and blanks transfer; absent optional values do not.","Always required","For every intake when validation runs (at least one section parsed). A fully absent/empty required section produces one grouped error; otherwise the field has its own missing error.","Never under the active Checker rule; no SSA interpretation added.","Checker reports missing only when the condition above applies. A present blank still transfers as missing/blocked; absence of an optional field creates no profile row.","Trim outer whitespace; preserve internal text and multiline values. Empty/whitespace or exact Not provided / *Not provided* (case-insensitive) becomes null. Exact label matching is case-sensitive. Adapter additionally treats N/A, NA, none provided, unknown, standalone not/provided, dashes/question marks, null/undefined/NaN, not applicable/not available, TBD, and Select/Choose prompts as missing. Literal No, false, 0 and None are not globally missing.","Checker checks presence only when required; no other format, enum or numeric-range validation for this field.","No date rule.","No additional cross-field rule.","Checker does not generally flag duplicate labels. Adapter compares trimmed raw candidates in this scope: different strings, including blank versus supplied, block as conflict. Identical duplicates may be ready. Duplicate singleton sections or repeated record roots block as ambiguous. No candidate is selected for a conflict.","No general review trigger.","No answer default or inferred replacement. Date/boolean type encoding only when applicable.","Checker Reviewed hides the issue without changing the answer. A still-present error remains blocking in the profile even if reviewed. An acknowledged warning stops blocking unless another reason remains. General review flags never establish an answer.","Included if present (even blank) or emitted by validator requirements. Missing, unsupported type/meaning, raw conflict, ambiguous scope, any unparsed source text, any applicable error, or unacknowledged validation warning blocks. Otherwise ready automatically; no employee confirmation is invented. Absent optional fields are omitted.","Mailing Address - State is required but was not provided. | ADDRESS INFORMATION is required but was not provided. | Profile: No established answer: blank or placeholder. | Profile: Competing values for the same field. Resolve them in the pasted intake. | Profile: Repeated or ambiguous source sections do not establish a unique subject. | Profile: The intake contains unparsed text. Resolve it in Intake Checker before using this profile.","intake-checker/rules.js:10; intake-checker/parser.js:28; ssa-intake-assistant/src/model/from-intake-checker.js:15; ssa-intake-assistant/src/model/from-intake-checker.js:43; ssa-intake-assistant/src/model/intake-contract.js:24; intake-checker/intake-checker.js:61; intake-checker/intake-checker.js:123","ssa-intake-assistant/src/model/from-intake-checker.test.js:16 (catalog and all-definition synthetic transfer; not a format-validity oracle); tests/intake-validation.test.js:28 (table-driven required-field omissions)","High: direct code inspection.","No field-specific discrepancy identified; shared rules and limitations still apply.","Review and approve the documented current rule.","","Existing behavior audited; no changes made."
"address","address.mailing-address-zipcode","Mailing Address - Zipcode","ADDRESS INFORMATION: exact Mailing Address - Zipcode. Plain or bold label; no field-label synonyms.","text in profile; text or null in parser","Fixed","Yes: exact plain label or bold label; mapping requires this section/record context.","Original pasted textarea only; not a full parsed-field display. Relevant validation/review rows show the label/reason. Later employee corrections appear in the correction ledger.","Yes, under this definition ID; repeated instances append @category-N. Present values and blanks transfer; absent optional values do not.","Always required","For every intake when validation runs (at least one section parsed). A fully absent/empty required section produces one grouped error; otherwise the field has its own missing error.","Never under the active Checker rule; no SSA interpretation added.","Checker reports missing only when the condition above applies. A present blank still transfers as missing/blocked; absence of an optional field creates no profile row.","Trim outer whitespace; preserve internal text and multiline values. Empty/whitespace or exact Not provided / *Not provided* (case-insensitive) becomes null. Exact label matching is case-sensitive. Adapter additionally treats N/A, NA, none provided, unknown, standalone not/provided, dashes/question marks, null/undefined/NaN, not applicable/not available, TBD, and Select/Choose prompts as missing. Literal No, false, 0 and None are not globally missing.","Checker checks presence only when required; no other format, enum or numeric-range validation for this field.","No date rule.","No additional cross-field rule.","Checker does not generally flag duplicate labels. Adapter compares trimmed raw candidates in this scope: different strings, including blank versus supplied, block as conflict. Identical duplicates may be ready. Duplicate singleton sections or repeated record roots block as ambiguous. No candidate is selected for a conflict.","No general review trigger.","No answer default or inferred replacement. Date/boolean type encoding only when applicable.","Checker Reviewed hides the issue without changing the answer. A still-present error remains blocking in the profile even if reviewed. An acknowledged warning stops blocking unless another reason remains. General review flags never establish an answer.","Included if present (even blank) or emitted by validator requirements. Missing, unsupported type/meaning, raw conflict, ambiguous scope, any unparsed source text, any applicable error, or unacknowledged validation warning blocks. Otherwise ready automatically; no employee confirmation is invented. Absent optional fields are omitted.","Mailing Address - Zipcode is required but was not provided. | ADDRESS INFORMATION is required but was not provided. | Profile: No established answer: blank or placeholder. | Profile: Competing values for the same field. Resolve them in the pasted intake. | Profile: Repeated or ambiguous source sections do not establish a unique subject. | Profile: The intake contains unparsed text. Resolve it in Intake Checker before using this profile.","intake-checker/rules.js:10; intake-checker/parser.js:28; ssa-intake-assistant/src/model/from-intake-checker.js:15; ssa-intake-assistant/src/model/from-intake-checker.js:43; ssa-intake-assistant/src/model/intake-contract.js:24; intake-checker/intake-checker.js:61; intake-checker/intake-checker.js:123","ssa-intake-assistant/src/model/from-intake-checker.test.js:16 (catalog and all-definition synthetic transfer; not a format-validity oracle); tests/intake-validation.test.js:28 (table-driven required-field omissions)","High: direct code inspection.","D05: value can be profile-ready without format, range or enumeration validation; presence is not proof of SSA suitability.","Specify any intended future validation separately; current behavior is recorded unchanged.","","Existing behavior audited; no changes made."
"address","address.physical-address-street-address","Physical Address - Street Address","ADDRESS INFORMATION: exact Physical Address - Street Address. Plain or bold label; no field-label synonyms.","text in profile; text or null in parser","Fixed","Yes: exact plain label or bold label; mapping requires this section/record context.","Original pasted textarea only; not a full parsed-field display. Relevant validation/review rows show the label/reason. Later employee corrections appear in the correction ledger.","Yes, under this definition ID; repeated instances append @category-N. Present values and blanks transfer; absent optional values do not.","Always required","For every intake when validation runs (at least one section parsed). A fully absent/empty required section produces one grouped error; otherwise the field has its own missing error.","Never under the active Checker rule; no SSA interpretation added.","Checker reports missing only when the condition above applies. A present blank still transfers as missing/blocked; absence of an optional field creates no profile row.","Trim outer whitespace; preserve internal text and multiline values. Empty/whitespace or exact Not provided / *Not provided* (case-insensitive) becomes null. Exact label matching is case-sensitive. Adapter additionally treats N/A, NA, none provided, unknown, standalone not/provided, dashes/question marks, null/undefined/NaN, not applicable/not available, TBD, and Select/Choose prompts as missing. Literal No, false, 0 and None are not globally missing.","Checker checks presence only when required; no other format, enum or numeric-range validation for this field.","No date rule.","No additional cross-field rule.","Checker does not generally flag duplicate labels. Adapter compares trimmed raw candidates in this scope: different strings, including blank versus supplied, block as conflict. Identical duplicates may be ready. Duplicate singleton sections or repeated record roots block as ambiguous. No candidate is selected for a conflict.","No general review trigger.","No answer default or inferred replacement. Date/boolean type encoding only when applicable.","Checker Reviewed hides the issue without changing the answer. A still-present error remains blocking in the profile even if reviewed. An acknowledged warning stops blocking unless another reason remains. General review flags never establish an answer.","Included if present (even blank) or emitted by validator requirements. Missing, unsupported type/meaning, raw conflict, ambiguous scope, any unparsed source text, any applicable error, or unacknowledged validation warning blocks. Otherwise ready automatically; no employee confirmation is invented. Absent optional fields are omitted.","Physical Address - Street Address is required but was not provided. | ADDRESS INFORMATION is required but was not provided. | Profile: No established answer: blank or placeholder. | Profile: Competing values for the same field. Resolve them in the pasted intake. | Profile: Repeated or ambiguous source sections do not establish a unique subject. | Profile: The intake contains unparsed text. Resolve it in Intake Checker before using this profile.","intake-checker/rules.js:10; intake-checker/parser.js:28; ssa-intake-assistant/src/model/from-intake-checker.js:15; ssa-intake-assistant/src/model/from-intake-checker.js:43; ssa-intake-assistant/src/model/intake-contract.js:24; intake-checker/intake-checker.js:61; intake-checker/intake-checker.js:123","ssa-intake-assistant/src/model/from-intake-checker.test.js:16 (catalog and all-definition synthetic transfer; not a format-validity oracle); tests/intake-validation.test.js:28 (table-driven required-field omissions)","High: direct code inspection.","No field-specific discrepancy identified; shared rules and limitations still apply.","Review and approve the documented current rule.","","Existing behavior audited; no changes made."
"address","address.physical-address-city","Physical Address - City","ADDRESS INFORMATION: exact Physical Address - City. Plain or bold label; no field-label synonyms.","text in profile; text or null in parser","Fixed","Yes: exact plain label or bold label; mapping requires this section/record context.","Original pasted textarea only; not a full parsed-field display. Relevant validation/review rows show the label/reason. Later employee corrections appear in the correction ledger.","Yes, under this definition ID; repeated instances append @category-N. Present values and blanks transfer; absent optional values do not.","Always required","For every intake when validation runs (at least one section parsed). A fully absent/empty required section produces one grouped error; otherwise the field has its own missing error.","Never under the active Checker rule; no SSA interpretation added.","Checker reports missing only when the condition above applies. A present blank still transfers as missing/blocked; absence of an optional field creates no profile row.","Trim outer whitespace; preserve internal text and multiline values. Empty/whitespace or exact Not provided / *Not provided* (case-insensitive) becomes null. Exact label matching is case-sensitive. Adapter additionally treats N/A, NA, none provided, unknown, standalone not/provided, dashes/question marks, null/undefined/NaN, not applicable/not available, TBD, and Select/Choose prompts as missing. Literal No, false, 0 and None are not globally missing.","Checker checks presence only when required; no other format, enum or numeric-range validation for this field.","No date rule.","No additional cross-field rule.","Checker does not generally flag duplicate labels. Adapter compares trimmed raw candidates in this scope: different strings, including blank versus supplied, block as conflict. Identical duplicates may be ready. Duplicate singleton sections or repeated record roots block as ambiguous. No candidate is selected for a conflict.","No general review trigger.","No answer default or inferred replacement. Date/boolean type encoding only when applicable.","Checker Reviewed hides the issue without changing the answer. A still-present error remains blocking in the profile even if reviewed. An acknowledged warning stops blocking unless another reason remains. General review flags never establish an answer.","Included if present (even blank) or emitted by validator requirements. Missing, unsupported type/meaning, raw conflict, ambiguous scope, any unparsed source text, any applicable error, or unacknowledged validation warning blocks. Otherwise ready automatically; no employee confirmation is invented. Absent optional fields are omitted.","Physical Address - City is required but was not provided. | ADDRESS INFORMATION is required but was not provided. | Profile: No established answer: blank or placeholder. | Profile: Competing values for the same field. Resolve them in the pasted intake. | Profile: Repeated or ambiguous source sections do not establish a unique subject. | Profile: The intake contains unparsed text. Resolve it in Intake Checker before using this profile.","intake-checker/rules.js:10; intake-checker/parser.js:28; ssa-intake-assistant/src/model/from-intake-checker.js:15; ssa-intake-assistant/src/model/from-intake-checker.js:43; ssa-intake-assistant/src/model/intake-contract.js:24; intake-checker/intake-checker.js:61; intake-checker/intake-checker.js:123","ssa-intake-assistant/src/model/from-intake-checker.test.js:16 (catalog and all-definition synthetic transfer; not a format-validity oracle); tests/intake-validation.test.js:28 (table-driven required-field omissions)","High: direct code inspection.","No field-specific discrepancy identified; shared rules and limitations still apply.","Review and approve the documented current rule.","","Existing behavior audited; no changes made."
"address","address.physical-address-state","Physical Address - State","ADDRESS INFORMATION: exact Physical Address - State. Plain or bold label; no field-label synonyms.","text in profile; text or null in parser","Fixed","Yes: exact plain label or bold label; mapping requires this section/record context.","Original pasted textarea only; not a full parsed-field display. Relevant validation/review rows show the label/reason. Later employee corrections appear in the correction ledger.","Yes, under this definition ID; repeated instances append @category-N. Present values and blanks transfer; absent optional values do not.","Always required","For every intake when validation runs (at least one section parsed). A fully absent/empty required section produces one grouped error; otherwise the field has its own missing error.","Never under the active Checker rule; no SSA interpretation added.","Checker reports missing only when the condition above applies. A present blank still transfers as missing/blocked; absence of an optional field creates no profile row.","Trim outer whitespace; preserve internal text and multiline values. Empty/whitespace or exact Not provided / *Not provided* (case-insensitive) becomes null. Exact label matching is case-sensitive. Adapter additionally treats N/A, NA, none provided, unknown, standalone not/provided, dashes/question marks, null/undefined/NaN, not applicable/not available, TBD, and Select/Choose prompts as missing. Literal No, false, 0 and None are not globally missing.","Checker checks presence only when required; no other format, enum or numeric-range validation for this field.","No date rule.","No additional cross-field rule.","Checker does not generally flag duplicate labels. Adapter compares trimmed raw candidates in this scope: different strings, including blank versus supplied, block as conflict. Identical duplicates may be ready. Duplicate singleton sections or repeated record roots block as ambiguous. No candidate is selected for a conflict.","No general review trigger.","No answer default or inferred replacement. Date/boolean type encoding only when applicable.","Checker Reviewed hides the issue without changing the answer. A still-present error remains blocking in the profile even if reviewed. An acknowledged warning stops blocking unless another reason remains. General review flags never establish an answer.","Included if present (even blank) or emitted by validator requirements. Missing, unsupported type/meaning, raw conflict, ambiguous scope, any unparsed source text, any applicable error, or unacknowledged validation warning blocks. Otherwise ready automatically; no employee confirmation is invented. Absent optional fields are omitted.","Physical Address - State is required but was not provided. | ADDRESS INFORMATION is required but was not provided. | Profile: No established answer: blank or placeholder. | Profile: Competing values for the same field. Resolve them in the pasted intake. | Profile: Repeated or ambiguous source sections do not establish a unique subject. | Profile: The intake contains unparsed text. Resolve it in Intake Checker before using this profile.","intake-checker/rules.js:10; intake-checker/parser.js:28; ssa-intake-assistant/src/model/from-intake-checker.js:15; ssa-intake-assistant/src/model/from-intake-checker.js:43; ssa-intake-assistant/src/model/intake-contract.js:24; intake-checker/intake-checker.js:61; intake-checker/intake-checker.js:123","ssa-intake-assistant/src/model/from-intake-checker.test.js:16 (catalog and all-definition synthetic transfer; not a format-validity oracle); tests/intake-validation.test.js:28 (table-driven required-field omissions)","High: direct code inspection.","No field-specific discrepancy identified; shared rules and limitations still apply.","Review and approve the documented current rule.","","Existing behavior audited; no changes made."
"address","address.physical-address-zipcode","Physical Address - Zipcode","ADDRESS INFORMATION: exact Physical Address - Zipcode. Plain or bold label; no field-label synonyms.","text in profile; text or null in parser","Fixed","Yes: exact plain label or bold label; mapping requires this section/record context.","Original pasted textarea only; not a full parsed-field display. Relevant validation/review rows show the label/reason. Later employee corrections appear in the correction ledger.","Yes, under this definition ID; repeated instances append @category-N. Present values and blanks transfer; absent optional values do not.","Always required","For every intake when validation runs (at least one section parsed). A fully absent/empty required section produces one grouped error; otherwise the field has its own missing error.","Never under the active Checker rule; no SSA interpretation added.","Checker reports missing only when the condition above applies. A present blank still transfers as missing/blocked; absence of an optional field creates no profile row.","Trim outer whitespace; preserve internal text and multiline values. Empty/whitespace or exact Not provided / *Not provided* (case-insensitive) becomes null. Exact label matching is case-sensitive. Adapter additionally treats N/A, NA, none provided, unknown, standalone not/provided, dashes/question marks, null/undefined/NaN, not applicable/not available, TBD, and Select/Choose prompts as missing. Literal No, false, 0 and None are not globally missing.","Checker checks presence only when required; no other format, enum or numeric-range validation for this field.","No date rule.","No additional cross-field rule.","Checker does not generally flag duplicate labels. Adapter compares trimmed raw candidates in this scope: different strings, including blank versus supplied, block as conflict. Identical duplicates may be ready. Duplicate singleton sections or repeated record roots block as ambiguous. No candidate is selected for a conflict.","No general review trigger.","No answer default or inferred replacement. Date/boolean type encoding only when applicable.","Checker Reviewed hides the issue without changing the answer. A still-present error remains blocking in the profile even if reviewed. An acknowledged warning stops blocking unless another reason remains. General review flags never establish an answer.","Included if present (even blank) or emitted by validator requirements. Missing, unsupported type/meaning, raw conflict, ambiguous scope, any unparsed source text, any applicable error, or unacknowledged validation warning blocks. Otherwise ready automatically; no employee confirmation is invented. Absent optional fields are omitted.","Physical Address - Zipcode is required but was not provided. | ADDRESS INFORMATION is required but was not provided. | Profile: No established answer: blank or placeholder. | Profile: Competing values for the same field. Resolve them in the pasted intake. | Profile: Repeated or ambiguous source sections do not establish a unique subject. | Profile: The intake contains unparsed text. Resolve it in Intake Checker before using this profile.","intake-checker/rules.js:10; intake-checker/parser.js:28; ssa-intake-assistant/src/model/from-intake-checker.js:15; ssa-intake-assistant/src/model/from-intake-checker.js:43; ssa-intake-assistant/src/model/intake-contract.js:24; intake-checker/intake-checker.js:61; intake-checker/intake-checker.js:123","ssa-intake-assistant/src/model/from-intake-checker.test.js:16 (catalog and all-definition synthetic transfer; not a format-validity oracle); tests/intake-validation.test.js:28 (table-driven required-field omissions)","High: direct code inspection.","D05: value can be profile-ready without format, range or enumeration validation; presence is not proof of SSA suitability.","Specify any intended future validation separately; current behavior is recorded unchanged.","","Existing behavior audited; no changes made."
"address","address.mailing-address-street-address-2","Mailing Address - Street Address 2","ADDRESS INFORMATION: exact Mailing Address - Street Address 2. Plain or bold label; no field-label synonyms.","text in profile; text or null in parser","Fixed","Yes: exact plain label or bold label; mapping requires this section/record context.","Original pasted textarea only; not a full parsed-field display. Relevant validation/review rows show the label/reason. Later employee corrections appear in the correction ledger.","Yes, under this definition ID; repeated instances append @category-N. Present values and blanks transfer; absent optional values do not.","Optional","No missing-field requirement in Checker.","May be absent or blank without a Checker missing-field error.","Checker accepts absence/blank. A present blank still transfers as missing/blocked; absence of an optional field creates no profile row.","Trim outer whitespace; preserve internal text and multiline values. Empty/whitespace or exact Not provided / *Not provided* (case-insensitive) becomes null. Exact label matching is case-sensitive. Adapter additionally treats N/A, NA, none provided, unknown, standalone not/provided, dashes/question marks, null/undefined/NaN, not applicable/not available, TBD, and Select/Choose prompts as missing. Literal No, false, 0 and None are not globally missing.","Checker checks presence only when required; no other format, enum or numeric-range validation for this field.","No date rule.","No additional cross-field rule.","Checker does not generally flag duplicate labels. Adapter compares trimmed raw candidates in this scope: different strings, including blank versus supplied, block as conflict. Identical duplicates may be ready. Duplicate singleton sections or repeated record roots block as ambiguous. No candidate is selected for a conflict.","No general review trigger.","No answer default or inferred replacement. Date/boolean type encoding only when applicable.","Checker Reviewed hides the issue without changing the answer. A still-present error remains blocking in the profile even if reviewed. An acknowledged warning stops blocking unless another reason remains. General review flags never establish an answer.","Included if present (even blank) or emitted by validator requirements. Missing, unsupported type/meaning, raw conflict, ambiguous scope, any unparsed source text, any applicable error, or unacknowledged validation warning blocks. Otherwise ready automatically; no employee confirmation is invented. Absent optional fields are omitted.","Profile: No established answer: blank or placeholder. | Profile: Competing values for the same field. Resolve them in the pasted intake. | Profile: Repeated or ambiguous source sections do not establish a unique subject. | Profile: The intake contains unparsed text. Resolve it in Intake Checker before using this profile.","intake-checker/rules.js:11; intake-checker/parser.js:28; ssa-intake-assistant/src/model/from-intake-checker.js:15; ssa-intake-assistant/src/model/from-intake-checker.js:43; ssa-intake-assistant/src/model/intake-contract.js:24; intake-checker/intake-checker.js:61; intake-checker/intake-checker.js:123","ssa-intake-assistant/src/model/from-intake-checker.test.js:16 (catalog and all-definition synthetic transfer; not a format-validity oracle)","High: direct code inspection.","No field-specific discrepancy identified; shared rules and limitations still apply.","Review and approve the documented current rule.","","Existing behavior audited; no changes made."
"address","address.physical-address-street-address-2","Physical Address - Street Address 2","ADDRESS INFORMATION: exact Physical Address - Street Address 2. Plain or bold label; no field-label synonyms.","text in profile; text or null in parser","Fixed","Yes: exact plain label or bold label; mapping requires this section/record context.","Original pasted textarea only; not a full parsed-field display. Relevant validation/review rows show the label/reason. Later employee corrections appear in the correction ledger.","Yes, under this definition ID; repeated instances append @category-N. Present values and blanks transfer; absent optional values do not.","Optional","No missing-field requirement in Checker.","May be absent or blank without a Checker missing-field error.","Checker accepts absence/blank. A present blank still transfers as missing/blocked; absence of an optional field creates no profile row.","Trim outer whitespace; preserve internal text and multiline values. Empty/whitespace or exact Not provided / *Not provided* (case-insensitive) becomes null. Exact label matching is case-sensitive. Adapter additionally treats N/A, NA, none provided, unknown, standalone not/provided, dashes/question marks, null/undefined/NaN, not applicable/not available, TBD, and Select/Choose prompts as missing. Literal No, false, 0 and None are not globally missing.","Checker checks presence only when required; no other format, enum or numeric-range validation for this field.","No date rule.","No additional cross-field rule.","Checker does not generally flag duplicate labels. Adapter compares trimmed raw candidates in this scope: different strings, including blank versus supplied, block as conflict. Identical duplicates may be ready. Duplicate singleton sections or repeated record roots block as ambiguous. No candidate is selected for a conflict.","No general review trigger.","No answer default or inferred replacement. Date/boolean type encoding only when applicable.","Checker Reviewed hides the issue without changing the answer. A still-present error remains blocking in the profile even if reviewed. An acknowledged warning stops blocking unless another reason remains. General review flags never establish an answer.","Included if present (even blank) or emitted by validator requirements. Missing, unsupported type/meaning, raw conflict, ambiguous scope, any unparsed source text, any applicable error, or unacknowledged validation warning blocks. Otherwise ready automatically; no employee confirmation is invented. Absent optional fields are omitted.","Profile: No established answer: blank or placeholder. | Profile: Competing values for the same field. Resolve them in the pasted intake. | Profile: Repeated or ambiguous source sections do not establish a unique subject. | Profile: The intake contains unparsed text. Resolve it in Intake Checker before using this profile.","intake-checker/rules.js:11; intake-checker/parser.js:28; ssa-intake-assistant/src/model/from-intake-checker.js:15; ssa-intake-assistant/src/model/from-intake-checker.js:43; ssa-intake-assistant/src/model/intake-contract.js:24; intake-checker/intake-checker.js:61; intake-checker/intake-checker.js:123","ssa-intake-assistant/src/model/from-intake-checker.test.js:16 (catalog and all-definition synthetic transfer; not a format-validity oracle)","High: direct code inspection.","No field-specific discrepancy identified; shared rules and limitations still apply.","Review and approve the documented current rule.","","Existing behavior audited; no changes made."
"language","language.preferred-language","Preferred Language","LANGUAGE INFORMATION: exact Preferred Language. Plain or bold label; no field-label synonyms.","text in profile; text or null in parser","Fixed","Yes: exact plain label or bold label; mapping requires this section/record context.","Original pasted textarea only; not a full parsed-field display. Relevant validation/review rows show the label/reason. Later employee corrections appear in the correction ledger.","Yes, under this definition ID; repeated instances append @category-N. Present values and blanks transfer; absent optional values do not.","Always required","For every intake when validation runs (at least one section parsed). A fully absent/empty required section produces one grouped error; otherwise the field has its own missing error.","Never under the active Checker rule; no SSA interpretation added.","Checker reports missing only when the condition above applies. A present blank still transfers as missing/blocked; absence of an optional field creates no profile row.","Trim outer whitespace; preserve internal text and multiline values. Empty/whitespace or exact Not provided / *Not provided* (case-insensitive) becomes null. Exact label matching is case-sensitive. Adapter additionally treats N/A, NA, none provided, unknown, standalone not/provided, dashes/question marks, null/undefined/NaN, not applicable/not available, TBD, and Select/Choose prompts as missing. Literal No, false, 0 and None are not globally missing.","Checker checks presence only when required; no other format, enum or numeric-range validation for this field.","No date rule.","No additional cross-field rule.","Checker does not generally flag duplicate labels. Adapter compares trimmed raw candidates in this scope: different strings, including blank versus supplied, block as conflict. Identical duplicates may be ready. Duplicate singleton sections or repeated record roots block as ambiguous. No candidate is selected for a conflict.","No general review trigger.","No answer default or inferred replacement. Date/boolean type encoding only when applicable.","Checker Reviewed hides the issue without changing the answer. A still-present error remains blocking in the profile even if reviewed. An acknowledged warning stops blocking unless another reason remains. General review flags never establish an answer.","Included if present (even blank) or emitted by validator requirements. Missing, unsupported type/meaning, raw conflict, ambiguous scope, any unparsed source text, any applicable error, or unacknowledged validation warning blocks. Otherwise ready automatically; no employee confirmation is invented. Absent optional fields are omitted.","Preferred Language is required but was not provided. | LANGUAGE INFORMATION is required but was not provided. | Profile: No established answer: blank or placeholder. | Profile: Competing values for the same field. Resolve them in the pasted intake. | Profile: Repeated or ambiguous source sections do not establish a unique subject. | Profile: The intake contains unparsed text. Resolve it in Intake Checker before using this profile.","intake-checker/rules.js:14; intake-checker/parser.js:28; ssa-intake-assistant/src/model/from-intake-checker.js:15; ssa-intake-assistant/src/model/from-intake-checker.js:43; ssa-intake-assistant/src/model/intake-contract.js:24; intake-checker/intake-checker.js:61; intake-checker/intake-checker.js:123","ssa-intake-assistant/src/model/from-intake-checker.test.js:16 (catalog and all-definition synthetic transfer; not a format-validity oracle); tests/intake-validation.test.js:28 (table-driven required-field omissions)","High: direct code inspection.","No field-specific discrepancy identified; shared rules and limitations still apply.","Review and approve the documented current rule.","","Existing behavior audited; no changes made."
"language","language.can-speak-and-understand-english","Can speak and understand English","LANGUAGE INFORMATION: exact Can speak and understand English. Plain or bold label; no field-label synonyms.","boolean in profile; text or null in parser","Fixed","Yes: exact plain label or bold label; mapping requires this section/record context.","Original pasted textarea only; not a full parsed-field display. Relevant validation/review rows show the label/reason. Later employee corrections appear in the correction ledger.","Yes, under this definition ID; repeated instances append @category-N. Present values and blanks transfer; absent optional values do not.","Always required","For every intake when validation runs (at least one section parsed). A fully absent/empty required section produces one grouped error; otherwise the field has its own missing error.","Never under the active Checker rule; no SSA interpretation added.","Checker reports missing only when the condition above applies. A present blank still transfers as missing/blocked; absence of an optional field creates no profile row.","Trim outer whitespace; preserve internal text and multiline values. Empty/whitespace or exact Not provided / *Not provided* (case-insensitive) becomes null. Exact label matching is case-sensitive. Adapter additionally treats N/A, NA, none provided, unknown, standalone not/provided, dashes/question marks, null/undefined/NaN, not applicable/not available, TBD, and Select/Choose prompts as missing. Literal No, false, 0 and None are not globally missing.","Checker checks presence only when required; no other format, enum or numeric-range validation for this field. Adapter accepts only trimmed Yes/true/No/false (case-insensitive); other nonplaceholder answers are ambiguous, not false.","No date rule.","No additional cross-field rule.","Checker does not generally flag duplicate labels. Adapter compares trimmed raw candidates in this scope: different strings, including blank versus supplied, block as conflict. Identical duplicates may be ready. Duplicate singleton sections or repeated record roots block as ambiguous. No candidate is selected for a conflict.","No general review trigger.","No answer default or inferred replacement. Date/boolean type encoding only when applicable.","Checker Reviewed hides the issue without changing the answer. A still-present error remains blocking in the profile even if reviewed. An acknowledged warning stops blocking unless another reason remains. General review flags never establish an answer.","Included if present (even blank) or emitted by validator requirements. Missing, unsupported type/meaning, raw conflict, ambiguous scope, any unparsed source text, any applicable error, or unacknowledged validation warning blocks. Otherwise ready automatically; no employee confirmation is invented. Absent optional fields are omitted.","Can speak and understand English is required but was not provided. | LANGUAGE INFORMATION is required but was not provided. | Profile: No established answer: blank or placeholder. | Profile: Competing values for the same field. Resolve them in the pasted intake. | Profile: Repeated or ambiguous source sections do not establish a unique subject. | Profile: The intake contains unparsed text. Resolve it in Intake Checker before using this profile. | Profile: The source does not establish an explicit Yes/No answer.","intake-checker/rules.js:14; intake-checker/parser.js:28; ssa-intake-assistant/src/model/from-intake-checker.js:15; ssa-intake-assistant/src/model/from-intake-checker.js:43; ssa-intake-assistant/src/model/intake-contract.js:24; intake-checker/intake-checker.js:61; intake-checker/intake-checker.js:123","ssa-intake-assistant/src/model/from-intake-checker.test.js:16 (catalog and all-definition synthetic transfer; not a format-validity oracle); tests/intake-validation.test.js:28 (table-driven required-field omissions)","High: direct code inspection.","No field-specific discrepancy identified; shared rules and limitations still apply.","Review and approve the documented current rule.","","Existing behavior audited; no changes made."
"language","language.can-read-simple-english-messages","Can read simple English messages","LANGUAGE INFORMATION: exact Can read simple English messages. Plain or bold label; no field-label synonyms.","boolean in profile; text or null in parser","Fixed","Yes: exact plain label or bold label; mapping requires this section/record context.","Original pasted textarea only; not a full parsed-field display. Relevant validation/review rows show the label/reason. Later employee corrections appear in the correction ledger.","Yes, under this definition ID; repeated instances append @category-N. Present values and blanks transfer; absent optional values do not.","Always required","For every intake when validation runs (at least one section parsed). A fully absent/empty required section produces one grouped error; otherwise the field has its own missing error.","Never under the active Checker rule; no SSA interpretation added.","Checker reports missing only when the condition above applies. A present blank still transfers as missing/blocked; absence of an optional field creates no profile row.","Trim outer whitespace; preserve internal text and multiline values. Empty/whitespace or exact Not provided / *Not provided* (case-insensitive) becomes null. Exact label matching is case-sensitive. Adapter additionally treats N/A, NA, none provided, unknown, standalone not/provided, dashes/question marks, null/undefined/NaN, not applicable/not available, TBD, and Select/Choose prompts as missing. Literal No, false, 0 and None are not globally missing.","Checker checks presence only when required; no other format, enum or numeric-range validation for this field. Adapter accepts only trimmed Yes/true/No/false (case-insensitive); other nonplaceholder answers are ambiguous, not false.","No date rule.","No additional cross-field rule.","Checker does not generally flag duplicate labels. Adapter compares trimmed raw candidates in this scope: different strings, including blank versus supplied, block as conflict. Identical duplicates may be ready. Duplicate singleton sections or repeated record roots block as ambiguous. No candidate is selected for a conflict.","No general review trigger.","No answer default or inferred replacement. Date/boolean type encoding only when applicable.","Checker Reviewed hides the issue without changing the answer. A still-present error remains blocking in the profile even if reviewed. An acknowledged warning stops blocking unless another reason remains. General review flags never establish an answer.","Included if present (even blank) or emitted by validator requirements. Missing, unsupported type/meaning, raw conflict, ambiguous scope, any unparsed source text, any applicable error, or unacknowledged validation warning blocks. Otherwise ready automatically; no employee confirmation is invented. Absent optional fields are omitted.","Can read simple English messages is required but was not provided. | LANGUAGE INFORMATION is required but was not provided. | Profile: No established answer: blank or placeholder. | Profile: Competing values for the same field. Resolve them in the pasted intake. | Profile: Repeated or ambiguous source sections do not establish a unique subject. | Profile: The intake contains unparsed text. Resolve it in Intake Checker before using this profile. | Profile: The source does not establish an explicit Yes/No answer.","intake-checker/rules.js:14; intake-checker/parser.js:28; ssa-intake-assistant/src/model/from-intake-checker.js:15; ssa-intake-assistant/src/model/from-intake-checker.js:43; ssa-intake-assistant/src/model/intake-contract.js:24; intake-checker/intake-checker.js:61; intake-checker/intake-checker.js:123","ssa-intake-assistant/src/model/from-intake-checker.test.js:16 (catalog and all-definition synthetic transfer; not a format-validity oracle); tests/intake-validation.test.js:28 (table-driven required-field omissions)","High: direct code inspection.","No field-specific discrepancy identified; shared rules and limitations still apply.","Review and approve the documented current rule.","","Existing behavior audited; no changes made."
"language","language.can-write-simple-english-messages","Can write simple English messages","LANGUAGE INFORMATION: exact Can write simple English messages. Plain or bold label; no field-label synonyms.","boolean in profile; text or null in parser","Fixed","Yes: exact plain label or bold label; mapping requires this section/record context.","Original pasted textarea only; not a full parsed-field display. Relevant validation/review rows show the label/reason. Later employee corrections appear in the correction ledger.","Yes, under this definition ID; repeated instances append @category-N. Present values and blanks transfer; absent optional values do not.","Always required","For every intake when validation runs (at least one section parsed). A fully absent/empty required section produces one grouped error; otherwise the field has its own missing error.","Never under the active Checker rule; no SSA interpretation added.","Checker reports missing only when the condition above applies. A present blank still transfers as missing/blocked; absence of an optional field creates no profile row.","Trim outer whitespace; preserve internal text and multiline values. Empty/whitespace or exact Not provided / *Not provided* (case-insensitive) becomes null. Exact label matching is case-sensitive. Adapter additionally treats N/A, NA, none provided, unknown, standalone not/provided, dashes/question marks, null/undefined/NaN, not applicable/not available, TBD, and Select/Choose prompts as missing. Literal No, false, 0 and None are not globally missing.","Checker checks presence only when required; no other format, enum or numeric-range validation for this field. Adapter accepts only trimmed Yes/true/No/false (case-insensitive); other nonplaceholder answers are ambiguous, not false.","No date rule.","No additional cross-field rule.","Checker does not generally flag duplicate labels. Adapter compares trimmed raw candidates in this scope: different strings, including blank versus supplied, block as conflict. Identical duplicates may be ready. Duplicate singleton sections or repeated record roots block as ambiguous. No candidate is selected for a conflict.","No general review trigger.","No answer default or inferred replacement. Date/boolean type encoding only when applicable.","Checker Reviewed hides the issue without changing the answer. A still-present error remains blocking in the profile even if reviewed. An acknowledged warning stops blocking unless another reason remains. General review flags never establish an answer.","Included if present (even blank) or emitted by validator requirements. Missing, unsupported type/meaning, raw conflict, ambiguous scope, any unparsed source text, any applicable error, or unacknowledged validation warning blocks. Otherwise ready automatically; no employee confirmation is invented. Absent optional fields are omitted.","Can write simple English messages is required but was not provided. | LANGUAGE INFORMATION is required but was not provided. | Profile: No established answer: blank or placeholder. | Profile: Competing values for the same field. Resolve them in the pasted intake. | Profile: Repeated or ambiguous source sections do not establish a unique subject. | Profile: The intake contains unparsed text. Resolve it in Intake Checker before using this profile. | Profile: The source does not establish an explicit Yes/No answer.","intake-checker/rules.js:14; intake-checker/parser.js:28; ssa-intake-assistant/src/model/from-intake-checker.js:15; ssa-intake-assistant/src/model/from-intake-checker.js:43; ssa-intake-assistant/src/model/intake-contract.js:24; intake-checker/intake-checker.js:61; intake-checker/intake-checker.js:123","ssa-intake-assistant/src/model/from-intake-checker.test.js:16 (catalog and all-definition synthetic transfer; not a format-validity oracle); tests/intake-validation.test.js:28 (table-driven required-field omissions)","High: direct code inspection.","No field-specific discrepancy identified; shared rules and limitations still apply.","Review and approve the documented current rule.","","Existing behavior audited; no changes made."
"language","language.can-read-simple-messages-in-preferred-language","Can read simple messages in preferred language","LANGUAGE INFORMATION: exact Can read simple messages in preferred language. Plain or bold label; no field-label synonyms.","boolean in profile; text or null in parser","Fixed","Yes: exact plain label or bold label; mapping requires this section/record context.","Original pasted textarea only; not a full parsed-field display. Relevant validation/review rows show the label/reason. Later employee corrections appear in the correction ledger.","Yes, under this definition ID; repeated instances append @category-N. Present values and blanks transfer; absent optional values do not.","Optional","No missing-field requirement in Checker.","May be absent or blank without a Checker missing-field error.","Checker accepts absence/blank. A present blank still transfers as missing/blocked; absence of an optional field creates no profile row.","Trim outer whitespace; preserve internal text and multiline values. Empty/whitespace or exact Not provided / *Not provided* (case-insensitive) becomes null. Exact label matching is case-sensitive. Adapter additionally treats N/A, NA, none provided, unknown, standalone not/provided, dashes/question marks, null/undefined/NaN, not applicable/not available, TBD, and Select/Choose prompts as missing. Literal No, false, 0 and None are not globally missing.","Checker checks presence only when required; no other format, enum or numeric-range validation for this field. Adapter accepts only trimmed Yes/true/No/false (case-insensitive); other nonplaceholder answers are ambiguous, not false.","No date rule.","No additional cross-field rule.","Checker does not generally flag duplicate labels. Adapter compares trimmed raw candidates in this scope: different strings, including blank versus supplied, block as conflict. Identical duplicates may be ready. Duplicate singleton sections or repeated record roots block as ambiguous. No candidate is selected for a conflict.","No general review trigger.","No answer default or inferred replacement. Date/boolean type encoding only when applicable.","Checker Reviewed hides the issue without changing the answer. A still-present error remains blocking in the profile even if reviewed. An acknowledged warning stops blocking unless another reason remains. General review flags never establish an answer.","Included if present (even blank) or emitted by validator requirements. Missing, unsupported type/meaning, raw conflict, ambiguous scope, any unparsed source text, any applicable error, or unacknowledged validation warning blocks. Otherwise ready automatically; no employee confirmation is invented. Absent optional fields are omitted.","Profile: No established answer: blank or placeholder. | Profile: Competing values for the same field. Resolve them in the pasted intake. | Profile: Repeated or ambiguous source sections do not establish a unique subject. | Profile: The intake contains unparsed text. Resolve it in Intake Checker before using this profile. | Profile: The source does not establish an explicit Yes/No answer.","intake-checker/rules.js:15; intake-checker/parser.js:28; ssa-intake-assistant/src/model/from-intake-checker.js:15; ssa-intake-assistant/src/model/from-intake-checker.js:43; ssa-intake-assistant/src/model/intake-contract.js:24; intake-checker/intake-checker.js:61; intake-checker/intake-checker.js:123","ssa-intake-assistant/src/model/from-intake-checker.test.js:16 (catalog and all-definition synthetic transfer; not a format-validity oracle)","High: direct code inspection.","No field-specific discrepancy identified; shared rules and limitations still apply.","Review and approve the documented current rule.","","Existing behavior audited; no changes made."
"language","language.can-write-simple-messages-in-preferred-language","Can write simple messages in preferred language","LANGUAGE INFORMATION: exact Can write simple messages in preferred language. Plain or bold label; no field-label synonyms.","boolean in profile; text or null in parser","Fixed","Yes: exact plain label or bold label; mapping requires this section/record context.","Original pasted textarea only; not a full parsed-field display. Relevant validation/review rows show the label/reason. Later employee corrections appear in the correction ledger.","Yes, under this definition ID; repeated instances append @category-N. Present values and blanks transfer; absent optional values do not.","Optional","No missing-field requirement in Checker.","May be absent or blank without a Checker missing-field error.","Checker accepts absence/blank. A present blank still transfers as missing/blocked; absence of an optional field creates no profile row.","Trim outer whitespace; preserve internal text and multiline values. Empty/whitespace or exact Not provided / *Not provided* (case-insensitive) becomes null. Exact label matching is case-sensitive. Adapter additionally treats N/A, NA, none provided, unknown, standalone not/provided, dashes/question marks, null/undefined/NaN, not applicable/not available, TBD, and Select/Choose prompts as missing. Literal No, false, 0 and None are not globally missing.","Checker checks presence only when required; no other format, enum or numeric-range validation for this field. Adapter accepts only trimmed Yes/true/No/false (case-insensitive); other nonplaceholder answers are ambiguous, not false.","No date rule.","No additional cross-field rule.","Checker does not generally flag duplicate labels. Adapter compares trimmed raw candidates in this scope: different strings, including blank versus supplied, block as conflict. Identical duplicates may be ready. Duplicate singleton sections or repeated record roots block as ambiguous. No candidate is selected for a conflict.","No general review trigger.","No answer default or inferred replacement. Date/boolean type encoding only when applicable.","Checker Reviewed hides the issue without changing the answer. A still-present error remains blocking in the profile even if reviewed. An acknowledged warning stops blocking unless another reason remains. General review flags never establish an answer.","Included if present (even blank) or emitted by validator requirements. Missing, unsupported type/meaning, raw conflict, ambiguous scope, any unparsed source text, any applicable error, or unacknowledged validation warning blocks. Otherwise ready automatically; no employee confirmation is invented. Absent optional fields are omitted.","Profile: No established answer: blank or placeholder. | Profile: Competing values for the same field. Resolve them in the pasted intake. | Profile: Repeated or ambiguous source sections do not establish a unique subject. | Profile: The intake contains unparsed text. Resolve it in Intake Checker before using this profile. | Profile: The source does not establish an explicit Yes/No answer.","intake-checker/rules.js:15; intake-checker/parser.js:28; ssa-intake-assistant/src/model/from-intake-checker.js:15; ssa-intake-assistant/src/model/from-intake-checker.js:43; ssa-intake-assistant/src/model/intake-contract.js:24; intake-checker/intake-checker.js:61; intake-checker/intake-checker.js:123","ssa-intake-assistant/src/model/from-intake-checker.test.js:16 (catalog and all-definition synthetic transfer; not a format-validity oracle)","High: direct code inspection.","No field-specific discrepancy identified; shared rules and limitations still apply.","Review and approve the documented current rule.","","Existing behavior audited; no changes made."
"security-questions","security-questions.mother-first-name","Mother - First Name","SECURITY QUESTIONS: exact Mother - First Name. Plain or bold label; no field-label synonyms.","text in profile; text or null in parser","Fixed","Yes: exact plain label or bold label; mapping requires this section/record context.","Original pasted textarea only; not a full parsed-field display. Relevant validation/review rows show the label/reason. Later employee corrections appear in the correction ledger.","Yes, under this definition ID; repeated instances append @category-N. Present values and blanks transfer; absent optional values do not.","Optional","No missing-field requirement in Checker.","May be absent or blank without a Checker missing-field error.","Checker accepts absence/blank. A present blank still transfers as missing/blocked; absence of an optional field creates no profile row.","Trim outer whitespace; preserve internal text and multiline values. Empty/whitespace or exact Not provided / *Not provided* (case-insensitive) becomes null. Exact label matching is case-sensitive. Adapter additionally treats N/A, NA, none provided, unknown, standalone not/provided, dashes/question marks, null/undefined/NaN, not applicable/not available, TBD, and Select/Choose prompts as missing. Literal No, false, 0 and None are not globally missing.","Nonmissing value containing any period produces an error. No other name-character rule.","No date rule.","No additional cross-field rule.","Checker does not generally flag duplicate labels. Adapter compares trimmed raw candidates in this scope: different strings, including blank versus supplied, block as conflict. Identical duplicates may be ready. Duplicate singleton sections or repeated record roots block as ambiguous. No candidate is selected for a conflict.","No general review trigger.","No answer default or inferred replacement. Date/boolean type encoding only when applicable.","Checker Reviewed hides the issue without changing the answer. A still-present error remains blocking in the profile even if reviewed. An acknowledged warning stops blocking unless another reason remains. General review flags never establish an answer.","Included if present (even blank) or emitted by validator requirements. Missing, unsupported type/meaning, raw conflict, ambiguous scope, any unparsed source text, any applicable error, or unacknowledged validation warning blocks. Otherwise ready automatically; no employee confirmation is invented. Absent optional fields are omitted.","Periods are not allowed in person names. | Profile: No established answer: blank or placeholder. | Profile: Competing values for the same field. Resolve them in the pasted intake. | Profile: Repeated or ambiguous source sections do not establish a unique subject. | Profile: The intake contains unparsed text. Resolve it in Intake Checker before using this profile.","intake-checker/rules.js:17; intake-checker/parser.js:28; ssa-intake-assistant/src/model/from-intake-checker.js:15; ssa-intake-assistant/src/model/from-intake-checker.js:43; ssa-intake-assistant/src/model/intake-contract.js:24; intake-checker/validation.js:174; intake-checker/intake-checker.js:61; intake-checker/intake-checker.js:123","ssa-intake-assistant/src/model/from-intake-checker.test.js:16 (catalog and all-definition synthetic transfer; not a format-validity oracle); tests/intake-validation.test.js:175 (selected name fields, not every configured label)","High: direct code inspection.","No field-specific discrepancy identified; shared rules and limitations still apply.","Review and approve the documented current rule.","","Existing behavior audited; no changes made."
"security-questions","security-questions.mother-maiden-name","Mother - Maiden Name","SECURITY QUESTIONS: exact Mother - Maiden Name. Plain or bold label; no field-label synonyms.","text in profile; text or null in parser","Fixed","Yes: exact plain label or bold label; mapping requires this section/record context.","Original pasted textarea only; not a full parsed-field display. Relevant validation/review rows show the label/reason. Later employee corrections appear in the correction ledger.","Yes, under this definition ID; repeated instances append @category-N. Present values and blanks transfer; absent optional values do not.","Optional","No missing-field requirement in Checker.","May be absent or blank without a Checker missing-field error.","Checker accepts absence/blank. A present blank still transfers as missing/blocked; absence of an optional field creates no profile row.","Trim outer whitespace; preserve internal text and multiline values. Empty/whitespace or exact Not provided / *Not provided* (case-insensitive) becomes null. Exact label matching is case-sensitive. Adapter additionally treats N/A, NA, none provided, unknown, standalone not/provided, dashes/question marks, null/undefined/NaN, not applicable/not available, TBD, and Select/Choose prompts as missing. Literal No, false, 0 and None are not globally missing.","Nonmissing value containing any period produces an error. No other name-character rule.","No date rule.","No additional cross-field rule.","Checker does not generally flag duplicate labels. Adapter compares trimmed raw candidates in this scope: different strings, including blank versus supplied, block as conflict. Identical duplicates may be ready. Duplicate singleton sections or repeated record roots block as ambiguous. No candidate is selected for a conflict.","No general review trigger.","No answer default or inferred replacement. Date/boolean type encoding only when applicable.","Checker Reviewed hides the issue without changing the answer. A still-present error remains blocking in the profile even if reviewed. An acknowledged warning stops blocking unless another reason remains. General review flags never establish an answer.","Included if present (even blank) or emitted by validator requirements. Missing, unsupported type/meaning, raw conflict, ambiguous scope, any unparsed source text, any applicable error, or unacknowledged validation warning blocks. Otherwise ready automatically; no employee confirmation is invented. Absent optional fields are omitted.","Periods are not allowed in person names. | Profile: No established answer: blank or placeholder. | Profile: Competing values for the same field. Resolve them in the pasted intake. | Profile: Repeated or ambiguous source sections do not establish a unique subject. | Profile: The intake contains unparsed text. Resolve it in Intake Checker before using this profile.","intake-checker/rules.js:17; intake-checker/parser.js:28; ssa-intake-assistant/src/model/from-intake-checker.js:15; ssa-intake-assistant/src/model/from-intake-checker.js:43; ssa-intake-assistant/src/model/intake-contract.js:24; intake-checker/validation.js:174; intake-checker/intake-checker.js:61; intake-checker/intake-checker.js:123","ssa-intake-assistant/src/model/from-intake-checker.test.js:16 (catalog and all-definition synthetic transfer; not a format-validity oracle); tests/intake-validation.test.js:175 (selected name fields, not every configured label)","High: direct code inspection.","No field-specific discrepancy identified; shared rules and limitations still apply.","Review and approve the documented current rule.","","Existing behavior audited; no changes made."
"security-questions","security-questions.father-first-name","Father - First Name","SECURITY QUESTIONS: exact Father - First Name. Plain or bold label; no field-label synonyms.","text in profile; text or null in parser","Fixed","Yes: exact plain label or bold label; mapping requires this section/record context.","Original pasted textarea only; not a full parsed-field display. Relevant validation/review rows show the label/reason. Later employee corrections appear in the correction ledger.","Yes, under this definition ID; repeated instances append @category-N. Present values and blanks transfer; absent optional values do not.","Optional","No missing-field requirement in Checker.","May be absent or blank without a Checker missing-field error.","Checker accepts absence/blank. A present blank still transfers as missing/blocked; absence of an optional field creates no profile row.","Trim outer whitespace; preserve internal text and multiline values. Empty/whitespace or exact Not provided / *Not provided* (case-insensitive) becomes null. Exact label matching is case-sensitive. Adapter additionally treats N/A, NA, none provided, unknown, standalone not/provided, dashes/question marks, null/undefined/NaN, not applicable/not available, TBD, and Select/Choose prompts as missing. Literal No, false, 0 and None are not globally missing.","Nonmissing value containing any period produces an error. No other name-character rule.","No date rule.","No additional cross-field rule.","Checker does not generally flag duplicate labels. Adapter compares trimmed raw candidates in this scope: different strings, including blank versus supplied, block as conflict. Identical duplicates may be ready. Duplicate singleton sections or repeated record roots block as ambiguous. No candidate is selected for a conflict.","No general review trigger.","No answer default or inferred replacement. Date/boolean type encoding only when applicable.","Checker Reviewed hides the issue without changing the answer. A still-present error remains blocking in the profile even if reviewed. An acknowledged warning stops blocking unless another reason remains. General review flags never establish an answer.","Included if present (even blank) or emitted by validator requirements. Missing, unsupported type/meaning, raw conflict, ambiguous scope, any unparsed source text, any applicable error, or unacknowledged validation warning blocks. Otherwise ready automatically; no employee confirmation is invented. Absent optional fields are omitted.","Periods are not allowed in person names. | Profile: No established answer: blank or placeholder. | Profile: Competing values for the same field. Resolve them in the pasted intake. | Profile: Repeated or ambiguous source sections do not establish a unique subject. | Profile: The intake contains unparsed text. Resolve it in Intake Checker before using this profile.","intake-checker/rules.js:17; intake-checker/parser.js:28; ssa-intake-assistant/src/model/from-intake-checker.js:15; ssa-intake-assistant/src/model/from-intake-checker.js:43; ssa-intake-assistant/src/model/intake-contract.js:24; intake-checker/validation.js:174; intake-checker/intake-checker.js:61; intake-checker/intake-checker.js:123","ssa-intake-assistant/src/model/from-intake-checker.test.js:16 (catalog and all-definition synthetic transfer; not a format-validity oracle); tests/intake-validation.test.js:175 (selected name fields, not every configured label)","High: direct code inspection.","No field-specific discrepancy identified; shared rules and limitations still apply.","Review and approve the documented current rule.","","Existing behavior audited; no changes made."
"security-questions","security-questions.father-last-name","Father - Last Name","SECURITY QUESTIONS: exact Father - Last Name. Plain or bold label; no field-label synonyms.","text in profile; text or null in parser","Fixed","Yes: exact plain label or bold label; mapping requires this section/record context.","Original pasted textarea only; not a full parsed-field display. Relevant validation/review rows show the label/reason. Later employee corrections appear in the correction ledger.","Yes, under this definition ID; repeated instances append @category-N. Present values and blanks transfer; absent optional values do not.","Optional","No missing-field requirement in Checker.","May be absent or blank without a Checker missing-field error.","Checker accepts absence/blank. A present blank still transfers as missing/blocked; absence of an optional field creates no profile row.","Trim outer whitespace; preserve internal text and multiline values. Empty/whitespace or exact Not provided / *Not provided* (case-insensitive) becomes null. Exact label matching is case-sensitive. Adapter additionally treats N/A, NA, none provided, unknown, standalone not/provided, dashes/question marks, null/undefined/NaN, not applicable/not available, TBD, and Select/Choose prompts as missing. Literal No, false, 0 and None are not globally missing.","Nonmissing value containing any period produces an error. No other name-character rule.","No date rule.","No additional cross-field rule.","Checker does not generally flag duplicate labels. Adapter compares trimmed raw candidates in this scope: different strings, including blank versus supplied, block as conflict. Identical duplicates may be ready. Duplicate singleton sections or repeated record roots block as ambiguous. No candidate is selected for a conflict.","No general review trigger.","No answer default or inferred replacement. Date/boolean type encoding only when applicable.","Checker Reviewed hides the issue without changing the answer. A still-present error remains blocking in the profile even if reviewed. An acknowledged warning stops blocking unless another reason remains. General review flags never establish an answer.","Included if present (even blank) or emitted by validator requirements. Missing, unsupported type/meaning, raw conflict, ambiguous scope, any unparsed source text, any applicable error, or unacknowledged validation warning blocks. Otherwise ready automatically; no employee confirmation is invented. Absent optional fields are omitted.","Periods are not allowed in person names. | Profile: No established answer: blank or placeholder. | Profile: Competing values for the same field. Resolve them in the pasted intake. | Profile: Repeated or ambiguous source sections do not establish a unique subject. | Profile: The intake contains unparsed text. Resolve it in Intake Checker before using this profile.","intake-checker/rules.js:17; intake-checker/parser.js:28; ssa-intake-assistant/src/model/from-intake-checker.js:15; ssa-intake-assistant/src/model/from-intake-checker.js:43; ssa-intake-assistant/src/model/intake-contract.js:24; intake-checker/validation.js:174; intake-checker/intake-checker.js:61; intake-checker/intake-checker.js:123","ssa-intake-assistant/src/model/from-intake-checker.test.js:16 (catalog and all-definition synthetic transfer; not a format-validity oracle); tests/intake-validation.test.js:175 (selected name fields, not every configured label)","High: direct code inspection.","No field-specific discrepancy identified; shared rules and limitations still apply.","Review and approve the documented current rule.","","Existing behavior audited; no changes made."
"security-questions","security-questions.other-legal-representative","Other Legal Representative","SECURITY QUESTIONS: exact Other Legal Representative. Plain or bold label; no field-label synonyms.","text in profile; text or null in parser","Fixed","Yes: exact plain label or bold label; mapping requires this section/record context.","Original pasted textarea only; not a full parsed-field display. Relevant validation/review rows show the label/reason. Later employee corrections appear in the correction ledger.","Yes, under this definition ID; repeated instances append @category-N. Present values and blanks transfer; absent optional values do not.","Optional","No missing-field requirement in Checker.","May be absent or blank without a Checker missing-field error.","Checker accepts absence/blank. A present blank still transfers as missing/blocked; absence of an optional field creates no profile row.","Trim outer whitespace; preserve internal text and multiline values. Empty/whitespace or exact Not provided / *Not provided* (case-insensitive) becomes null. Exact label matching is case-sensitive. Adapter additionally treats N/A, NA, none provided, unknown, standalone not/provided, dashes/question marks, null/undefined/NaN, not applicable/not available, TBD, and Select/Choose prompts as missing. Literal No, false, 0 and None are not globally missing.","Checker checks presence only when required; no other format, enum or numeric-range validation for this field.","No date rule.","No additional cross-field rule.","Checker does not generally flag duplicate labels. Adapter compares trimmed raw candidates in this scope: different strings, including blank versus supplied, block as conflict. Identical duplicates may be ready. Duplicate singleton sections or repeated record roots block as ambiguous. No candidate is selected for a conflict.","No general review trigger.","No answer default or inferred replacement. Date/boolean type encoding only when applicable.","Checker Reviewed hides the issue without changing the answer. A still-present error remains blocking in the profile even if reviewed. An acknowledged warning stops blocking unless another reason remains. General review flags never establish an answer.","Included if present (even blank) or emitted by validator requirements. Missing, unsupported type/meaning, raw conflict, ambiguous scope, any unparsed source text, any applicable error, or unacknowledged validation warning blocks. Otherwise ready automatically; no employee confirmation is invented. Absent optional fields are omitted.","Profile: No established answer: blank or placeholder. | Profile: Competing values for the same field. Resolve them in the pasted intake. | Profile: Repeated or ambiguous source sections do not establish a unique subject. | Profile: The intake contains unparsed text. Resolve it in Intake Checker before using this profile.","intake-checker/rules.js:17; intake-checker/parser.js:28; ssa-intake-assistant/src/model/from-intake-checker.js:15; ssa-intake-assistant/src/model/from-intake-checker.js:43; ssa-intake-assistant/src/model/intake-contract.js:24; intake-checker/intake-checker.js:61; intake-checker/intake-checker.js:123","ssa-intake-assistant/src/model/from-intake-checker.test.js:16 (catalog and all-definition synthetic transfer; not a format-validity oracle)","High: direct code inspection.","No field-specific discrepancy identified; shared rules and limitations still apply.","Review and approve the documented current rule.","","Existing behavior audited; no changes made."
"vehicle-summary","vehicle-summary.own-any-vehicles","Own any vehicles","VEHICLES: exact Own any vehicles. Plain or bold label; no field-label synonyms.","boolean in profile; text or null in parser","Fixed","Yes: exact plain label or bold label; mapping requires this section/record context.","Original pasted textarea only; not a full parsed-field display. Relevant validation/review rows show the label/reason. Later employee corrections appear in the correction ledger.","Yes, under this definition ID; repeated instances append @category-N. Present values and blanks transfer; absent optional values do not.","Optional","No missing-field requirement in Checker.","May be absent or blank without a Checker missing-field error.","Checker accepts absence/blank. A present blank still transfers as missing/blocked; absence of an optional field creates no profile row.","Trim outer whitespace; preserve internal text and multiline values. Empty/whitespace or exact Not provided / *Not provided* (case-insensitive) becomes null. Exact label matching is case-sensitive. Adapter additionally treats N/A, NA, none provided, unknown, standalone not/provided, dashes/question marks, null/undefined/NaN, not applicable/not available, TBD, and Select/Choose prompts as missing. Literal No, false, 0 and None are not globally missing.","Checker checks presence only when required; no other format, enum or numeric-range validation for this field. Adapter accepts only trimmed Yes/true/No/false (case-insensitive); other nonplaceholder answers are ambiguous, not false.","No date rule.","Own any vehicles does not require or suppress vehicle records. Vehicle records receive no Checker record validation.","Checker does not generally flag duplicate labels. Adapter compares trimmed raw candidates in this scope: different strings, including blank versus supplied, block as conflict. Identical duplicates may be ready. Duplicate singleton sections or repeated record roots block as ambiguous. No candidate is selected for a conflict.","No general review trigger.","No answer default or inferred replacement. Date/boolean type encoding only when applicable.","Checker Reviewed hides the issue without changing the answer. A still-present error remains blocking in the profile even if reviewed. An acknowledged warning stops blocking unless another reason remains. General review flags never establish an answer.","Included if present (even blank) or emitted by validator requirements. Missing, unsupported type/meaning, raw conflict, ambiguous scope, any unparsed source text, any applicable error, or unacknowledged validation warning blocks. Otherwise ready automatically; no employee confirmation is invented. Absent optional fields are omitted.","Profile: No established answer: blank or placeholder. | Profile: Competing values for the same field. Resolve them in the pasted intake. | Profile: Repeated or ambiguous source sections do not establish a unique subject. | Profile: The intake contains unparsed text. Resolve it in Intake Checker before using this profile. | Profile: The source does not establish an explicit Yes/No answer.","intake-checker/rules.js:18; intake-checker/parser.js:28; ssa-intake-assistant/src/model/from-intake-checker.js:15; ssa-intake-assistant/src/model/from-intake-checker.js:43; ssa-intake-assistant/src/model/intake-contract.js:24; intake-checker/validation.js:109; intake-checker/intake-checker.js:61; intake-checker/intake-checker.js:123","ssa-intake-assistant/src/model/from-intake-checker.test.js:16 (catalog and all-definition synthetic transfer; not a format-validity oracle); tests/intake-validation.test.js:59","High: direct code inspection.","No field-specific discrepancy identified; shared rules and limitations still apply.","Review and approve the documented current rule.","","Existing behavior audited; no changes made."
"vitals","vitals.height-feet","Height (feet)","VITALS: exact Height (feet). Plain or bold label; no field-label synonyms.","text in profile; text or null in parser","Fixed","Yes: exact plain label or bold label; mapping requires this section/record context.","Original pasted textarea only; not a full parsed-field display. Relevant validation/review rows show the label/reason. Later employee corrections appear in the correction ledger.","Yes, under this definition ID; repeated instances append @category-N. Present values and blanks transfer; absent optional values do not.","Always required","For every intake when validation runs (at least one section parsed). A fully absent/empty required section produces one grouped error; otherwise the field has its own missing error.","Never under the active Checker rule; no SSA interpretation added.","Checker reports missing only when the condition above applies. A present blank still transfers as missing/blocked; absence of an optional field creates no profile row.","Trim outer whitespace; preserve internal text and multiline values. Empty/whitespace or exact Not provided / *Not provided* (case-insensitive) becomes null. Exact label matching is case-sensitive. Adapter additionally treats N/A, NA, none provided, unknown, standalone not/provided, dashes/question marks, null/undefined/NaN, not applicable/not available, TBD, and Select/Choose prompts as missing. Literal No, false, 0 and None are not globally missing.","Checker checks presence only when required; no other format, enum or numeric-range validation for this field.","No date rule.","No additional cross-field rule.","Checker does not generally flag duplicate labels. Adapter compares trimmed raw candidates in this scope: different strings, including blank versus supplied, block as conflict. Identical duplicates may be ready. Duplicate singleton sections or repeated record roots block as ambiguous. No candidate is selected for a conflict.","No general review trigger.","No answer default or inferred replacement. Date/boolean type encoding only when applicable.","Checker Reviewed hides the issue without changing the answer. A still-present error remains blocking in the profile even if reviewed. An acknowledged warning stops blocking unless another reason remains. General review flags never establish an answer.","Included if present (even blank) or emitted by validator requirements. Missing, unsupported type/meaning, raw conflict, ambiguous scope, any unparsed source text, any applicable error, or unacknowledged validation warning blocks. Otherwise ready automatically; no employee confirmation is invented. Absent optional fields are omitted.","Height (feet) is required but was not provided. | VITALS is required but was not provided. | Profile: No established answer: blank or placeholder. | Profile: Competing values for the same field. Resolve them in the pasted intake. | Profile: Repeated or ambiguous source sections do not establish a unique subject. | Profile: The intake contains unparsed text. Resolve it in Intake Checker before using this profile.","intake-checker/rules.js:19; intake-checker/parser.js:28; ssa-intake-assistant/src/model/from-intake-checker.js:15; ssa-intake-assistant/src/model/from-intake-checker.js:43; ssa-intake-assistant/src/model/intake-contract.js:24; intake-checker/intake-checker.js:61; intake-checker/intake-checker.js:123","ssa-intake-assistant/src/model/from-intake-checker.test.js:16 (catalog and all-definition synthetic transfer; not a format-validity oracle); tests/intake-validation.test.js:28 (table-driven required-field omissions); tests/intake-validation.test.js:68","High: direct code inspection.","D05: measurements are text; no range, units or numeric check.","Confirm intended validation without changing it in this audit.","","Existing behavior audited; no changes made."
"vitals","vitals.weight-pounds","Weight (pounds)","VITALS: exact Weight (pounds). Plain or bold label; no field-label synonyms.","text in profile; text or null in parser","Fixed","Yes: exact plain label or bold label; mapping requires this section/record context.","Original pasted textarea only; not a full parsed-field display. Relevant validation/review rows show the label/reason. Later employee corrections appear in the correction ledger.","Yes, under this definition ID; repeated instances append @category-N. Present values and blanks transfer; absent optional values do not.","Always required","For every intake when validation runs (at least one section parsed). A fully absent/empty required section produces one grouped error; otherwise the field has its own missing error.","Never under the active Checker rule; no SSA interpretation added.","Checker reports missing only when the condition above applies. A present blank still transfers as missing/blocked; absence of an optional field creates no profile row.","Trim outer whitespace; preserve internal text and multiline values. Empty/whitespace or exact Not provided / *Not provided* (case-insensitive) becomes null. Exact label matching is case-sensitive. Adapter additionally treats N/A, NA, none provided, unknown, standalone not/provided, dashes/question marks, null/undefined/NaN, not applicable/not available, TBD, and Select/Choose prompts as missing. Literal No, false, 0 and None are not globally missing.","Checker checks presence only when required; no other format, enum or numeric-range validation for this field.","No date rule.","No additional cross-field rule.","Checker does not generally flag duplicate labels. Adapter compares trimmed raw candidates in this scope: different strings, including blank versus supplied, block as conflict. Identical duplicates may be ready. Duplicate singleton sections or repeated record roots block as ambiguous. No candidate is selected for a conflict.","No general review trigger.","No answer default or inferred replacement. Date/boolean type encoding only when applicable.","Checker Reviewed hides the issue without changing the answer. A still-present error remains blocking in the profile even if reviewed. An acknowledged warning stops blocking unless another reason remains. General review flags never establish an answer.","Included if present (even blank) or emitted by validator requirements. Missing, unsupported type/meaning, raw conflict, ambiguous scope, any unparsed source text, any applicable error, or unacknowledged validation warning blocks. Otherwise ready automatically; no employee confirmation is invented. Absent optional fields are omitted.","Weight (pounds) is required but was not provided. | VITALS is required but was not provided. | Profile: No established answer: blank or placeholder. | Profile: Competing values for the same field. Resolve them in the pasted intake. | Profile: Repeated or ambiguous source sections do not establish a unique subject. | Profile: The intake contains unparsed text. Resolve it in Intake Checker before using this profile.","intake-checker/rules.js:19; intake-checker/parser.js:28; ssa-intake-assistant/src/model/from-intake-checker.js:15; ssa-intake-assistant/src/model/from-intake-checker.js:43; ssa-intake-assistant/src/model/intake-contract.js:24; intake-checker/intake-checker.js:61; intake-checker/intake-checker.js:123","ssa-intake-assistant/src/model/from-intake-checker.test.js:16 (catalog and all-definition synthetic transfer; not a format-validity oracle); tests/intake-validation.test.js:28 (table-driven required-field omissions); tests/intake-validation.test.js:68","High: direct code inspection.","D05: measurements are text; no range, units or numeric check.","Confirm intended validation without changing it in this audit.","","Existing behavior audited; no changes made."
"vitals","vitals.height-inches","Height (inches)","VITALS: exact Height (inches). Plain or bold label; no field-label synonyms.","text in profile; text or null in parser","Fixed","Yes: exact plain label or bold label; mapping requires this section/record context.","Original pasted textarea only; not a full parsed-field display. Relevant validation/review rows show the label/reason. Later employee corrections appear in the correction ledger.","Yes, under this definition ID; repeated instances append @category-N. Present values and blanks transfer; absent optional values do not.","Optional","No missing-field requirement in Checker.","May be absent or blank without a Checker missing-field error.","Checker accepts absence/blank. A present blank still transfers as missing/blocked; absence of an optional field creates no profile row.","Trim outer whitespace; preserve internal text and multiline values. Empty/whitespace or exact Not provided / *Not provided* (case-insensitive) becomes null. Exact label matching is case-sensitive. Adapter additionally treats N/A, NA, none provided, unknown, standalone not/provided, dashes/question marks, null/undefined/NaN, not applicable/not available, TBD, and Select/Choose prompts as missing. Literal No, false, 0 and None are not globally missing.","Checker checks presence only when required; no other format, enum or numeric-range validation for this field.","No date rule.","No additional cross-field rule.","Checker does not generally flag duplicate labels. Adapter compares trimmed raw candidates in this scope: different strings, including blank versus supplied, block as conflict. Identical duplicates may be ready. Duplicate singleton sections or repeated record roots block as ambiguous. No candidate is selected for a conflict.","No general review trigger.","No answer default or inferred replacement. Date/boolean type encoding only when applicable.","Checker Reviewed hides the issue without changing the answer. A still-present error remains blocking in the profile even if reviewed. An acknowledged warning stops blocking unless another reason remains. General review flags never establish an answer.","Included if present (even blank) or emitted by validator requirements. Missing, unsupported type/meaning, raw conflict, ambiguous scope, any unparsed source text, any applicable error, or unacknowledged validation warning blocks. Otherwise ready automatically; no employee confirmation is invented. Absent optional fields are omitted.","Profile: No established answer: blank or placeholder. | Profile: Competing values for the same field. Resolve them in the pasted intake. | Profile: Repeated or ambiguous source sections do not establish a unique subject. | Profile: The intake contains unparsed text. Resolve it in Intake Checker before using this profile.","intake-checker/rules.js:19; intake-checker/parser.js:28; ssa-intake-assistant/src/model/from-intake-checker.js:15; ssa-intake-assistant/src/model/from-intake-checker.js:43; ssa-intake-assistant/src/model/intake-contract.js:24; intake-checker/intake-checker.js:61; intake-checker/intake-checker.js:123","ssa-intake-assistant/src/model/from-intake-checker.test.js:16 (catalog and all-definition synthetic transfer; not a format-validity oracle); tests/intake-validation.test.js:68","High: direct code inspection.","D05: measurements are text; no range, units or numeric check.","Confirm intended validation without changing it in this audit.","","Existing behavior audited; no changes made."
"employment","employment.when-did-you-last-work","When did you last work","EMPLOYMENT INFORMATION: exact When did you last work. Plain or bold label; no field-label synonyms.","date in profile; text or null in parser","Fixed","Yes: exact plain label or bold label; mapping requires this section/record context.","Original pasted textarea only; not a full parsed-field display. Relevant validation/review rows show the label/reason. Later employee corrections appear in the correction ledger.","Yes, under this definition ID; repeated instances append @category-N. Present values and blanks transfer; absent optional values do not.","Conditional","Required unless the distinct nonmissing Have you ever worked values, trimmed and lowercased, consist solely of no. Currently working does not control this requirement.","When Have you ever worked resolves exactly to no (not boolean word false).","Checker reports missing only when the condition above applies. A present blank still transfers as missing/blocked; absence of an optional field creates no profile row.","Trim outer whitespace; preserve internal text and multiline values. Empty/whitespace or exact Not provided / *Not provided* (case-insensitive) becomes null. Exact label matching is case-sensitive. Adapter additionally treats N/A, NA, none provided, unknown, standalone not/provided, dashes/question marks, null/undefined/NaN, not applicable/not available, TBD, and Select/Choose prompts as missing. Literal No, false, 0 and None are not globally missing.","Checker checks presence only when required; no other format, enum or numeric-range validation for this field.","Profile accepts YYYY-M[-D], M/D/YYYY, M/YYYY, English full/three-letter month plus optional day and four-digit year. Leap/calendar validity and year >=1000 required. Encodes YYYY-MM or YYYY-MM-DD with precision; invalid/unsupported date becomes missing. No general future-date or age restriction.","Have you ever worked controls presence. This date is not disability onset, job End Date, or date work stopped.","Checker does not generally flag duplicate labels. Adapter compares trimmed raw candidates in this scope: different strings, including blank versus supplied, block as conflict. Identical duplicates may be ready. Duplicate singleton sections or repeated record roots block as ambiguous. No candidate is selected for a conflict.","No general review trigger.","No answer default or inferred replacement. Date/boolean type encoding only when applicable.","Checker Reviewed hides the issue without changing the answer. A still-present error remains blocking in the profile even if reviewed. An acknowledged warning stops blocking unless another reason remains. General review flags never establish an answer.","Included if present (even blank) or emitted by validator requirements. Missing, unsupported type/meaning, raw conflict, ambiguous scope, any unparsed source text, any applicable error, or unacknowledged validation warning blocks. Otherwise ready automatically; no employee confirmation is invented. Absent optional fields are omitted.","When did you last work is required but was not provided. | EMPLOYMENT INFORMATION is required but was not provided. | Profile: No established answer: blank or placeholder. | Profile: Competing values for the same field. Resolve them in the pasted intake. | Profile: Repeated or ambiguous source sections do not establish a unique subject. | Profile: The intake contains unparsed text. Resolve it in Intake Checker before using this profile. | Profile: No valid calendar date in a supported Intake Checker format.","intake-checker/rules.js:20; intake-checker/parser.js:28; ssa-intake-assistant/src/model/from-intake-checker.js:15; ssa-intake-assistant/src/model/from-intake-checker.js:43; ssa-intake-assistant/src/model/intake-contract.js:24; intake-checker/validation.js:74; intake-checker/validation.js:8; intake-checker/intake-checker.js:61; intake-checker/intake-checker.js:123","ssa-intake-assistant/src/model/from-intake-checker.test.js:16 (catalog and all-definition synthetic transfer; not a format-validity oracle); tests/intake-validation.test.js:28 (table-driven required-field omissions); tests/intake-validation.test.js:129; tests/intake-validation.test.js:112; ssa-intake-assistant/src/model/from-intake-checker.test.js:62; M06: boundary gaps in summary.","High: direct code inspection.","D10: grouped employment error can reintroduce this exempt field into the profile.","Confirm exemption semantics and grouped-error mapping.","","Existing behavior audited; no changes made."
"employment","employment.currently-working","Currently working","EMPLOYMENT INFORMATION: exact Currently working. Plain or bold label; no field-label synonyms.","boolean in profile; text or null in parser","Fixed","Yes: exact plain label or bold label; mapping requires this section/record context.","Original pasted textarea only; not a full parsed-field display. Relevant validation/review rows show the label/reason. Later employee corrections appear in the correction ledger.","Yes, under this definition ID; repeated instances append @category-N. Present values and blanks transfer; absent optional values do not.","Always required","For every intake when validation runs (at least one section parsed). A fully absent/empty required section produces one grouped error; otherwise the field has its own missing error.","Never under the active Checker rule; no SSA interpretation added.","Checker reports missing only when the condition above applies. A present blank still transfers as missing/blocked; absence of an optional field creates no profile row.","Trim outer whitespace; preserve internal text and multiline values. Empty/whitespace or exact Not provided / *Not provided* (case-insensitive) becomes null. Exact label matching is case-sensitive. Adapter additionally treats N/A, NA, none provided, unknown, standalone not/provided, dashes/question marks, null/undefined/NaN, not applicable/not available, TBD, and Select/Choose prompts as missing. Literal No, false, 0 and None are not globally missing.","Checker checks presence only when required; no other format, enum or numeric-range validation for this field. Adapter accepts only trimmed Yes/true/No/false (case-insensitive); other nonplaceholder answers are ambiguous, not false.","No date rule.","No additional cross-field rule.","Checker does not generally flag duplicate labels. Adapter compares trimmed raw candidates in this scope: different strings, including blank versus supplied, block as conflict. Identical duplicates may be ready. Duplicate singleton sections or repeated record roots block as ambiguous. No candidate is selected for a conflict.","Unique nonmissing Yes or true (trimmed, case-insensitive) produces Currently Working; duplicate fields suppress this review, even identical.","No answer default or inferred replacement. Date/boolean type encoding only when applicable.","Checker Reviewed hides the issue without changing the answer. A still-present error remains blocking in the profile even if reviewed. An acknowledged warning stops blocking unless another reason remains. General review flags never establish an answer.","Included if present (even blank) or emitted by validator requirements. Missing, unsupported type/meaning, raw conflict, ambiguous scope, any unparsed source text, any applicable error, or unacknowledged validation warning blocks. Otherwise ready automatically; no employee confirmation is invented. Absent optional fields are omitted.","Currently working is required but was not provided. | Currently Working | EMPLOYMENT INFORMATION is required but was not provided. | Profile: No established answer: blank or placeholder. | Profile: Competing values for the same field. Resolve them in the pasted intake. | Profile: Repeated or ambiguous source sections do not establish a unique subject. | Profile: The intake contains unparsed text. Resolve it in Intake Checker before using this profile. | Profile: The source does not establish an explicit Yes/No answer.","intake-checker/rules.js:20; intake-checker/parser.js:28; ssa-intake-assistant/src/model/from-intake-checker.js:15; ssa-intake-assistant/src/model/from-intake-checker.js:43; ssa-intake-assistant/src/model/intake-contract.js:24; intake-checker/review.js:37; intake-checker/intake-checker.js:61; intake-checker/intake-checker.js:123","ssa-intake-assistant/src/model/from-intake-checker.test.js:16 (catalog and all-definition synthetic transfer; not a format-validity oracle); tests/intake-validation.test.js:28 (table-driven required-field omissions); tests/intake-review.test.js:30","High: direct code inspection.","No field-specific discrepancy identified; shared rules and limitations still apply.","Review and approve the documented current rule.","","Existing behavior audited; no changes made."
"marriage","marriage.marital-status","Marital Status","MARRIAGE INFORMATION: exact Marital Status. Plain or bold label; no field-label synonyms.","text in profile; text or null in parser","Fixed","Yes: exact plain label or bold label; mapping requires this section/record context.","Original pasted textarea only; not a full parsed-field display. Relevant validation/review rows show the label/reason. Later employee corrections appear in the correction ledger.","Yes, under this definition ID; repeated instances append @category-N. Present values and blanks transfer; absent optional values do not.","Optional","No missing-field requirement in Checker.","May be absent or blank without a Checker missing-field error.","Checker accepts absence/blank. A present blank still transfers as missing/blocked; absence of an optional field creates no profile row.","Trim outer whitespace; preserve internal text and multiline values. Empty/whitespace or exact Not provided / *Not provided* (case-insensitive) becomes null. Exact label matching is case-sensitive. Adapter additionally treats N/A, NA, none provided, unknown, standalone not/provided, dashes/question marks, null/undefined/NaN, not applicable/not available, TBD, and Select/Choose prompts as missing. Literal No, false, 0 and None are not globally missing.","Checker checks presence only when required; no other format, enum or numeric-range validation for this field.","No date rule.","Exact case-sensitive Married requires a Current Spouse record and its 10 required fields. Separated is a review flag only; no legal status enumeration validation.","Checker does not generally flag duplicate labels. Adapter compares trimmed raw candidates in this scope: different strings, including blank versus supplied, block as conflict. Identical duplicates may be ready. Duplicate singleton sections or repeated record roots block as ambiguous. No candidate is selected for a conflict.","Unique value separated after trim, case-insensitive -> Separated.","No answer default or inferred replacement. Date/boolean type encoding only when applicable.","Checker Reviewed hides the issue without changing the answer. A still-present error remains blocking in the profile even if reviewed. An acknowledged warning stops blocking unless another reason remains. General review flags never establish an answer.","Included if present (even blank) or emitted by validator requirements. Missing, unsupported type/meaning, raw conflict, ambiguous scope, any unparsed source text, any applicable error, or unacknowledged validation warning blocks. Otherwise ready automatically; no employee confirmation is invented. Absent optional fields are omitted.","Marital Status has multiple different values. Review this field; dependent checks were skipped. | Profile: No established answer: blank or placeholder. | Profile: Competing values for the same field. Resolve them in the pasted intake. | Profile: Repeated or ambiguous source sections do not establish a unique subject. | Profile: The intake contains unparsed text. Resolve it in Intake Checker before using this profile.","intake-checker/rules.js:21; intake-checker/parser.js:28; ssa-intake-assistant/src/model/from-intake-checker.js:15; ssa-intake-assistant/src/model/from-intake-checker.js:43; ssa-intake-assistant/src/model/intake-contract.js:24; intake-checker/validation.js:157; intake-checker/review.js:42; intake-checker/validation.js:59; intake-checker/intake-checker.js:61; intake-checker/intake-checker.js:123","ssa-intake-assistant/src/model/from-intake-checker.test.js:16 (catalog and all-definition synthetic transfer; not a format-validity oracle); tests/intake-validation.test.js:145; tests/intake-validation.test.js:156; tests/intake-review.test.js:49","High: direct code inspection.","D03: README has a stale separation TODO. D18: Married condition is case-sensitive.","Confirm accepted marital-status spellings/case.","","Existing behavior audited; no changes made."
"school","school.school-city","School City","SCHOOL INFORMATION (fallback EDUCATION INFORMATION only if no SCHOOL INFORMATION): exact School City. Plain or bold label; no field-label synonyms.","text in profile; text or null in parser","Fixed","Yes: exact plain label or bold label; mapping requires this section/record context.","Original pasted textarea only; not a full parsed-field display. Relevant validation/review rows show the label/reason. Later employee corrections appear in the correction ledger.","Yes, under this definition ID; repeated instances append @category-N. Present values and blanks transfer; absent optional values do not.","Always required","For every intake when validation runs (at least one section parsed). A fully absent/empty required section produces one grouped error; otherwise the field has its own missing error.","Never under the active Checker rule; no SSA interpretation added.","Checker reports missing only when the condition above applies. A present blank still transfers as missing/blocked; absence of an optional field creates no profile row.","Trim outer whitespace; preserve internal text and multiline values. Empty/whitespace or exact Not provided / *Not provided* (case-insensitive) becomes null. Exact label matching is case-sensitive. Adapter additionally treats N/A, NA, none provided, unknown, standalone not/provided, dashes/question marks, null/undefined/NaN, not applicable/not available, TBD, and Select/Choose prompts as missing. Literal No, false, 0 and None are not globally missing.","Checker checks presence only when required; no other format, enum or numeric-range validation for this field.","No date rule.","Use SCHOOL INFORMATION wherever found; only if none exists, use EDUCATION INFORMATION nodes. No highest-grade condition.","Checker does not generally flag duplicate labels. Adapter compares trimmed raw candidates in this scope: different strings, including blank versus supplied, block as conflict. Identical duplicates may be ready. Duplicate singleton sections or repeated record roots block as ambiguous. No candidate is selected for a conflict.","No general review trigger.","No answer default or inferred replacement. Date/boolean type encoding only when applicable.","Checker Reviewed hides the issue without changing the answer. A still-present error remains blocking in the profile even if reviewed. An acknowledged warning stops blocking unless another reason remains. General review flags never establish an answer.","Included if present (even blank) or emitted by validator requirements. Missing, unsupported type/meaning, raw conflict, ambiguous scope, any unparsed source text, any applicable error, or unacknowledged validation warning blocks. Otherwise ready automatically; no employee confirmation is invented. Absent optional fields are omitted.","School City is required but was not provided. | SCHOOL INFORMATION is required but was not provided. | Profile: No established answer: blank or placeholder. | Profile: Competing values for the same field. Resolve them in the pasted intake. | Profile: Repeated or ambiguous source sections do not establish a unique subject. | Profile: The intake contains unparsed text. Resolve it in Intake Checker before using this profile.","intake-checker/rules.js:24; intake-checker/parser.js:28; ssa-intake-assistant/src/model/from-intake-checker.js:15; ssa-intake-assistant/src/model/from-intake-checker.js:43; ssa-intake-assistant/src/model/intake-contract.js:24; intake-checker/validation.js:69; intake-checker/intake-checker.js:61; intake-checker/intake-checker.js:123","ssa-intake-assistant/src/model/from-intake-checker.test.js:16 (catalog and all-definition synthetic transfer; not a format-validity oracle); tests/intake-validation.test.js:28 (table-driven required-field omissions); tests/intake-validation.test.js:160; ssa-intake-assistant/src/model/from-intake-checker.test.js:199","High: direct code inspection.","D01: README line 31 says location/contact/teacher required; rules require only School City and School State. D15: fallback changes when any named School section exists.","Confirm school requirements and mixed parent/subsection handling.","","Existing behavior audited; no changes made."
"school","school.school-state","School State","SCHOOL INFORMATION (fallback EDUCATION INFORMATION only if no SCHOOL INFORMATION): exact School State. Plain or bold label; no field-label synonyms.","text in profile; text or null in parser","Fixed","Yes: exact plain label or bold label; mapping requires this section/record context.","Original pasted textarea only; not a full parsed-field display. Relevant validation/review rows show the label/reason. Later employee corrections appear in the correction ledger.","Yes, under this definition ID; repeated instances append @category-N. Present values and blanks transfer; absent optional values do not.","Always required","For every intake when validation runs (at least one section parsed). A fully absent/empty required section produces one grouped error; otherwise the field has its own missing error.","Never under the active Checker rule; no SSA interpretation added.","Checker reports missing only when the condition above applies. A present blank still transfers as missing/blocked; absence of an optional field creates no profile row.","Trim outer whitespace; preserve internal text and multiline values. Empty/whitespace or exact Not provided / *Not provided* (case-insensitive) becomes null. Exact label matching is case-sensitive. Adapter additionally treats N/A, NA, none provided, unknown, standalone not/provided, dashes/question marks, null/undefined/NaN, not applicable/not available, TBD, and Select/Choose prompts as missing. Literal No, false, 0 and None are not globally missing.","Checker checks presence only when required; no other format, enum or numeric-range validation for this field.","No date rule.","Use SCHOOL INFORMATION wherever found; only if none exists, use EDUCATION INFORMATION nodes. No highest-grade condition.","Checker does not generally flag duplicate labels. Adapter compares trimmed raw candidates in this scope: different strings, including blank versus supplied, block as conflict. Identical duplicates may be ready. Duplicate singleton sections or repeated record roots block as ambiguous. No candidate is selected for a conflict.","No general review trigger.","No answer default or inferred replacement. Date/boolean type encoding only when applicable.","Checker Reviewed hides the issue without changing the answer. A still-present error remains blocking in the profile even if reviewed. An acknowledged warning stops blocking unless another reason remains. General review flags never establish an answer.","Included if present (even blank) or emitted by validator requirements. Missing, unsupported type/meaning, raw conflict, ambiguous scope, any unparsed source text, any applicable error, or unacknowledged validation warning blocks. Otherwise ready automatically; no employee confirmation is invented. Absent optional fields are omitted.","School State is required but was not provided. | SCHOOL INFORMATION is required but was not provided. | Profile: No established answer: blank or placeholder. | Profile: Competing values for the same field. Resolve them in the pasted intake. | Profile: Repeated or ambiguous source sections do not establish a unique subject. | Profile: The intake contains unparsed text. Resolve it in Intake Checker before using this profile.","intake-checker/rules.js:24; intake-checker/parser.js:28; ssa-intake-assistant/src/model/from-intake-checker.js:15; ssa-intake-assistant/src/model/from-intake-checker.js:43; ssa-intake-assistant/src/model/intake-contract.js:24; intake-checker/validation.js:69; intake-checker/intake-checker.js:61; intake-checker/intake-checker.js:123","ssa-intake-assistant/src/model/from-intake-checker.test.js:16 (catalog and all-definition synthetic transfer; not a format-validity oracle); tests/intake-validation.test.js:28 (table-driven required-field omissions); tests/intake-validation.test.js:160; ssa-intake-assistant/src/model/from-intake-checker.test.js:199","High: direct code inspection.","D01: README line 31 says location/contact/teacher required; rules require only School City and School State. D15: fallback changes when any named School section exists.","Confirm school requirements and mixed parent/subsection handling.","","Existing behavior audited; no changes made."
"school","school.highest-grade-completed","Highest Grade Completed","SCHOOL INFORMATION (fallback EDUCATION INFORMATION only if no SCHOOL INFORMATION): exact Highest Grade Completed. Plain or bold label; no field-label synonyms.","text in profile; text or null in parser","Fixed","Yes: exact plain label or bold label; mapping requires this section/record context.","Original pasted textarea only; not a full parsed-field display. Relevant validation/review rows show the label/reason. Later employee corrections appear in the correction ledger.","Yes, under this definition ID; repeated instances append @category-N. Present values and blanks transfer; absent optional values do not.","Optional","No missing-field requirement in Checker.","May be absent or blank without a Checker missing-field error.","Checker accepts absence/blank. A present blank still transfers as missing/blocked; absence of an optional field creates no profile row.","Trim outer whitespace; preserve internal text and multiline values. Empty/whitespace or exact Not provided / *Not provided* (case-insensitive) becomes null. Exact label matching is case-sensitive. Adapter additionally treats N/A, NA, none provided, unknown, standalone not/provided, dashes/question marks, null/undefined/NaN, not applicable/not available, TBD, and Select/Choose prompts as missing. Literal No, false, 0 and None are not globally missing.","Checker checks presence only when required; no other format, enum or numeric-range validation for this field.","No date rule.","Use SCHOOL INFORMATION wherever found; only if none exists, use EDUCATION INFORMATION nodes. No highest-grade condition.","Checker does not generally flag duplicate labels. Adapter compares trimmed raw candidates in this scope: different strings, including blank versus supplied, block as conflict. Identical duplicates may be ready. Duplicate singleton sections or repeated record roots block as ambiguous. No candidate is selected for a conflict.","No general review trigger.","No answer default or inferred replacement. Date/boolean type encoding only when applicable.","Checker Reviewed hides the issue without changing the answer. A still-present error remains blocking in the profile even if reviewed. An acknowledged warning stops blocking unless another reason remains. General review flags never establish an answer.","Included if present (even blank) or emitted by validator requirements. Missing, unsupported type/meaning, raw conflict, ambiguous scope, any unparsed source text, any applicable error, or unacknowledged validation warning blocks. Otherwise ready automatically; no employee confirmation is invented. Absent optional fields are omitted.","Profile: No established answer: blank or placeholder. | Profile: Competing values for the same field. Resolve them in the pasted intake. | Profile: Repeated or ambiguous source sections do not establish a unique subject. | Profile: The intake contains unparsed text. Resolve it in Intake Checker before using this profile.","intake-checker/rules.js:25; intake-checker/parser.js:28; ssa-intake-assistant/src/model/from-intake-checker.js:15; ssa-intake-assistant/src/model/from-intake-checker.js:43; ssa-intake-assistant/src/model/intake-contract.js:24; intake-checker/validation.js:69; intake-checker/intake-checker.js:61; intake-checker/intake-checker.js:123","ssa-intake-assistant/src/model/from-intake-checker.test.js:16 (catalog and all-definition synthetic transfer; not a format-validity oracle); tests/intake-validation.test.js:160; ssa-intake-assistant/src/model/from-intake-checker.test.js:199","High: direct code inspection.","D01: README line 31 says location/contact/teacher required; rules require only School City and School State. D15: fallback changes when any named School section exists. D05: value can be profile-ready without format, range or enumeration validation; presence is not proof of SSA suitability.","Confirm school requirements and mixed parent/subsection handling. Specify any intended future validation separately; current behavior is recorded unchanged.","","Existing behavior audited; no changes made."
"school","school.school-name-where-highest-grade-completed","School name where highest grade completed","SCHOOL INFORMATION (fallback EDUCATION INFORMATION only if no SCHOOL INFORMATION): exact School name where highest grade completed. Plain or bold label; no field-label synonyms.","text in profile; text or null in parser","Fixed","Yes: exact plain label or bold label; mapping requires this section/record context.","Original pasted textarea only; not a full parsed-field display. Relevant validation/review rows show the label/reason. Later employee corrections appear in the correction ledger.","Yes, under this definition ID; repeated instances append @category-N. Present values and blanks transfer; absent optional values do not.","Optional","No missing-field requirement in Checker.","May be absent or blank without a Checker missing-field error.","Checker accepts absence/blank. A present blank still transfers as missing/blocked; absence of an optional field creates no profile row.","Trim outer whitespace; preserve internal text and multiline values. Empty/whitespace or exact Not provided / *Not provided* (case-insensitive) becomes null. Exact label matching is case-sensitive. Adapter additionally treats N/A, NA, none provided, unknown, standalone not/provided, dashes/question marks, null/undefined/NaN, not applicable/not available, TBD, and Select/Choose prompts as missing. Literal No, false, 0 and None are not globally missing.","Checker checks presence only when required; no other format, enum or numeric-range validation for this field.","No date rule.","Use SCHOOL INFORMATION wherever found; only if none exists, use EDUCATION INFORMATION nodes. No highest-grade condition.","Checker does not generally flag duplicate labels. Adapter compares trimmed raw candidates in this scope: different strings, including blank versus supplied, block as conflict. Identical duplicates may be ready. Duplicate singleton sections or repeated record roots block as ambiguous. No candidate is selected for a conflict.","No general review trigger.","No answer default or inferred replacement. Date/boolean type encoding only when applicable.","Checker Reviewed hides the issue without changing the answer. A still-present error remains blocking in the profile even if reviewed. An acknowledged warning stops blocking unless another reason remains. General review flags never establish an answer.","Included if present (even blank) or emitted by validator requirements. Missing, unsupported type/meaning, raw conflict, ambiguous scope, any unparsed source text, any applicable error, or unacknowledged validation warning blocks. Otherwise ready automatically; no employee confirmation is invented. Absent optional fields are omitted.","Profile: No established answer: blank or placeholder. | Profile: Competing values for the same field. Resolve them in the pasted intake. | Profile: Repeated or ambiguous source sections do not establish a unique subject. | Profile: The intake contains unparsed text. Resolve it in Intake Checker before using this profile.","intake-checker/rules.js:25; intake-checker/parser.js:28; ssa-intake-assistant/src/model/from-intake-checker.js:15; ssa-intake-assistant/src/model/from-intake-checker.js:43; ssa-intake-assistant/src/model/intake-contract.js:24; intake-checker/validation.js:69; intake-checker/intake-checker.js:61; intake-checker/intake-checker.js:123","ssa-intake-assistant/src/model/from-intake-checker.test.js:16 (catalog and all-definition synthetic transfer; not a format-validity oracle); tests/intake-validation.test.js:160; ssa-intake-assistant/src/model/from-intake-checker.test.js:199","High: direct code inspection.","D01: README line 31 says location/contact/teacher required; rules require only School City and School State. D15: fallback changes when any named School section exists.","Confirm school requirements and mixed parent/subsection handling.","","Existing behavior audited; no changes made."
"school","school.country-where-school-located","Country where school located","SCHOOL INFORMATION (fallback EDUCATION INFORMATION only if no SCHOOL INFORMATION): exact Country where school located. Plain or bold label; no field-label synonyms.","text in profile; text or null in parser","Fixed","Yes: exact plain label or bold label; mapping requires this section/record context.","Original pasted textarea only; not a full parsed-field display. Relevant validation/review rows show the label/reason. Later employee corrections appear in the correction ledger.","Yes, under this definition ID; repeated instances append @category-N. Present values and blanks transfer; absent optional values do not.","Optional","No missing-field requirement in Checker.","May be absent or blank without a Checker missing-field error.","Checker accepts absence/blank. A present blank still transfers as missing/blocked; absence of an optional field creates no profile row.","Trim outer whitespace; preserve internal text and multiline values. Empty/whitespace or exact Not provided / *Not provided* (case-insensitive) becomes null. Exact label matching is case-sensitive. Adapter additionally treats N/A, NA, none provided, unknown, standalone not/provided, dashes/question marks, null/undefined/NaN, not applicable/not available, TBD, and Select/Choose prompts as missing. Literal No, false, 0 and None are not globally missing.","Checker checks presence only when required; no other format, enum or numeric-range validation for this field.","No date rule.","Use SCHOOL INFORMATION wherever found; only if none exists, use EDUCATION INFORMATION nodes. No highest-grade condition.","Checker does not generally flag duplicate labels. Adapter compares trimmed raw candidates in this scope: different strings, including blank versus supplied, block as conflict. Identical duplicates may be ready. Duplicate singleton sections or repeated record roots block as ambiguous. No candidate is selected for a conflict.","No general review trigger.","No answer default or inferred replacement. Date/boolean type encoding only when applicable.","Checker Reviewed hides the issue without changing the answer. A still-present error remains blocking in the profile even if reviewed. An acknowledged warning stops blocking unless another reason remains. General review flags never establish an answer.","Included if present (even blank) or emitted by validator requirements. Missing, unsupported type/meaning, raw conflict, ambiguous scope, any unparsed source text, any applicable error, or unacknowledged validation warning blocks. Otherwise ready automatically; no employee confirmation is invented. Absent optional fields are omitted.","Profile: No established answer: blank or placeholder. | Profile: Competing values for the same field. Resolve them in the pasted intake. | Profile: Repeated or ambiguous source sections do not establish a unique subject. | Profile: The intake contains unparsed text. Resolve it in Intake Checker before using this profile.","intake-checker/rules.js:25; intake-checker/parser.js:28; ssa-intake-assistant/src/model/from-intake-checker.js:15; ssa-intake-assistant/src/model/from-intake-checker.js:43; ssa-intake-assistant/src/model/intake-contract.js:24; intake-checker/validation.js:69; intake-checker/intake-checker.js:61; intake-checker/intake-checker.js:123","ssa-intake-assistant/src/model/from-intake-checker.test.js:16 (catalog and all-definition synthetic transfer; not a format-validity oracle); tests/intake-validation.test.js:160; ssa-intake-assistant/src/model/from-intake-checker.test.js:199","High: direct code inspection.","D01: README line 31 says location/contact/teacher required; rules require only School City and School State. D15: fallback changes when any named School section exists.","Confirm school requirements and mixed parent/subsection handling.","","Existing behavior audited; no changes made."
"school","school.school-address-line-1","School Address Line 1","SCHOOL INFORMATION (fallback EDUCATION INFORMATION only if no SCHOOL INFORMATION): exact School Address Line 1. Plain or bold label; no field-label synonyms.","text in profile; text or null in parser","Fixed","Yes: exact plain label or bold label; mapping requires this section/record context.","Original pasted textarea only; not a full parsed-field display. Relevant validation/review rows show the label/reason. Later employee corrections appear in the correction ledger.","Yes, under this definition ID; repeated instances append @category-N. Present values and blanks transfer; absent optional values do not.","Optional","No missing-field requirement in Checker.","May be absent or blank without a Checker missing-field error.","Checker accepts absence/blank. A present blank still transfers as missing/blocked; absence of an optional field creates no profile row.","Trim outer whitespace; preserve internal text and multiline values. Empty/whitespace or exact Not provided / *Not provided* (case-insensitive) becomes null. Exact label matching is case-sensitive. Adapter additionally treats N/A, NA, none provided, unknown, standalone not/provided, dashes/question marks, null/undefined/NaN, not applicable/not available, TBD, and Select/Choose prompts as missing. Literal No, false, 0 and None are not globally missing.","Checker checks presence only when required; no other format, enum or numeric-range validation for this field.","No date rule.","Use SCHOOL INFORMATION wherever found; only if none exists, use EDUCATION INFORMATION nodes. No highest-grade condition.","Checker does not generally flag duplicate labels. Adapter compares trimmed raw candidates in this scope: different strings, including blank versus supplied, block as conflict. Identical duplicates may be ready. Duplicate singleton sections or repeated record roots block as ambiguous. No candidate is selected for a conflict.","No general review trigger.","No answer default or inferred replacement. Date/boolean type encoding only when applicable.","Checker Reviewed hides the issue without changing the answer. A still-present error remains blocking in the profile even if reviewed. An acknowledged warning stops blocking unless another reason remains. General review flags never establish an answer.","Included if present (even blank) or emitted by validator requirements. Missing, unsupported type/meaning, raw conflict, ambiguous scope, any unparsed source text, any applicable error, or unacknowledged validation warning blocks. Otherwise ready automatically; no employee confirmation is invented. Absent optional fields are omitted.","Profile: No established answer: blank or placeholder. | Profile: Competing values for the same field. Resolve them in the pasted intake. | Profile: Repeated or ambiguous source sections do not establish a unique subject. | Profile: The intake contains unparsed text. Resolve it in Intake Checker before using this profile.","intake-checker/rules.js:25; intake-checker/parser.js:28; ssa-intake-assistant/src/model/from-intake-checker.js:15; ssa-intake-assistant/src/model/from-intake-checker.js:43; ssa-intake-assistant/src/model/intake-contract.js:24; intake-checker/validation.js:69; intake-checker/intake-checker.js:61; intake-checker/intake-checker.js:123","ssa-intake-assistant/src/model/from-intake-checker.test.js:16 (catalog and all-definition synthetic transfer; not a format-validity oracle); tests/intake-validation.test.js:160; ssa-intake-assistant/src/model/from-intake-checker.test.js:199","High: direct code inspection.","D01: README line 31 says location/contact/teacher required; rules require only School City and School State. D15: fallback changes when any named School section exists.","Confirm school requirements and mixed parent/subsection handling.","","Existing behavior audited; no changes made."
"school","school.school-address-line-2","School Address Line 2","SCHOOL INFORMATION (fallback EDUCATION INFORMATION only if no SCHOOL INFORMATION): exact School Address Line 2. Plain or bold label; no field-label synonyms.","text in profile; text or null in parser","Fixed","Yes: exact plain label or bold label; mapping requires this section/record context.","Original pasted textarea only; not a full parsed-field display. Relevant validation/review rows show the label/reason. Later employee corrections appear in the correction ledger.","Yes, under this definition ID; repeated instances append @category-N. Present values and blanks transfer; absent optional values do not.","Optional","No missing-field requirement in Checker.","May be absent or blank without a Checker missing-field error.","Checker accepts absence/blank. A present blank still transfers as missing/blocked; absence of an optional field creates no profile row.","Trim outer whitespace; preserve internal text and multiline values. Empty/whitespace or exact Not provided / *Not provided* (case-insensitive) becomes null. Exact label matching is case-sensitive. Adapter additionally treats N/A, NA, none provided, unknown, standalone not/provided, dashes/question marks, null/undefined/NaN, not applicable/not available, TBD, and Select/Choose prompts as missing. Literal No, false, 0 and None are not globally missing.","Checker checks presence only when required; no other format, enum or numeric-range validation for this field.","No date rule.","Use SCHOOL INFORMATION wherever found; only if none exists, use EDUCATION INFORMATION nodes. No highest-grade condition.","Checker does not generally flag duplicate labels. Adapter compares trimmed raw candidates in this scope: different strings, including blank versus supplied, block as conflict. Identical duplicates may be ready. Duplicate singleton sections or repeated record roots block as ambiguous. No candidate is selected for a conflict.","No general review trigger.","No answer default or inferred replacement. Date/boolean type encoding only when applicable.","Checker Reviewed hides the issue without changing the answer. A still-present error remains blocking in the profile even if reviewed. An acknowledged warning stops blocking unless another reason remains. General review flags never establish an answer.","Included if present (even blank) or emitted by validator requirements. Missing, unsupported type/meaning, raw conflict, ambiguous scope, any unparsed source text, any applicable error, or unacknowledged validation warning blocks. Otherwise ready automatically; no employee confirmation is invented. Absent optional fields are omitted.","Profile: No established answer: blank or placeholder. | Profile: Competing values for the same field. Resolve them in the pasted intake. | Profile: Repeated or ambiguous source sections do not establish a unique subject. | Profile: The intake contains unparsed text. Resolve it in Intake Checker before using this profile.","intake-checker/rules.js:25; intake-checker/parser.js:28; ssa-intake-assistant/src/model/from-intake-checker.js:15; ssa-intake-assistant/src/model/from-intake-checker.js:43; ssa-intake-assistant/src/model/intake-contract.js:24; intake-checker/validation.js:69; intake-checker/intake-checker.js:61; intake-checker/intake-checker.js:123","ssa-intake-assistant/src/model/from-intake-checker.test.js:16 (catalog and all-definition synthetic transfer; not a format-validity oracle); tests/intake-validation.test.js:160; ssa-intake-assistant/src/model/from-intake-checker.test.js:199","High: direct code inspection.","D01: README line 31 says location/contact/teacher required; rules require only School City and School State. D15: fallback changes when any named School section exists.","Confirm school requirements and mixed parent/subsection handling.","","Existing behavior audited; no changes made."
"school","school.school-zip-code","School Zip Code","SCHOOL INFORMATION (fallback EDUCATION INFORMATION only if no SCHOOL INFORMATION): exact School Zip Code. Plain or bold label; no field-label synonyms.","text in profile; text or null in parser","Fixed","Yes: exact plain label or bold label; mapping requires this section/record context.","Original pasted textarea only; not a full parsed-field display. Relevant validation/review rows show the label/reason. Later employee corrections appear in the correction ledger.","Yes, under this definition ID; repeated instances append @category-N. Present values and blanks transfer; absent optional values do not.","Optional","No missing-field requirement in Checker.","May be absent or blank without a Checker missing-field error.","Checker accepts absence/blank. A present blank still transfers as missing/blocked; absence of an optional field creates no profile row.","Trim outer whitespace; preserve internal text and multiline values. Empty/whitespace or exact Not provided / *Not provided* (case-insensitive) becomes null. Exact label matching is case-sensitive. Adapter additionally treats N/A, NA, none provided, unknown, standalone not/provided, dashes/question marks, null/undefined/NaN, not applicable/not available, TBD, and Select/Choose prompts as missing. Literal No, false, 0 and None are not globally missing.","Checker checks presence only when required; no other format, enum or numeric-range validation for this field.","No date rule.","Use SCHOOL INFORMATION wherever found; only if none exists, use EDUCATION INFORMATION nodes. No highest-grade condition.","Checker does not generally flag duplicate labels. Adapter compares trimmed raw candidates in this scope: different strings, including blank versus supplied, block as conflict. Identical duplicates may be ready. Duplicate singleton sections or repeated record roots block as ambiguous. No candidate is selected for a conflict.","No general review trigger.","No answer default or inferred replacement. Date/boolean type encoding only when applicable.","Checker Reviewed hides the issue without changing the answer. A still-present error remains blocking in the profile even if reviewed. An acknowledged warning stops blocking unless another reason remains. General review flags never establish an answer.","Included if present (even blank) or emitted by validator requirements. Missing, unsupported type/meaning, raw conflict, ambiguous scope, any unparsed source text, any applicable error, or unacknowledged validation warning blocks. Otherwise ready automatically; no employee confirmation is invented. Absent optional fields are omitted.","Profile: No established answer: blank or placeholder. | Profile: Competing values for the same field. Resolve them in the pasted intake. | Profile: Repeated or ambiguous source sections do not establish a unique subject. | Profile: The intake contains unparsed text. Resolve it in Intake Checker before using this profile.","intake-checker/rules.js:25; intake-checker/parser.js:28; ssa-intake-assistant/src/model/from-intake-checker.js:15; ssa-intake-assistant/src/model/from-intake-checker.js:43; ssa-intake-assistant/src/model/intake-contract.js:24; intake-checker/validation.js:69; intake-checker/intake-checker.js:61; intake-checker/intake-checker.js:123","ssa-intake-assistant/src/model/from-intake-checker.test.js:16 (catalog and all-definition synthetic transfer; not a format-validity oracle); tests/intake-validation.test.js:160; ssa-intake-assistant/src/model/from-intake-checker.test.js:199","High: direct code inspection.","D01: README line 31 says location/contact/teacher required; rules require only School City and School State. D15: fallback changes when any named School section exists. D05: value can be profile-ready without format, range or enumeration validation; presence is not proof of SSA suitability.","Confirm school requirements and mixed parent/subsection handling. Specify any intended future validation separately; current behavior is recorded unchanged.","","Existing behavior audited; no changes made."
"school","school.school-end-date","School End Date","SCHOOL INFORMATION (fallback EDUCATION INFORMATION only if no SCHOOL INFORMATION): exact School End Date. Plain or bold label; no field-label synonyms.","date in profile; text or null in parser","Fixed","Yes: exact plain label or bold label; mapping requires this section/record context.","Original pasted textarea only; not a full parsed-field display. Relevant validation/review rows show the label/reason. Later employee corrections appear in the correction ledger.","Yes, under this definition ID; repeated instances append @category-N. Present values and blanks transfer; absent optional values do not.","Optional","No missing-field requirement in Checker.","May be absent or blank without a Checker missing-field error.","Checker accepts absence/blank. A present blank still transfers as missing/blocked; absence of an optional field creates no profile row.","Trim outer whitespace; preserve internal text and multiline values. Empty/whitespace or exact Not provided / *Not provided* (case-insensitive) becomes null. Exact label matching is case-sensitive. Adapter additionally treats N/A, NA, none provided, unknown, standalone not/provided, dashes/question marks, null/undefined/NaN, not applicable/not available, TBD, and Select/Choose prompts as missing. Literal No, false, 0 and None are not globally missing.","Checker checks presence only when required; no other format, enum or numeric-range validation for this field.","Profile accepts YYYY-M[-D], M/D/YYYY, M/YYYY, English full/three-letter month plus optional day and four-digit year. Leap/calendar validity and year >=1000 required. Encodes YYYY-MM or YYYY-MM-DD with precision; invalid/unsupported date becomes missing. No general future-date or age restriction.","Use SCHOOL INFORMATION wherever found; only if none exists, use EDUCATION INFORMATION nodes. No highest-grade condition.","Checker does not generally flag duplicate labels. Adapter compares trimmed raw candidates in this scope: different strings, including blank versus supplied, block as conflict. Identical duplicates may be ready. Duplicate singleton sections or repeated record roots block as ambiguous. No candidate is selected for a conflict.","No general review trigger.","No answer default or inferred replacement. Date/boolean type encoding only when applicable.","Checker Reviewed hides the issue without changing the answer. A still-present error remains blocking in the profile even if reviewed. An acknowledged warning stops blocking unless another reason remains. General review flags never establish an answer.","Included if present (even blank) or emitted by validator requirements. Missing, unsupported type/meaning, raw conflict, ambiguous scope, any unparsed source text, any applicable error, or unacknowledged validation warning blocks. Otherwise ready automatically; no employee confirmation is invented. Absent optional fields are omitted.","Profile: No established answer: blank or placeholder. | Profile: Competing values for the same field. Resolve them in the pasted intake. | Profile: Repeated or ambiguous source sections do not establish a unique subject. | Profile: The intake contains unparsed text. Resolve it in Intake Checker before using this profile. | Profile: No valid calendar date in a supported Intake Checker format.","intake-checker/rules.js:25; intake-checker/parser.js:28; ssa-intake-assistant/src/model/from-intake-checker.js:15; ssa-intake-assistant/src/model/from-intake-checker.js:43; ssa-intake-assistant/src/model/intake-contract.js:24; intake-checker/validation.js:69; intake-checker/validation.js:8; intake-checker/intake-checker.js:61; intake-checker/intake-checker.js:123","ssa-intake-assistant/src/model/from-intake-checker.test.js:16 (catalog and all-definition synthetic transfer; not a format-validity oracle); tests/intake-validation.test.js:160; ssa-intake-assistant/src/model/from-intake-checker.test.js:199; tests/intake-validation.test.js:112; ssa-intake-assistant/src/model/from-intake-checker.test.js:62; M06: boundary gaps in summary.","High: direct code inspection.","D01: README line 31 says location/contact/teacher required; rules require only School City and School State. D15: fallback changes when any named School section exists.","Confirm school requirements and mixed parent/subsection handling.","","Existing behavior audited; no changes made."
"school","school.school-phone-number","School Phone Number","SCHOOL INFORMATION (fallback EDUCATION INFORMATION only if no SCHOOL INFORMATION): exact School Phone Number. Plain or bold label; no field-label synonyms.","text in profile; text or null in parser","Fixed","Yes: exact plain label or bold label; mapping requires this section/record context.","Original pasted textarea only; not a full parsed-field display. Relevant validation/review rows show the label/reason. Later employee corrections appear in the correction ledger.","Yes, under this definition ID; repeated instances append @category-N. Present values and blanks transfer; absent optional values do not.","Optional","No missing-field requirement in Checker.","May be absent or blank without a Checker missing-field error.","Checker accepts absence/blank. A present blank still transfers as missing/blocked; absence of an optional field creates no profile row.","Trim outer whitespace; preserve internal text and multiline values. Empty/whitespace or exact Not provided / *Not provided* (case-insensitive) becomes null. Exact label matching is case-sensitive. Adapter additionally treats N/A, NA, none provided, unknown, standalone not/provided, dashes/question marks, null/undefined/NaN, not applicable/not available, TBD, and Select/Choose prompts as missing. Literal No, false, 0 and None are not globally missing.","Checker checks presence only when required; no other format, enum or numeric-range validation for this field.","No date rule.","Use SCHOOL INFORMATION wherever found; only if none exists, use EDUCATION INFORMATION nodes. No highest-grade condition.","Checker does not generally flag duplicate labels. Adapter compares trimmed raw candidates in this scope: different strings, including blank versus supplied, block as conflict. Identical duplicates may be ready. Duplicate singleton sections or repeated record roots block as ambiguous. No candidate is selected for a conflict.","No general review trigger.","No answer default or inferred replacement. Date/boolean type encoding only when applicable.","Checker Reviewed hides the issue without changing the answer. A still-present error remains blocking in the profile even if reviewed. An acknowledged warning stops blocking unless another reason remains. General review flags never establish an answer.","Included if present (even blank) or emitted by validator requirements. Missing, unsupported type/meaning, raw conflict, ambiguous scope, any unparsed source text, any applicable error, or unacknowledged validation warning blocks. Otherwise ready automatically; no employee confirmation is invented. Absent optional fields are omitted.","Profile: No established answer: blank or placeholder. | Profile: Competing values for the same field. Resolve them in the pasted intake. | Profile: Repeated or ambiguous source sections do not establish a unique subject. | Profile: The intake contains unparsed text. Resolve it in Intake Checker before using this profile.","intake-checker/rules.js:25; intake-checker/parser.js:28; ssa-intake-assistant/src/model/from-intake-checker.js:15; ssa-intake-assistant/src/model/from-intake-checker.js:43; ssa-intake-assistant/src/model/intake-contract.js:24; intake-checker/validation.js:69; intake-checker/intake-checker.js:61; intake-checker/intake-checker.js:123","ssa-intake-assistant/src/model/from-intake-checker.test.js:16 (catalog and all-definition synthetic transfer; not a format-validity oracle); tests/intake-validation.test.js:160; ssa-intake-assistant/src/model/from-intake-checker.test.js:199","High: direct code inspection.","D01: README line 31 says location/contact/teacher required; rules require only School City and School State. D15: fallback changes when any named School section exists. D05: value can be profile-ready without format, range or enumeration validation; presence is not proof of SSA suitability.","Confirm school requirements and mixed parent/subsection handling. Specify any intended future validation separately; current behavior is recorded unchanged.","","Existing behavior audited; no changes made."
"school","school.teacher-name","Teacher Name","SCHOOL INFORMATION (fallback EDUCATION INFORMATION only if no SCHOOL INFORMATION): exact Teacher Name. Plain or bold label; no field-label synonyms.","text in profile; text or null in parser","Fixed","Yes: exact plain label or bold label; mapping requires this section/record context.","Original pasted textarea only; not a full parsed-field display. Relevant validation/review rows show the label/reason. Later employee corrections appear in the correction ledger.","Yes, under this definition ID; repeated instances append @category-N. Present values and blanks transfer; absent optional values do not.","Optional","No missing-field requirement in Checker.","May be absent or blank without a Checker missing-field error.","Checker accepts absence/blank. A present blank still transfers as missing/blocked; absence of an optional field creates no profile row.","Trim outer whitespace; preserve internal text and multiline values. Empty/whitespace or exact Not provided / *Not provided* (case-insensitive) becomes null. Exact label matching is case-sensitive. Adapter additionally treats N/A, NA, none provided, unknown, standalone not/provided, dashes/question marks, null/undefined/NaN, not applicable/not available, TBD, and Select/Choose prompts as missing. Literal No, false, 0 and None are not globally missing.","Nonmissing value containing any period produces an error. No other name-character rule.","No date rule.","Use SCHOOL INFORMATION wherever found; only if none exists, use EDUCATION INFORMATION nodes. No highest-grade condition.","Checker does not generally flag duplicate labels. Adapter compares trimmed raw candidates in this scope: different strings, including blank versus supplied, block as conflict. Identical duplicates may be ready. Duplicate singleton sections or repeated record roots block as ambiguous. No candidate is selected for a conflict.","No general review trigger.","No answer default or inferred replacement. Date/boolean type encoding only when applicable.","Checker Reviewed hides the issue without changing the answer. A still-present error remains blocking in the profile even if reviewed. An acknowledged warning stops blocking unless another reason remains. General review flags never establish an answer.","Included if present (even blank) or emitted by validator requirements. Missing, unsupported type/meaning, raw conflict, ambiguous scope, any unparsed source text, any applicable error, or unacknowledged validation warning blocks. Otherwise ready automatically; no employee confirmation is invented. Absent optional fields are omitted.","Periods are not allowed in person names. | Profile: No established answer: blank or placeholder. | Profile: Competing values for the same field. Resolve them in the pasted intake. | Profile: Repeated or ambiguous source sections do not establish a unique subject. | Profile: The intake contains unparsed text. Resolve it in Intake Checker before using this profile.","intake-checker/rules.js:25; intake-checker/parser.js:28; ssa-intake-assistant/src/model/from-intake-checker.js:15; ssa-intake-assistant/src/model/from-intake-checker.js:43; ssa-intake-assistant/src/model/intake-contract.js:24; intake-checker/validation.js:174; intake-checker/validation.js:69; intake-checker/intake-checker.js:61; intake-checker/intake-checker.js:123","ssa-intake-assistant/src/model/from-intake-checker.test.js:16 (catalog and all-definition synthetic transfer; not a format-validity oracle); tests/intake-validation.test.js:175 (selected name fields, not every configured label); tests/intake-validation.test.js:160; ssa-intake-assistant/src/model/from-intake-checker.test.js:199","High: direct code inspection.","D01: README line 31 says location/contact/teacher required; rules require only School City and School State. D15: fallback changes when any named School section exists.","Confirm school requirements and mixed parent/subsection handling.","","Existing behavior audited; no changes made."
"vehicles","vehicles.year","Year","VEHICLES / /^Vehicle(?: \d+)?$/: exact Year. Plain or bold label; no field-label synonyms.","text in profile; text or null in parser","Repeating (fixed definition; one instance per recognized record)","Yes: exact plain label or bold label; mapping requires this section/record context.","Original pasted textarea only; not a full parsed-field display. Relevant validation/review rows show the label/reason. Later employee corrections appear in the correction ledger.","Yes, under this definition ID; repeated instances append @category-N. Present values and blanks transfer; absent optional values do not.","Optional","No missing-field requirement in Checker.","May be absent or blank without a Checker missing-field error.","Checker accepts absence/blank. A present blank still transfers as missing/blocked; absence of an optional field creates no profile row.","Trim outer whitespace; preserve internal text and multiline values. Empty/whitespace or exact Not provided / *Not provided* (case-insensitive) becomes null. Exact label matching is case-sensitive. Adapter additionally treats N/A, NA, none provided, unknown, standalone not/provided, dashes/question marks, null/undefined/NaN, not applicable/not available, TBD, and Select/Choose prompts as missing. Literal No, false, 0 and None are not globally missing.","Checker checks presence only when required; no other format, enum or numeric-range validation for this field.","No date rule.","Own any vehicles does not require or suppress vehicle records. Vehicle records receive no Checker record validation.","Checker does not generally flag duplicate labels. Adapter compares trimmed raw candidates in this scope: different strings, including blank versus supplied, block as conflict. Identical duplicates may be ready. Duplicate singleton sections or repeated record roots block as ambiguous. No candidate is selected for a conflict.","No general review trigger.","No answer default or inferred replacement. Date/boolean type encoding only when applicable.","Checker Reviewed hides the issue without changing the answer. A still-present error remains blocking in the profile even if reviewed. An acknowledged warning stops blocking unless another reason remains. General review flags never establish an answer.","Included if present (even blank) or emitted by validator requirements. Missing, unsupported type/meaning, raw conflict, ambiguous scope, any unparsed source text, any applicable error, or unacknowledged validation warning blocks. Otherwise ready automatically; no employee confirmation is invented. Absent optional fields are omitted.","Profile: No established answer: blank or placeholder. | Profile: Competing values for the same field. Resolve them in the pasted intake. | Profile: Repeated or ambiguous source sections do not establish a unique subject. | Profile: The intake contains unparsed text. Resolve it in Intake Checker before using this profile.","intake-checker/rules.js:31; intake-checker/parser.js:28; ssa-intake-assistant/src/model/from-intake-checker.js:15; ssa-intake-assistant/src/model/from-intake-checker.js:43; ssa-intake-assistant/src/model/intake-contract.js:24; intake-checker/validation.js:109; intake-checker/intake-checker.js:61; intake-checker/intake-checker.js:123","ssa-intake-assistant/src/model/from-intake-checker.test.js:16 (catalog and all-definition synthetic transfer; not a format-validity oracle); tests/intake-validation.test.js:59","High: direct code inspection.","D05: value can be profile-ready without format, range or enumeration validation; presence is not proof of SSA suitability.","Specify any intended future validation separately; current behavior is recorded unchanged.","","Existing behavior audited; no changes made."
"vehicles","vehicles.make","Make","VEHICLES / /^Vehicle(?: \d+)?$/: exact Make. Plain or bold label; no field-label synonyms.","text in profile; text or null in parser","Repeating (fixed definition; one instance per recognized record)","Yes: exact plain label or bold label; mapping requires this section/record context.","Original pasted textarea only; not a full parsed-field display. Relevant validation/review rows show the label/reason. Later employee corrections appear in the correction ledger.","Yes, under this definition ID; repeated instances append @category-N. Present values and blanks transfer; absent optional values do not.","Optional","No missing-field requirement in Checker.","May be absent or blank without a Checker missing-field error.","Checker accepts absence/blank. A present blank still transfers as missing/blocked; absence of an optional field creates no profile row.","Trim outer whitespace; preserve internal text and multiline values. Empty/whitespace or exact Not provided / *Not provided* (case-insensitive) becomes null. Exact label matching is case-sensitive. Adapter additionally treats N/A, NA, none provided, unknown, standalone not/provided, dashes/question marks, null/undefined/NaN, not applicable/not available, TBD, and Select/Choose prompts as missing. Literal No, false, 0 and None are not globally missing.","Checker checks presence only when required; no other format, enum or numeric-range validation for this field.","No date rule.","Own any vehicles does not require or suppress vehicle records. Vehicle records receive no Checker record validation.","Checker does not generally flag duplicate labels. Adapter compares trimmed raw candidates in this scope: different strings, including blank versus supplied, block as conflict. Identical duplicates may be ready. Duplicate singleton sections or repeated record roots block as ambiguous. No candidate is selected for a conflict.","No general review trigger.","No answer default or inferred replacement. Date/boolean type encoding only when applicable.","Checker Reviewed hides the issue without changing the answer. A still-present error remains blocking in the profile even if reviewed. An acknowledged warning stops blocking unless another reason remains. General review flags never establish an answer.","Included if present (even blank) or emitted by validator requirements. Missing, unsupported type/meaning, raw conflict, ambiguous scope, any unparsed source text, any applicable error, or unacknowledged validation warning blocks. Otherwise ready automatically; no employee confirmation is invented. Absent optional fields are omitted.","Profile: No established answer: blank or placeholder. | Profile: Competing values for the same field. Resolve them in the pasted intake. | Profile: Repeated or ambiguous source sections do not establish a unique subject. | Profile: The intake contains unparsed text. Resolve it in Intake Checker before using this profile.","intake-checker/rules.js:31; intake-checker/parser.js:28; ssa-intake-assistant/src/model/from-intake-checker.js:15; ssa-intake-assistant/src/model/from-intake-checker.js:43; ssa-intake-assistant/src/model/intake-contract.js:24; intake-checker/validation.js:109; intake-checker/intake-checker.js:61; intake-checker/intake-checker.js:123","ssa-intake-assistant/src/model/from-intake-checker.test.js:16 (catalog and all-definition synthetic transfer; not a format-validity oracle); tests/intake-validation.test.js:59","High: direct code inspection.","No field-specific discrepancy identified; shared rules and limitations still apply.","Review and approve the documented current rule.","","Existing behavior audited; no changes made."
"vehicles","vehicles.model","Model","VEHICLES / /^Vehicle(?: \d+)?$/: exact Model. Plain or bold label; no field-label synonyms.","text in profile; text or null in parser","Repeating (fixed definition; one instance per recognized record)","Yes: exact plain label or bold label; mapping requires this section/record context.","Original pasted textarea only; not a full parsed-field display. Relevant validation/review rows show the label/reason. Later employee corrections appear in the correction ledger.","Yes, under this definition ID; repeated instances append @category-N. Present values and blanks transfer; absent optional values do not.","Optional","No missing-field requirement in Checker.","May be absent or blank without a Checker missing-field error.","Checker accepts absence/blank. A present blank still transfers as missing/blocked; absence of an optional field creates no profile row.","Trim outer whitespace; preserve internal text and multiline values. Empty/whitespace or exact Not provided / *Not provided* (case-insensitive) becomes null. Exact label matching is case-sensitive. Adapter additionally treats N/A, NA, none provided, unknown, standalone not/provided, dashes/question marks, null/undefined/NaN, not applicable/not available, TBD, and Select/Choose prompts as missing. Literal No, false, 0 and None are not globally missing.","Checker checks presence only when required; no other format, enum or numeric-range validation for this field.","No date rule.","Own any vehicles does not require or suppress vehicle records. Vehicle records receive no Checker record validation.","Checker does not generally flag duplicate labels. Adapter compares trimmed raw candidates in this scope: different strings, including blank versus supplied, block as conflict. Identical duplicates may be ready. Duplicate singleton sections or repeated record roots block as ambiguous. No candidate is selected for a conflict.","No general review trigger.","No answer default or inferred replacement. Date/boolean type encoding only when applicable.","Checker Reviewed hides the issue without changing the answer. A still-present error remains blocking in the profile even if reviewed. An acknowledged warning stops blocking unless another reason remains. General review flags never establish an answer.","Included if present (even blank) or emitted by validator requirements. Missing, unsupported type/meaning, raw conflict, ambiguous scope, any unparsed source text, any applicable error, or unacknowledged validation warning blocks. Otherwise ready automatically; no employee confirmation is invented. Absent optional fields are omitted.","Profile: No established answer: blank or placeholder. | Profile: Competing values for the same field. Resolve them in the pasted intake. | Profile: Repeated or ambiguous source sections do not establish a unique subject. | Profile: The intake contains unparsed text. Resolve it in Intake Checker before using this profile.","intake-checker/rules.js:31; intake-checker/parser.js:28; ssa-intake-assistant/src/model/from-intake-checker.js:15; ssa-intake-assistant/src/model/from-intake-checker.js:43; ssa-intake-assistant/src/model/intake-contract.js:24; intake-checker/validation.js:109; intake-checker/intake-checker.js:61; intake-checker/intake-checker.js:123","ssa-intake-assistant/src/model/from-intake-checker.test.js:16 (catalog and all-definition synthetic transfer; not a format-validity oracle); tests/intake-validation.test.js:59","High: direct code inspection.","No field-specific discrepancy identified; shared rules and limitations still apply.","Review and approve the documented current rule.","","Existing behavior audited; no changes made."
"vehicles","vehicles.mileage","Mileage","VEHICLES / /^Vehicle(?: \d+)?$/: exact Mileage. Plain or bold label; no field-label synonyms.","text in profile; text or null in parser","Repeating (fixed definition; one instance per recognized record)","Yes: exact plain label or bold label; mapping requires this section/record context.","Original pasted textarea only; not a full parsed-field display. Relevant validation/review rows show the label/reason. Later employee corrections appear in the correction ledger.","Yes, under this definition ID; repeated instances append @category-N. Present values and blanks transfer; absent optional values do not.","Optional","No missing-field requirement in Checker.","May be absent or blank without a Checker missing-field error.","Checker accepts absence/blank. A present blank still transfers as missing/blocked; absence of an optional field creates no profile row.","Trim outer whitespace; preserve internal text and multiline values. Empty/whitespace or exact Not provided / *Not provided* (case-insensitive) becomes null. Exact label matching is case-sensitive. Adapter additionally treats N/A, NA, none provided, unknown, standalone not/provided, dashes/question marks, null/undefined/NaN, not applicable/not available, TBD, and Select/Choose prompts as missing. Literal No, false, 0 and None are not globally missing.","Checker checks presence only when required; no other format, enum or numeric-range validation for this field.","No date rule.","Own any vehicles does not require or suppress vehicle records. Vehicle records receive no Checker record validation.","Checker does not generally flag duplicate labels. Adapter compares trimmed raw candidates in this scope: different strings, including blank versus supplied, block as conflict. Identical duplicates may be ready. Duplicate singleton sections or repeated record roots block as ambiguous. No candidate is selected for a conflict.","No general review trigger.","No answer default or inferred replacement. Date/boolean type encoding only when applicable.","Checker Reviewed hides the issue without changing the answer. A still-present error remains blocking in the profile even if reviewed. An acknowledged warning stops blocking unless another reason remains. General review flags never establish an answer.","Included if present (even blank) or emitted by validator requirements. Missing, unsupported type/meaning, raw conflict, ambiguous scope, any unparsed source text, any applicable error, or unacknowledged validation warning blocks. Otherwise ready automatically; no employee confirmation is invented. Absent optional fields are omitted.","Profile: No established answer: blank or placeholder. | Profile: Competing values for the same field. Resolve them in the pasted intake. | Profile: Repeated or ambiguous source sections do not establish a unique subject. | Profile: The intake contains unparsed text. Resolve it in Intake Checker before using this profile.","intake-checker/rules.js:31; intake-checker/parser.js:28; ssa-intake-assistant/src/model/from-intake-checker.js:15; ssa-intake-assistant/src/model/from-intake-checker.js:43; ssa-intake-assistant/src/model/intake-contract.js:24; intake-checker/validation.js:109; intake-checker/intake-checker.js:61; intake-checker/intake-checker.js:123","ssa-intake-assistant/src/model/from-intake-checker.test.js:16 (catalog and all-definition synthetic transfer; not a format-validity oracle); tests/intake-validation.test.js:59","High: direct code inspection.","D05: value can be profile-ready without format, range or enumeration validation; presence is not proof of SSA suitability.","Specify any intended future validation separately; current behavior is recorded unchanged.","","Existing behavior audited; no changes made."
"providers","providers.phone-number","Phone Number","MEDICAL PROVIDERS / /^(?:Clinic|Medical Provider|Provider|Hospital|Doctor)(?: \d+)?$/: exact Phone Number. Plain or bold label; no field-label synonyms.","text in profile; text or null in parser","Repeating (fixed definition; one instance per recognized record)","Yes: exact plain label or bold label; mapping requires this section/record context.","Original pasted textarea only; not a full parsed-field display. Relevant validation/review rows show the label/reason. Later employee corrections appear in the correction ledger.","Yes, under this definition ID; repeated instances append @category-N. Present values and blanks transfer; absent optional values do not.","Conditional","For every recognized providers record under MEDICAL PROVIDERS; the entire record group may be absent.","When no recognized record exists.","Checker reports missing only when the condition above applies. A present blank still transfers as missing/blocked; absence of an optional field creates no profile row.","Trim outer whitespace; preserve internal text and multiline values. Empty/whitespace or exact Not provided / *Not provided* (case-insensitive) becomes null. Exact label matching is case-sensitive. Adapter additionally treats N/A, NA, none provided, unknown, standalone not/provided, dashes/question marks, null/undefined/NaN, not applicable/not available, TBD, and Select/Choose prompts as missing. Literal No, false, 0 and None are not globally missing.","Checker checks presence only when required; no other format, enum or numeric-range validation for this field.","No date rule.","No additional cross-field rule.","Checker does not generally flag duplicate labels. Adapter compares trimmed raw candidates in this scope: different strings, including blank versus supplied, block as conflict. Identical duplicates may be ready. Duplicate singleton sections or repeated record roots block as ambiguous. No candidate is selected for a conflict.","No general review trigger.","No answer default or inferred replacement. Date/boolean type encoding only when applicable.","Checker Reviewed hides the issue without changing the answer. A still-present error remains blocking in the profile even if reviewed. An acknowledged warning stops blocking unless another reason remains. General review flags never establish an answer.","Included if present (even blank) or emitted by validator requirements. Missing, unsupported type/meaning, raw conflict, ambiguous scope, any unparsed source text, any applicable error, or unacknowledged validation warning blocks. Otherwise ready automatically; no employee confirmation is invented. Absent optional fields are omitted.","Phone Number is required but was not provided. | Profile: No established answer: blank or placeholder. | Profile: Competing values for the same field. Resolve them in the pasted intake. | Profile: Repeated or ambiguous source sections do not establish a unique subject. | Profile: The intake contains unparsed text. Resolve it in Intake Checker before using this profile.","intake-checker/rules.js:32; intake-checker/parser.js:28; ssa-intake-assistant/src/model/from-intake-checker.js:15; ssa-intake-assistant/src/model/from-intake-checker.js:43; ssa-intake-assistant/src/model/intake-contract.js:24; intake-checker/validation.js:116; intake-checker/intake-checker.js:61; intake-checker/intake-checker.js:123","ssa-intake-assistant/src/model/from-intake-checker.test.js:16 (catalog and all-definition synthetic transfer; not a format-validity oracle); tests/intake-validation.test.js:43 (record independence/group absence; not every optional field individually)","High: direct code inspection.","D05: value can be profile-ready without format, range or enumeration validation; presence is not proof of SSA suitability.","Specify any intended future validation separately; current behavior is recorded unchanged.","","Existing behavior audited; no changes made."
"providers","providers.address","Address","MEDICAL PROVIDERS / /^(?:Clinic|Medical Provider|Provider|Hospital|Doctor)(?: \d+)?$/: exact Address. Plain or bold label; no field-label synonyms.","text in profile; text or null in parser","Repeating (fixed definition; one instance per recognized record)","Yes: exact plain label or bold label; mapping requires this section/record context.","Original pasted textarea only; not a full parsed-field display. Relevant validation/review rows show the label/reason. Later employee corrections appear in the correction ledger.","Yes, under this definition ID; repeated instances append @category-N. Present values and blanks transfer; absent optional values do not.","Conditional","For every recognized providers record under MEDICAL PROVIDERS; the entire record group may be absent.","When no recognized record exists.","Checker reports missing only when the condition above applies. A present blank still transfers as missing/blocked; absence of an optional field creates no profile row.","Trim outer whitespace; preserve internal text and multiline values. Empty/whitespace or exact Not provided / *Not provided* (case-insensitive) becomes null. Exact label matching is case-sensitive. Adapter additionally treats N/A, NA, none provided, unknown, standalone not/provided, dashes/question marks, null/undefined/NaN, not applicable/not available, TBD, and Select/Choose prompts as missing. Literal No, false, 0 and None are not globally missing.","Checker checks presence only when required; no other format, enum or numeric-range validation for this field.","No date rule.","No additional cross-field rule.","Checker does not generally flag duplicate labels. Adapter compares trimmed raw candidates in this scope: different strings, including blank versus supplied, block as conflict. Identical duplicates may be ready. Duplicate singleton sections or repeated record roots block as ambiguous. No candidate is selected for a conflict.","No general review trigger.","No answer default or inferred replacement. Date/boolean type encoding only when applicable.","Checker Reviewed hides the issue without changing the answer. A still-present error remains blocking in the profile even if reviewed. An acknowledged warning stops blocking unless another reason remains. General review flags never establish an answer.","Included if present (even blank) or emitted by validator requirements. Missing, unsupported type/meaning, raw conflict, ambiguous scope, any unparsed source text, any applicable error, or unacknowledged validation warning blocks. Otherwise ready automatically; no employee confirmation is invented. Absent optional fields are omitted.","Address is required but was not provided. | Profile: No established answer: blank or placeholder. | Profile: Competing values for the same field. Resolve them in the pasted intake. | Profile: Repeated or ambiguous source sections do not establish a unique subject. | Profile: The intake contains unparsed text. Resolve it in Intake Checker before using this profile.","intake-checker/rules.js:32; intake-checker/parser.js:28; ssa-intake-assistant/src/model/from-intake-checker.js:15; ssa-intake-assistant/src/model/from-intake-checker.js:43; ssa-intake-assistant/src/model/intake-contract.js:24; intake-checker/validation.js:116; intake-checker/intake-checker.js:61; intake-checker/intake-checker.js:123","ssa-intake-assistant/src/model/from-intake-checker.test.js:16 (catalog and all-definition synthetic transfer; not a format-validity oracle); tests/intake-validation.test.js:43 (record independence/group absence; not every optional field individually)","High: direct code inspection.","No field-specific discrepancy identified; shared rules and limitations still apply.","Review and approve the documented current rule.","","Existing behavior audited; no changes made."
"providers","providers.city","City","MEDICAL PROVIDERS / /^(?:Clinic|Medical Provider|Provider|Hospital|Doctor)(?: \d+)?$/: exact City. Plain or bold label; no field-label synonyms.","text in profile; text or null in parser","Repeating (fixed definition; one instance per recognized record)","Yes: exact plain label or bold label; mapping requires this section/record context.","Original pasted textarea only; not a full parsed-field display. Relevant validation/review rows show the label/reason. Later employee corrections appear in the correction ledger.","Yes, under this definition ID; repeated instances append @category-N. Present values and blanks transfer; absent optional values do not.","Conditional","For every recognized providers record under MEDICAL PROVIDERS; the entire record group may be absent.","When no recognized record exists.","Checker reports missing only when the condition above applies. A present blank still transfers as missing/blocked; absence of an optional field creates no profile row.","Trim outer whitespace; preserve internal text and multiline values. Empty/whitespace or exact Not provided / *Not provided* (case-insensitive) becomes null. Exact label matching is case-sensitive. Adapter additionally treats N/A, NA, none provided, unknown, standalone not/provided, dashes/question marks, null/undefined/NaN, not applicable/not available, TBD, and Select/Choose prompts as missing. Literal No, false, 0 and None are not globally missing.","Checker checks presence only when required; no other format, enum or numeric-range validation for this field.","No date rule.","No additional cross-field rule.","Checker does not generally flag duplicate labels. Adapter compares trimmed raw candidates in this scope: different strings, including blank versus supplied, block as conflict. Identical duplicates may be ready. Duplicate singleton sections or repeated record roots block as ambiguous. No candidate is selected for a conflict.","No general review trigger.","No answer default or inferred replacement. Date/boolean type encoding only when applicable.","Checker Reviewed hides the issue without changing the answer. A still-present error remains blocking in the profile even if reviewed. An acknowledged warning stops blocking unless another reason remains. General review flags never establish an answer.","Included if present (even blank) or emitted by validator requirements. Missing, unsupported type/meaning, raw conflict, ambiguous scope, any unparsed source text, any applicable error, or unacknowledged validation warning blocks. Otherwise ready automatically; no employee confirmation is invented. Absent optional fields are omitted.","City is required but was not provided. | Profile: No established answer: blank or placeholder. | Profile: Competing values for the same field. Resolve them in the pasted intake. | Profile: Repeated or ambiguous source sections do not establish a unique subject. | Profile: The intake contains unparsed text. Resolve it in Intake Checker before using this profile.","intake-checker/rules.js:32; intake-checker/parser.js:28; ssa-intake-assistant/src/model/from-intake-checker.js:15; ssa-intake-assistant/src/model/from-intake-checker.js:43; ssa-intake-assistant/src/model/intake-contract.js:24; intake-checker/validation.js:116; intake-checker/intake-checker.js:61; intake-checker/intake-checker.js:123","ssa-intake-assistant/src/model/from-intake-checker.test.js:16 (catalog and all-definition synthetic transfer; not a format-validity oracle); tests/intake-validation.test.js:43 (record independence/group absence; not every optional field individually)","High: direct code inspection.","No field-specific discrepancy identified; shared rules and limitations still apply.","Review and approve the documented current rule.","","Existing behavior audited; no changes made."
"providers","providers.state","State","MEDICAL PROVIDERS / /^(?:Clinic|Medical Provider|Provider|Hospital|Doctor)(?: \d+)?$/: exact State. Plain or bold label; no field-label synonyms.","text in profile; text or null in parser","Repeating (fixed definition; one instance per recognized record)","Yes: exact plain label or bold label; mapping requires this section/record context.","Original pasted textarea only; not a full parsed-field display. Relevant validation/review rows show the label/reason. Later employee corrections appear in the correction ledger.","Yes, under this definition ID; repeated instances append @category-N. Present values and blanks transfer; absent optional values do not.","Conditional","For every recognized providers record under MEDICAL PROVIDERS; the entire record group may be absent.","When no recognized record exists.","Checker reports missing only when the condition above applies. A present blank still transfers as missing/blocked; absence of an optional field creates no profile row.","Trim outer whitespace; preserve internal text and multiline values. Empty/whitespace or exact Not provided / *Not provided* (case-insensitive) becomes null. Exact label matching is case-sensitive. Adapter additionally treats N/A, NA, none provided, unknown, standalone not/provided, dashes/question marks, null/undefined/NaN, not applicable/not available, TBD, and Select/Choose prompts as missing. Literal No, false, 0 and None are not globally missing.","Checker checks presence only when required; no other format, enum or numeric-range validation for this field.","No date rule.","No additional cross-field rule.","Checker does not generally flag duplicate labels. Adapter compares trimmed raw candidates in this scope: different strings, including blank versus supplied, block as conflict. Identical duplicates may be ready. Duplicate singleton sections or repeated record roots block as ambiguous. No candidate is selected for a conflict.","No general review trigger.","No answer default or inferred replacement. Date/boolean type encoding only when applicable.","Checker Reviewed hides the issue without changing the answer. A still-present error remains blocking in the profile even if reviewed. An acknowledged warning stops blocking unless another reason remains. General review flags never establish an answer.","Included if present (even blank) or emitted by validator requirements. Missing, unsupported type/meaning, raw conflict, ambiguous scope, any unparsed source text, any applicable error, or unacknowledged validation warning blocks. Otherwise ready automatically; no employee confirmation is invented. Absent optional fields are omitted.","State is required but was not provided. | Profile: No established answer: blank or placeholder. | Profile: Competing values for the same field. Resolve them in the pasted intake. | Profile: Repeated or ambiguous source sections do not establish a unique subject. | Profile: The intake contains unparsed text. Resolve it in Intake Checker before using this profile.","intake-checker/rules.js:32; intake-checker/parser.js:28; ssa-intake-assistant/src/model/from-intake-checker.js:15; ssa-intake-assistant/src/model/from-intake-checker.js:43; ssa-intake-assistant/src/model/intake-contract.js:24; intake-checker/validation.js:116; intake-checker/intake-checker.js:61; intake-checker/intake-checker.js:123","ssa-intake-assistant/src/model/from-intake-checker.test.js:16 (catalog and all-definition synthetic transfer; not a format-validity oracle); tests/intake-validation.test.js:43 (record independence/group absence; not every optional field individually)","High: direct code inspection.","No field-specific discrepancy identified; shared rules and limitations still apply.","Review and approve the documented current rule.","","Existing behavior audited; no changes made."
"providers","providers.zipcode","Zipcode","MEDICAL PROVIDERS / /^(?:Clinic|Medical Provider|Provider|Hospital|Doctor)(?: \d+)?$/: exact Zipcode. Plain or bold label; no field-label synonyms.","text in profile; text or null in parser","Repeating (fixed definition; one instance per recognized record)","Yes: exact plain label or bold label; mapping requires this section/record context.","Original pasted textarea only; not a full parsed-field display. Relevant validation/review rows show the label/reason. Later employee corrections appear in the correction ledger.","Yes, under this definition ID; repeated instances append @category-N. Present values and blanks transfer; absent optional values do not.","Conditional","For every recognized providers record under MEDICAL PROVIDERS; the entire record group may be absent.","When no recognized record exists.","Checker reports missing only when the condition above applies. A present blank still transfers as missing/blocked; absence of an optional field creates no profile row.","Trim outer whitespace; preserve internal text and multiline values. Empty/whitespace or exact Not provided / *Not provided* (case-insensitive) becomes null. Exact label matching is case-sensitive. Adapter additionally treats N/A, NA, none provided, unknown, standalone not/provided, dashes/question marks, null/undefined/NaN, not applicable/not available, TBD, and Select/Choose prompts as missing. Literal No, false, 0 and None are not globally missing.","Checker checks presence only when required; no other format, enum or numeric-range validation for this field.","No date rule.","No additional cross-field rule.","Checker does not generally flag duplicate labels. Adapter compares trimmed raw candidates in this scope: different strings, including blank versus supplied, block as conflict. Identical duplicates may be ready. Duplicate singleton sections or repeated record roots block as ambiguous. No candidate is selected for a conflict.","No general review trigger.","No answer default or inferred replacement. Date/boolean type encoding only when applicable.","Checker Reviewed hides the issue without changing the answer. A still-present error remains blocking in the profile even if reviewed. An acknowledged warning stops blocking unless another reason remains. General review flags never establish an answer.","Included if present (even blank) or emitted by validator requirements. Missing, unsupported type/meaning, raw conflict, ambiguous scope, any unparsed source text, any applicable error, or unacknowledged validation warning blocks. Otherwise ready automatically; no employee confirmation is invented. Absent optional fields are omitted.","Zipcode is required but was not provided. | Profile: No established answer: blank or placeholder. | Profile: Competing values for the same field. Resolve them in the pasted intake. | Profile: Repeated or ambiguous source sections do not establish a unique subject. | Profile: The intake contains unparsed text. Resolve it in Intake Checker before using this profile.","intake-checker/rules.js:32; intake-checker/parser.js:28; ssa-intake-assistant/src/model/from-intake-checker.js:15; ssa-intake-assistant/src/model/from-intake-checker.js:43; ssa-intake-assistant/src/model/intake-contract.js:24; intake-checker/validation.js:116; intake-checker/intake-checker.js:61; intake-checker/intake-checker.js:123","ssa-intake-assistant/src/model/from-intake-checker.test.js:16 (catalog and all-definition synthetic transfer; not a format-validity oracle); tests/intake-validation.test.js:43 (record independence/group absence; not every optional field individually)","High: direct code inspection.","D05: value can be profile-ready without format, range or enumeration validation; presence is not proof of SSA suitability.","Specify any intended future validation separately; current behavior is recorded unchanged.","","Existing behavior audited; no changes made."
"providers","providers.clinic-name","Clinic Name","MEDICAL PROVIDERS / /^(?:Clinic|Medical Provider|Provider|Hospital|Doctor)(?: \d+)?$/: exact Clinic Name. Plain or bold label; no field-label synonyms.","text in profile; text or null in parser","Repeating (fixed definition; one instance per recognized record)","Yes: exact plain label or bold label; mapping requires this section/record context.","Original pasted textarea only; not a full parsed-field display. Relevant validation/review rows show the label/reason. Later employee corrections appear in the correction ledger.","Yes, under this definition ID; repeated instances append @category-N. Present values and blanks transfer; absent optional values do not.","Conditional","This is an alternative in the provider-name requirement: at least one nonmissing Clinic Name, Doctor First Name or Doctor Last Name must exist for each recognized provider. No particular one is mandatory.","When either other name alternative is populated.","Checker reports missing only when the condition above applies. A present blank still transfers as missing/blocked; absence of an optional field creates no profile row.","Trim outer whitespace; preserve internal text and multiline values. Empty/whitespace or exact Not provided / *Not provided* (case-insensitive) becomes null. Exact label matching is case-sensitive. Adapter additionally treats N/A, NA, none provided, unknown, standalone not/provided, dashes/question marks, null/undefined/NaN, not applicable/not available, TBD, and Select/Choose prompts as missing. Literal No, false, 0 and None are not globally missing.","Checker checks presence only when required; no other format, enum or numeric-range validation for this field.","No date rule.","Failure is attached only to Clinic Name. A first name alone or last name alone satisfies the group.","Checker does not generally flag duplicate labels. Adapter compares trimmed raw candidates in this scope: different strings, including blank versus supplied, block as conflict. Identical duplicates may be ready. Duplicate singleton sections or repeated record roots block as ambiguous. No candidate is selected for a conflict.","No general review trigger.","No answer default or inferred replacement. Date/boolean type encoding only when applicable.","Checker Reviewed hides the issue without changing the answer. A still-present error remains blocking in the profile even if reviewed. An acknowledged warning stops blocking unless another reason remains. General review flags never establish an answer.","Included if present (even blank) or emitted by validator requirements. Missing, unsupported type/meaning, raw conflict, ambiguous scope, any unparsed source text, any applicable error, or unacknowledged validation warning blocks. Otherwise ready automatically; no employee confirmation is invented. Absent optional fields are omitted.","Clinic Name or a doctor name is required but was not provided. | Profile: No established answer: blank or placeholder. | Profile: Competing values for the same field. Resolve them in the pasted intake. | Profile: Repeated or ambiguous source sections do not establish a unique subject. | Profile: The intake contains unparsed text. Resolve it in Intake Checker before using this profile.","intake-checker/rules.js:32; intake-checker/parser.js:28; ssa-intake-assistant/src/model/from-intake-checker.js:15; ssa-intake-assistant/src/model/from-intake-checker.js:43; ssa-intake-assistant/src/model/intake-contract.js:24; intake-checker/validation.js:116; intake-checker/intake-checker.js:61; intake-checker/intake-checker.js:123","ssa-intake-assistant/src/model/from-intake-checker.test.js:16 (catalog and all-definition synthetic transfer; not a format-validity oracle); tests/intake-validation.test.js:43 (record independence/group absence; not every optional field individually); tests/intake-validation.test.js:100","High: direct code inspection.","No field-specific discrepancy identified; shared rules and limitations still apply.","Review and approve the documented current rule.","","Existing behavior audited; no changes made."
"providers","providers.doctor-first-name","Doctor First Name","MEDICAL PROVIDERS / /^(?:Clinic|Medical Provider|Provider|Hospital|Doctor)(?: \d+)?$/: exact Doctor First Name. Plain or bold label; no field-label synonyms.","text in profile; text or null in parser","Repeating (fixed definition; one instance per recognized record)","Yes: exact plain label or bold label; mapping requires this section/record context.","Original pasted textarea only; not a full parsed-field display. Relevant validation/review rows show the label/reason. Later employee corrections appear in the correction ledger.","Yes, under this definition ID; repeated instances append @category-N. Present values and blanks transfer; absent optional values do not.","Conditional","This is an alternative in the provider-name requirement: at least one nonmissing Clinic Name, Doctor First Name or Doctor Last Name must exist for each recognized provider. No particular one is mandatory.","When either other name alternative is populated.","Checker reports missing only when the condition above applies. A present blank still transfers as missing/blocked; absence of an optional field creates no profile row.","Trim outer whitespace; preserve internal text and multiline values. Empty/whitespace or exact Not provided / *Not provided* (case-insensitive) becomes null. Exact label matching is case-sensitive. Adapter additionally treats N/A, NA, none provided, unknown, standalone not/provided, dashes/question marks, null/undefined/NaN, not applicable/not available, TBD, and Select/Choose prompts as missing. Literal No, false, 0 and None are not globally missing.","Nonmissing value containing any period produces an error. No other name-character rule.","No date rule.","Failure is attached only to Clinic Name. A first name alone or last name alone satisfies the group.","Checker does not generally flag duplicate labels. Adapter compares trimmed raw candidates in this scope: different strings, including blank versus supplied, block as conflict. Identical duplicates may be ready. Duplicate singleton sections or repeated record roots block as ambiguous. No candidate is selected for a conflict.","No general review trigger.","No answer default or inferred replacement. Date/boolean type encoding only when applicable.","Checker Reviewed hides the issue without changing the answer. A still-present error remains blocking in the profile even if reviewed. An acknowledged warning stops blocking unless another reason remains. General review flags never establish an answer.","Included if present (even blank) or emitted by validator requirements. Missing, unsupported type/meaning, raw conflict, ambiguous scope, any unparsed source text, any applicable error, or unacknowledged validation warning blocks. Otherwise ready automatically; no employee confirmation is invented. Absent optional fields are omitted.","Periods are not allowed in person names. | Profile: No established answer: blank or placeholder. | Profile: Competing values for the same field. Resolve them in the pasted intake. | Profile: Repeated or ambiguous source sections do not establish a unique subject. | Profile: The intake contains unparsed text. Resolve it in Intake Checker before using this profile.","intake-checker/rules.js:32; intake-checker/parser.js:28; ssa-intake-assistant/src/model/from-intake-checker.js:15; ssa-intake-assistant/src/model/from-intake-checker.js:43; ssa-intake-assistant/src/model/intake-contract.js:24; intake-checker/validation.js:174; intake-checker/validation.js:116; intake-checker/intake-checker.js:61; intake-checker/intake-checker.js:123","ssa-intake-assistant/src/model/from-intake-checker.test.js:16 (catalog and all-definition synthetic transfer; not a format-validity oracle); tests/intake-validation.test.js:43 (record independence/group absence; not every optional field individually); tests/intake-validation.test.js:175 (selected name fields, not every configured label); tests/intake-validation.test.js:100","High: direct code inspection.","No field-specific discrepancy identified; shared rules and limitations still apply.","Review and approve the documented current rule.","","Existing behavior audited; no changes made."
"providers","providers.doctor-last-name","Doctor Last Name","MEDICAL PROVIDERS / /^(?:Clinic|Medical Provider|Provider|Hospital|Doctor)(?: \d+)?$/: exact Doctor Last Name. Plain or bold label; no field-label synonyms.","text in profile; text or null in parser","Repeating (fixed definition; one instance per recognized record)","Yes: exact plain label or bold label; mapping requires this section/record context.","Original pasted textarea only; not a full parsed-field display. Relevant validation/review rows show the label/reason. Later employee corrections appear in the correction ledger.","Yes, under this definition ID; repeated instances append @category-N. Present values and blanks transfer; absent optional values do not.","Conditional","This is an alternative in the provider-name requirement: at least one nonmissing Clinic Name, Doctor First Name or Doctor Last Name must exist for each recognized provider. No particular one is mandatory.","When either other name alternative is populated.","Checker reports missing only when the condition above applies. A present blank still transfers as missing/blocked; absence of an optional field creates no profile row.","Trim outer whitespace; preserve internal text and multiline values. Empty/whitespace or exact Not provided / *Not provided* (case-insensitive) becomes null. Exact label matching is case-sensitive. Adapter additionally treats N/A, NA, none provided, unknown, standalone not/provided, dashes/question marks, null/undefined/NaN, not applicable/not available, TBD, and Select/Choose prompts as missing. Literal No, false, 0 and None are not globally missing.","Nonmissing value containing any period produces an error. No other name-character rule.","No date rule.","Failure is attached only to Clinic Name. A first name alone or last name alone satisfies the group.","Checker does not generally flag duplicate labels. Adapter compares trimmed raw candidates in this scope: different strings, including blank versus supplied, block as conflict. Identical duplicates may be ready. Duplicate singleton sections or repeated record roots block as ambiguous. No candidate is selected for a conflict.","No general review trigger.","No answer default or inferred replacement. Date/boolean type encoding only when applicable.","Checker Reviewed hides the issue without changing the answer. A still-present error remains blocking in the profile even if reviewed. An acknowledged warning stops blocking unless another reason remains. General review flags never establish an answer.","Included if present (even blank) or emitted by validator requirements. Missing, unsupported type/meaning, raw conflict, ambiguous scope, any unparsed source text, any applicable error, or unacknowledged validation warning blocks. Otherwise ready automatically; no employee confirmation is invented. Absent optional fields are omitted.","Periods are not allowed in person names. | Profile: No established answer: blank or placeholder. | Profile: Competing values for the same field. Resolve them in the pasted intake. | Profile: Repeated or ambiguous source sections do not establish a unique subject. | Profile: The intake contains unparsed text. Resolve it in Intake Checker before using this profile.","intake-checker/rules.js:32; intake-checker/parser.js:28; ssa-intake-assistant/src/model/from-intake-checker.js:15; ssa-intake-assistant/src/model/from-intake-checker.js:43; ssa-intake-assistant/src/model/intake-contract.js:24; intake-checker/validation.js:174; intake-checker/validation.js:116; intake-checker/intake-checker.js:61; intake-checker/intake-checker.js:123","ssa-intake-assistant/src/model/from-intake-checker.test.js:16 (catalog and all-definition synthetic transfer; not a format-validity oracle); tests/intake-validation.test.js:43 (record independence/group absence; not every optional field individually); tests/intake-validation.test.js:175 (selected name fields, not every configured label); tests/intake-validation.test.js:100","High: direct code inspection.","No field-specific discrepancy identified; shared rules and limitations still apply.","Review and approve the documented current rule.","","Existing behavior audited; no changes made."
"providers","providers.address-2","Address 2","MEDICAL PROVIDERS / /^(?:Clinic|Medical Provider|Provider|Hospital|Doctor)(?: \d+)?$/: exact Address 2. Plain or bold label; no field-label synonyms.","text in profile; text or null in parser","Repeating (fixed definition; one instance per recognized record)","Yes: exact plain label or bold label; mapping requires this section/record context.","Original pasted textarea only; not a full parsed-field display. Relevant validation/review rows show the label/reason. Later employee corrections appear in the correction ledger.","Yes, under this definition ID; repeated instances append @category-N. Present values and blanks transfer; absent optional values do not.","Optional","No missing-field requirement in Checker.","May be absent or blank without a Checker missing-field error.","Checker accepts absence/blank. A present blank still transfers as missing/blocked; absence of an optional field creates no profile row.","Trim outer whitespace; preserve internal text and multiline values. Empty/whitespace or exact Not provided / *Not provided* (case-insensitive) becomes null. Exact label matching is case-sensitive. Adapter additionally treats N/A, NA, none provided, unknown, standalone not/provided, dashes/question marks, null/undefined/NaN, not applicable/not available, TBD, and Select/Choose prompts as missing. Literal No, false, 0 and None are not globally missing.","Checker checks presence only when required; no other format, enum or numeric-range validation for this field.","No date rule.","No additional cross-field rule.","Checker does not generally flag duplicate labels. Adapter compares trimmed raw candidates in this scope: different strings, including blank versus supplied, block as conflict. Identical duplicates may be ready. Duplicate singleton sections or repeated record roots block as ambiguous. No candidate is selected for a conflict.","No general review trigger.","No answer default or inferred replacement. Date/boolean type encoding only when applicable.","Checker Reviewed hides the issue without changing the answer. A still-present error remains blocking in the profile even if reviewed. An acknowledged warning stops blocking unless another reason remains. General review flags never establish an answer.","Included if present (even blank) or emitted by validator requirements. Missing, unsupported type/meaning, raw conflict, ambiguous scope, any unparsed source text, any applicable error, or unacknowledged validation warning blocks. Otherwise ready automatically; no employee confirmation is invented. Absent optional fields are omitted.","Profile: No established answer: blank or placeholder. | Profile: Competing values for the same field. Resolve them in the pasted intake. | Profile: Repeated or ambiguous source sections do not establish a unique subject. | Profile: The intake contains unparsed text. Resolve it in Intake Checker before using this profile.","intake-checker/rules.js:32; intake-checker/parser.js:28; ssa-intake-assistant/src/model/from-intake-checker.js:15; ssa-intake-assistant/src/model/from-intake-checker.js:43; ssa-intake-assistant/src/model/intake-contract.js:24; intake-checker/validation.js:116; intake-checker/intake-checker.js:61; intake-checker/intake-checker.js:123","ssa-intake-assistant/src/model/from-intake-checker.test.js:16 (catalog and all-definition synthetic transfer; not a format-validity oracle); tests/intake-validation.test.js:43 (record independence/group absence; not every optional field individually)","High: direct code inspection.","No field-specific discrepancy identified; shared rules and limitations still apply.","Review and approve the documented current rule.","","Existing behavior audited; no changes made."
"providers","providers.notes","Notes","MEDICAL PROVIDERS / /^(?:Clinic|Medical Provider|Provider|Hospital|Doctor)(?: \d+)?$/: exact Notes. Plain or bold label; no field-label synonyms.","text in profile; text or null in parser","Repeating (fixed definition; one instance per recognized record)","Yes: exact plain label or bold label; mapping requires this section/record context.","Original pasted textarea only; not a full parsed-field display. Relevant validation/review rows show the label/reason. Later employee corrections appear in the correction ledger.","Yes, under this definition ID; repeated instances append @category-N. Present values and blanks transfer; absent optional values do not.","Optional","No missing-field requirement in Checker.","May be absent or blank without a Checker missing-field error.","Checker accepts absence/blank. A present blank still transfers as missing/blocked; absence of an optional field creates no profile row.","Trim outer whitespace; preserve internal text and multiline values. Empty/whitespace or exact Not provided / *Not provided* (case-insensitive) becomes null. Exact label matching is case-sensitive. Adapter additionally treats N/A, NA, none provided, unknown, standalone not/provided, dashes/question marks, null/undefined/NaN, not applicable/not available, TBD, and Select/Choose prompts as missing. Literal No, false, 0 and None are not globally missing.","Checker checks presence only when required; no other format, enum or numeric-range validation for this field.","No date rule.","No additional cross-field rule.","Checker does not generally flag duplicate labels. Adapter compares trimmed raw candidates in this scope: different strings, including blank versus supplied, block as conflict. Identical duplicates may be ready. Duplicate singleton sections or repeated record roots block as ambiguous. No candidate is selected for a conflict.","No general review trigger.","No answer default or inferred replacement. Date/boolean type encoding only when applicable.","Checker Reviewed hides the issue without changing the answer. A still-present error remains blocking in the profile even if reviewed. An acknowledged warning stops blocking unless another reason remains. General review flags never establish an answer.","Included if present (even blank) or emitted by validator requirements. Missing, unsupported type/meaning, raw conflict, ambiguous scope, any unparsed source text, any applicable error, or unacknowledged validation warning blocks. Otherwise ready automatically; no employee confirmation is invented. Absent optional fields are omitted.","Profile: No established answer: blank or placeholder. | Profile: Competing values for the same field. Resolve them in the pasted intake. | Profile: Repeated or ambiguous source sections do not establish a unique subject. | Profile: The intake contains unparsed text. Resolve it in Intake Checker before using this profile.","intake-checker/rules.js:32; intake-checker/parser.js:28; ssa-intake-assistant/src/model/from-intake-checker.js:15; ssa-intake-assistant/src/model/from-intake-checker.js:43; ssa-intake-assistant/src/model/intake-contract.js:24; intake-checker/validation.js:116; intake-checker/intake-checker.js:61; intake-checker/intake-checker.js:123","ssa-intake-assistant/src/model/from-intake-checker.test.js:16 (catalog and all-definition synthetic transfer; not a format-validity oracle); tests/intake-validation.test.js:43 (record independence/group absence; not every optional field individually)","High: direct code inspection.","No field-specific discrepancy identified; shared rules and limitations still apply.","Review and approve the documented current rule.","","Existing behavior audited; no changes made."
"providers","providers.first-visit-date","First Visit Date","MEDICAL PROVIDERS / /^(?:Clinic|Medical Provider|Provider|Hospital|Doctor)(?: \d+)?$/: exact First Visit Date. Plain or bold label; no field-label synonyms.","date in profile; text or null in parser","Repeating (fixed definition; one instance per recognized record)","Yes: exact plain label or bold label; mapping requires this section/record context.","Original pasted textarea only; not a full parsed-field display. Relevant validation/review rows show the label/reason. Later employee corrections appear in the correction ledger.","Yes, under this definition ID; repeated instances append @category-N. Present values and blanks transfer; absent optional values do not.","Optional","No missing-field requirement in Checker.","May be absent or blank without a Checker missing-field error.","Checker accepts absence/blank. A present blank still transfers as missing/blocked; absence of an optional field creates no profile row.","Trim outer whitespace; preserve internal text and multiline values. Empty/whitespace or exact Not provided / *Not provided* (case-insensitive) becomes null. Exact label matching is case-sensitive. Adapter additionally treats N/A, NA, none provided, unknown, standalone not/provided, dashes/question marks, null/undefined/NaN, not applicable/not available, TBD, and Select/Choose prompts as missing. Literal No, false, 0 and None are not globally missing.","Checker checks presence only when required; no other format, enum or numeric-range validation for this field.","Profile accepts YYYY-M[-D], M/D/YYYY, M/YYYY, English full/three-letter month plus optional day and four-digit year. Leap/calendar validity and year >=1000 required. Encodes YYYY-MM or YYYY-MM-DD with precision; invalid/unsupported date becomes missing. No general future-date or age restriction. Checker parses both visit dates only when single() returns a nonnull value for both. Last must not precede first by month, or by day when both full dates in the same month. Same-month comparison with either month-only date warns. Last-only is not format-checked by Checker; adapter still encodes it.","Order failure and same-month precision warning are attached to Last Visit Date only. No minimum/maximum visit year beyond calendar helper. No inferred first date.","Checker does not generally flag duplicate labels. Adapter compares trimmed raw candidates in this scope: different strings, including blank versus supplied, block as conflict. Identical duplicates may be ready. Duplicate singleton sections or repeated record roots block as ambiguous. No candidate is selected for a conflict.","No general review trigger.","No answer default or inferred replacement. Date/boolean type encoding only when applicable.","Checker Reviewed hides the issue without changing the answer. A still-present error remains blocking in the profile even if reviewed. An acknowledged warning stops blocking unless another reason remains. General review flags never establish an answer.","Included if present (even blank) or emitted by validator requirements. Missing, unsupported type/meaning, raw conflict, ambiguous scope, any unparsed source text, any applicable error, or unacknowledged validation warning blocks. Otherwise ready automatically; no employee confirmation is invented. Absent optional fields are omitted.","Date format is not recognized or the calendar date is invalid. Review this date; comparison was skipped. | First Visit Date has multiple different values. Review this field; dependent checks were skipped. | Profile: No established answer: blank or placeholder. | Profile: Competing values for the same field. Resolve them in the pasted intake. | Profile: Repeated or ambiguous source sections do not establish a unique subject. | Profile: The intake contains unparsed text. Resolve it in Intake Checker before using this profile. | Profile: No valid calendar date in a supported Intake Checker format.","intake-checker/rules.js:32; intake-checker/parser.js:28; ssa-intake-assistant/src/model/from-intake-checker.js:15; ssa-intake-assistant/src/model/from-intake-checker.js:43; ssa-intake-assistant/src/model/intake-contract.js:24; intake-checker/validation.js:116; intake-checker/validation.js:59; intake-checker/validation.js:8; intake-checker/intake-checker.js:61; intake-checker/intake-checker.js:123","ssa-intake-assistant/src/model/from-intake-checker.test.js:16 (catalog and all-definition synthetic transfer; not a format-validity oracle); tests/intake-validation.test.js:43 (record independence/group absence; not every optional field individually); tests/intake-validation.test.js:82; ssa-intake-assistant/src/model/from-intake-checker.test.js:114; ssa-intake-assistant/src/model/from-intake-checker.test.js:199; tests/intake-validation.test.js:112; ssa-intake-assistant/src/model/from-intake-checker.test.js:62; M06: boundary gaps in summary.","High: direct code inspection.","D06: Checker and adapter date coverage differ; D17: order conflict blocks Last only.","Confirm lone-date validation and whether order failures should block both dates.","","Existing behavior audited; no changes made."
"providers","providers.next-visit-date","Next Visit Date","MEDICAL PROVIDERS / /^(?:Clinic|Medical Provider|Provider|Hospital|Doctor)(?: \d+)?$/: exact Next Visit Date. Plain or bold label; no field-label synonyms.","date in profile; text or null in parser","Repeating (fixed definition; one instance per recognized record)","Yes: exact plain label or bold label; mapping requires this section/record context.","Original pasted textarea only; not a full parsed-field display. Relevant validation/review rows show the label/reason. Later employee corrections appear in the correction ledger.","Yes, under this definition ID; repeated instances append @category-N. Present values and blanks transfer; absent optional values do not.","Optional","No missing-field requirement in Checker.","May be absent or blank without a Checker missing-field error.","Checker accepts absence/blank. A present blank still transfers as missing/blocked; absence of an optional field creates no profile row.","Trim outer whitespace; preserve internal text and multiline values. Empty/whitespace or exact Not provided / *Not provided* (case-insensitive) becomes null. Exact label matching is case-sensitive. Adapter additionally treats N/A, NA, none provided, unknown, standalone not/provided, dashes/question marks, null/undefined/NaN, not applicable/not available, TBD, and Select/Choose prompts as missing. Literal No, false, 0 and None are not globally missing.","Checker checks presence only when required; no other format, enum or numeric-range validation for this field.","Profile accepts YYYY-M[-D], M/D/YYYY, M/YYYY, English full/three-letter month plus optional day and four-digit year. Leap/calendar validity and year >=1000 required. Encodes YYYY-MM or YYYY-MM-DD with precision; invalid/unsupported date becomes missing. No general future-date or age restriction. Checker always parses a nonmissing, nonconflicting next date. Its month must be the current local calendar month or later; an earlier day within this month is allowed.","No additional cross-field rule.","Checker does not generally flag duplicate labels. Adapter compares trimmed raw candidates in this scope: different strings, including blank versus supplied, block as conflict. Identical duplicates may be ready. Duplicate singleton sections or repeated record roots block as ambiguous. No candidate is selected for a conflict.","No general review trigger.","No answer default or inferred replacement. Date/boolean type encoding only when applicable.","Checker Reviewed hides the issue without changing the answer. A still-present error remains blocking in the profile even if reviewed. An acknowledged warning stops blocking unless another reason remains. General review flags never establish an answer.","Included if present (even blank) or emitted by validator requirements. Missing, unsupported type/meaning, raw conflict, ambiguous scope, any unparsed source text, any applicable error, or unacknowledged validation warning blocks. Otherwise ready automatically; no employee confirmation is invented. Absent optional fields are omitted.","Date format is not recognized or the calendar date is invalid. Review this date; comparison was skipped. | Next Visit Date must be in the current calendar month or a future month. | Next Visit Date has multiple different values. Review this field; dependent checks were skipped. | Profile: No established answer: blank or placeholder. | Profile: Competing values for the same field. Resolve them in the pasted intake. | Profile: Repeated or ambiguous source sections do not establish a unique subject. | Profile: The intake contains unparsed text. Resolve it in Intake Checker before using this profile. | Profile: No valid calendar date in a supported Intake Checker format.","intake-checker/rules.js:32; intake-checker/parser.js:28; ssa-intake-assistant/src/model/from-intake-checker.js:15; ssa-intake-assistant/src/model/from-intake-checker.js:43; ssa-intake-assistant/src/model/intake-contract.js:24; intake-checker/validation.js:116; intake-checker/validation.js:59; intake-checker/validation.js:8; intake-checker/intake-checker.js:61; intake-checker/intake-checker.js:123","ssa-intake-assistant/src/model/from-intake-checker.test.js:16 (catalog and all-definition synthetic transfer; not a format-validity oracle); tests/intake-validation.test.js:43 (record independence/group absence; not every optional field individually); tests/intake-validation.test.js:82; tests/intake-validation.test.js:112; ssa-intake-assistant/src/model/from-intake-checker.test.js:62; M06: boundary gaps in summary.","High: direct code inspection.","No field-specific discrepancy identified; shared rules and limitations still apply.","Review and approve the documented current rule.","","Existing behavior audited; no changes made."
"medications","medications.medication-name","Medication Name","MEDICATIONS / /^Medication(?: \d+)?$/: exact Medication Name. Plain or bold label; no field-label synonyms.","text in profile; text or null in parser","Repeating (fixed definition; one instance per recognized record)","Yes: exact plain label or bold label; mapping requires this section/record context.","Original pasted textarea only; not a full parsed-field display. Relevant validation/review rows show the label/reason. Later employee corrections appear in the correction ledger.","Yes, under this definition ID; repeated instances append @category-N. Present values and blanks transfer; absent optional values do not.","Conditional","For every recognized medications record under MEDICATIONS; the entire record group may be absent.","When no recognized record exists.","Checker reports missing only when the condition above applies. A present blank still transfers as missing/blocked; absence of an optional field creates no profile row.","Trim outer whitespace; preserve internal text and multiline values. Empty/whitespace or exact Not provided / *Not provided* (case-insensitive) becomes null. Exact label matching is case-sensitive. Adapter additionally treats N/A, NA, none provided, unknown, standalone not/provided, dashes/question marks, null/undefined/NaN, not applicable/not available, TBD, and Select/Choose prompts as missing. Literal No, false, 0 and None are not globally missing.","Checker checks presence only when required; no other format, enum or numeric-range validation for this field.","No date rule.","No additional cross-field rule.","Checker does not generally flag duplicate labels. Adapter compares trimmed raw candidates in this scope: different strings, including blank versus supplied, block as conflict. Identical duplicates may be ready. Duplicate singleton sections or repeated record roots block as ambiguous. No candidate is selected for a conflict.","No general review trigger.","No answer default or inferred replacement. Date/boolean type encoding only when applicable.","Checker Reviewed hides the issue without changing the answer. A still-present error remains blocking in the profile even if reviewed. An acknowledged warning stops blocking unless another reason remains. General review flags never establish an answer.","Included if present (even blank) or emitted by validator requirements. Missing, unsupported type/meaning, raw conflict, ambiguous scope, any unparsed source text, any applicable error, or unacknowledged validation warning blocks. Otherwise ready automatically; no employee confirmation is invented. Absent optional fields are omitted.","Medication Name is required but was not provided. | Profile: No established answer: blank or placeholder. | Profile: Competing values for the same field. Resolve them in the pasted intake. | Profile: Repeated or ambiguous source sections do not establish a unique subject. | Profile: The intake contains unparsed text. Resolve it in Intake Checker before using this profile.","intake-checker/rules.js:37; intake-checker/parser.js:28; ssa-intake-assistant/src/model/from-intake-checker.js:15; ssa-intake-assistant/src/model/from-intake-checker.js:43; ssa-intake-assistant/src/model/intake-contract.js:24; intake-checker/intake-checker.js:61; intake-checker/intake-checker.js:123","ssa-intake-assistant/src/model/from-intake-checker.test.js:16 (catalog and all-definition synthetic transfer; not a format-validity oracle); tests/intake-validation.test.js:43 (record independence/group absence; not every optional field individually)","High: direct code inspection.","No field-specific discrepancy identified; shared rules and limitations still apply.","Review and approve the documented current rule.","","Existing behavior audited; no changes made."
"medications","medications.reason-for-taking","Reason for taking","MEDICATIONS / /^Medication(?: \d+)?$/: exact Reason for taking. Plain or bold label; no field-label synonyms.","text in profile; text or null in parser","Repeating (fixed definition; one instance per recognized record)","Yes: exact plain label or bold label; mapping requires this section/record context.","Original pasted textarea only; not a full parsed-field display. Relevant validation/review rows show the label/reason. Later employee corrections appear in the correction ledger.","Yes, under this definition ID; repeated instances append @category-N. Present values and blanks transfer; absent optional values do not.","Optional","No missing-field requirement in Checker.","May be absent or blank without a Checker missing-field error.","Checker accepts absence/blank. A present blank still transfers as missing/blocked; absence of an optional field creates no profile row.","Trim outer whitespace; preserve internal text and multiline values. Empty/whitespace or exact Not provided / *Not provided* (case-insensitive) becomes null. Exact label matching is case-sensitive. Adapter additionally treats N/A, NA, none provided, unknown, standalone not/provided, dashes/question marks, null/undefined/NaN, not applicable/not available, TBD, and Select/Choose prompts as missing. Literal No, false, 0 and None are not globally missing.","Checker checks presence only when required; no other format, enum or numeric-range validation for this field.","No date rule.","No additional cross-field rule.","Checker does not generally flag duplicate labels. Adapter compares trimmed raw candidates in this scope: different strings, including blank versus supplied, block as conflict. Identical duplicates may be ready. Duplicate singleton sections or repeated record roots block as ambiguous. No candidate is selected for a conflict.","No general review trigger.","No answer default or inferred replacement. Date/boolean type encoding only when applicable.","Checker Reviewed hides the issue without changing the answer. A still-present error remains blocking in the profile even if reviewed. An acknowledged warning stops blocking unless another reason remains. General review flags never establish an answer.","Included if present (even blank) or emitted by validator requirements. Missing, unsupported type/meaning, raw conflict, ambiguous scope, any unparsed source text, any applicable error, or unacknowledged validation warning blocks. Otherwise ready automatically; no employee confirmation is invented. Absent optional fields are omitted.","Profile: No established answer: blank or placeholder. | Profile: Competing values for the same field. Resolve them in the pasted intake. | Profile: Repeated or ambiguous source sections do not establish a unique subject. | Profile: The intake contains unparsed text. Resolve it in Intake Checker before using this profile.","intake-checker/rules.js:37; intake-checker/parser.js:28; ssa-intake-assistant/src/model/from-intake-checker.js:15; ssa-intake-assistant/src/model/from-intake-checker.js:43; ssa-intake-assistant/src/model/intake-contract.js:24; intake-checker/intake-checker.js:61; intake-checker/intake-checker.js:123","ssa-intake-assistant/src/model/from-intake-checker.test.js:16 (catalog and all-definition synthetic transfer; not a format-validity oracle); tests/intake-validation.test.js:43 (record independence/group absence; not every optional field individually)","High: direct code inspection.","No field-specific discrepancy identified; shared rules and limitations still apply.","Review and approve the documented current rule.","","Existing behavior audited; no changes made."
"medications","medications.prescriber","Prescriber","MEDICATIONS / /^Medication(?: \d+)?$/: exact Prescriber. Plain or bold label; no field-label synonyms.","text in profile; text or null in parser","Repeating (fixed definition; one instance per recognized record)","Yes: exact plain label or bold label; mapping requires this section/record context.","Original pasted textarea only; not a full parsed-field display. Relevant validation/review rows show the label/reason. Later employee corrections appear in the correction ledger.","Yes, under this definition ID; repeated instances append @category-N. Present values and blanks transfer; absent optional values do not.","Optional","No missing-field requirement in Checker.","May be absent or blank without a Checker missing-field error.","Checker accepts absence/blank. A present blank still transfers as missing/blocked; absence of an optional field creates no profile row.","Trim outer whitespace; preserve internal text and multiline values. Empty/whitespace or exact Not provided / *Not provided* (case-insensitive) becomes null. Exact label matching is case-sensitive. Adapter additionally treats N/A, NA, none provided, unknown, standalone not/provided, dashes/question marks, null/undefined/NaN, not applicable/not available, TBD, and Select/Choose prompts as missing. Literal No, false, 0 and None are not globally missing.","Checker checks presence only when required; no other format, enum or numeric-range validation for this field.","No date rule.","No additional cross-field rule.","Checker does not generally flag duplicate labels. Adapter compares trimmed raw candidates in this scope: different strings, including blank versus supplied, block as conflict. Identical duplicates may be ready. Duplicate singleton sections or repeated record roots block as ambiguous. No candidate is selected for a conflict.","No general review trigger.","No answer default or inferred replacement. Date/boolean type encoding only when applicable.","Checker Reviewed hides the issue without changing the answer. A still-present error remains blocking in the profile even if reviewed. An acknowledged warning stops blocking unless another reason remains. General review flags never establish an answer.","Included if present (even blank) or emitted by validator requirements. Missing, unsupported type/meaning, raw conflict, ambiguous scope, any unparsed source text, any applicable error, or unacknowledged validation warning blocks. Otherwise ready automatically; no employee confirmation is invented. Absent optional fields are omitted.","Profile: No established answer: blank or placeholder. | Profile: Competing values for the same field. Resolve them in the pasted intake. | Profile: Repeated or ambiguous source sections do not establish a unique subject. | Profile: The intake contains unparsed text. Resolve it in Intake Checker before using this profile.","intake-checker/rules.js:37; intake-checker/parser.js:28; ssa-intake-assistant/src/model/from-intake-checker.js:15; ssa-intake-assistant/src/model/from-intake-checker.js:43; ssa-intake-assistant/src/model/intake-contract.js:24; intake-checker/intake-checker.js:61; intake-checker/intake-checker.js:123","ssa-intake-assistant/src/model/from-intake-checker.test.js:16 (catalog and all-definition synthetic transfer; not a format-validity oracle); tests/intake-validation.test.js:43 (record independence/group absence; not every optional field individually)","High: direct code inspection.","No field-specific discrepancy identified; shared rules and limitations still apply.","Review and approve the documented current rule.","","Existing behavior audited; no changes made."
"jobs","jobs.job-title","Job Title","WORK HISTORY / /^(?:(?:Most Recent|Previous) Job|Job(?: \d+)?)$/: exact Job Title. Plain or bold label; no field-label synonyms.","text in profile; text or null in parser","Repeating (fixed definition; one instance per recognized record)","Yes: exact plain label or bold label; mapping requires this section/record context.","Original pasted textarea only; not a full parsed-field display. Relevant validation/review rows show the label/reason. Later employee corrections appear in the correction ledger.","Yes, under this definition ID; repeated instances append @category-N. Present values and blanks transfer; absent optional values do not.","Conditional","For every recognized jobs record under WORK HISTORY; the entire record group may be absent.","When no recognized record exists.","Checker reports missing only when the condition above applies. A present blank still transfers as missing/blocked; absence of an optional field creates no profile row.","Trim outer whitespace; preserve internal text and multiline values. Empty/whitespace or exact Not provided / *Not provided* (case-insensitive) becomes null. Exact label matching is case-sensitive. Adapter additionally treats N/A, NA, none provided, unknown, standalone not/provided, dashes/question marks, null/undefined/NaN, not applicable/not available, TBD, and Select/Choose prompts as missing. Literal No, false, 0 and None are not globally missing.","Checker checks presence only when required; no other format, enum or numeric-range validation for this field.","No date rule.","No additional cross-field rule.","Checker does not generally flag duplicate labels. Adapter compares trimmed raw candidates in this scope: different strings, including blank versus supplied, block as conflict. Identical duplicates may be ready. Duplicate singleton sections or repeated record roots block as ambiguous. No candidate is selected for a conflict.","No general review trigger.","No answer default or inferred replacement. Date/boolean type encoding only when applicable.","Checker Reviewed hides the issue without changing the answer. A still-present error remains blocking in the profile even if reviewed. An acknowledged warning stops blocking unless another reason remains. General review flags never establish an answer.","Included if present (even blank) or emitted by validator requirements. Missing, unsupported type/meaning, raw conflict, ambiguous scope, any unparsed source text, any applicable error, or unacknowledged validation warning blocks. Otherwise ready automatically; no employee confirmation is invented. Absent optional fields are omitted.","Job Title is required but was not provided. | Profile: No established answer: blank or placeholder. | Profile: Competing values for the same field. Resolve them in the pasted intake. | Profile: Repeated or ambiguous source sections do not establish a unique subject. | Profile: The intake contains unparsed text. Resolve it in Intake Checker before using this profile.","intake-checker/rules.js:38; intake-checker/parser.js:28; ssa-intake-assistant/src/model/from-intake-checker.js:15; ssa-intake-assistant/src/model/from-intake-checker.js:43; ssa-intake-assistant/src/model/intake-contract.js:24; intake-checker/validation.js:111; intake-checker/review.js:45; intake-checker/intake-checker.js:61; intake-checker/intake-checker.js:123","ssa-intake-assistant/src/model/from-intake-checker.test.js:16 (catalog and all-definition synthetic transfer; not a format-validity oracle); tests/intake-validation.test.js:43 (record independence/group absence; not every optional field individually)","High: direct code inspection.","No field-specific discrepancy identified; shared rules and limitations still apply.","Review and approve the documented current rule.","","Existing behavior audited; no changes made."
"jobs","jobs.employer","Employer","WORK HISTORY / /^(?:(?:Most Recent|Previous) Job|Job(?: \d+)?)$/: exact Employer. Plain or bold label; no field-label synonyms.","text in profile; text or null in parser","Repeating (fixed definition; one instance per recognized record)","Yes: exact plain label or bold label; mapping requires this section/record context.","Original pasted textarea only; not a full parsed-field display. Relevant validation/review rows show the label/reason. Later employee corrections appear in the correction ledger.","Yes, under this definition ID; repeated instances append @category-N. Present values and blanks transfer; absent optional values do not.","Conditional","For every recognized jobs record under WORK HISTORY; the entire record group may be absent.","When no recognized record exists.","Checker reports missing only when the condition above applies. A present blank still transfers as missing/blocked; absence of an optional field creates no profile row.","Trim outer whitespace; preserve internal text and multiline values. Empty/whitespace or exact Not provided / *Not provided* (case-insensitive) becomes null. Exact label matching is case-sensitive. Adapter additionally treats N/A, NA, none provided, unknown, standalone not/provided, dashes/question marks, null/undefined/NaN, not applicable/not available, TBD, and Select/Choose prompts as missing. Literal No, false, 0 and None are not globally missing.","Checker checks presence only when required; no other format, enum or numeric-range validation for this field.","No date rule.","No additional cross-field rule.","Checker does not generally flag duplicate labels. Adapter compares trimmed raw candidates in this scope: different strings, including blank versus supplied, block as conflict. Identical duplicates may be ready. Duplicate singleton sections or repeated record roots block as ambiguous. No candidate is selected for a conflict.","No general review trigger.","No answer default or inferred replacement. Date/boolean type encoding only when applicable.","Checker Reviewed hides the issue without changing the answer. A still-present error remains blocking in the profile even if reviewed. An acknowledged warning stops blocking unless another reason remains. General review flags never establish an answer.","Included if present (even blank) or emitted by validator requirements. Missing, unsupported type/meaning, raw conflict, ambiguous scope, any unparsed source text, any applicable error, or unacknowledged validation warning blocks. Otherwise ready automatically; no employee confirmation is invented. Absent optional fields are omitted.","Employer is required but was not provided. | Profile: No established answer: blank or placeholder. | Profile: Competing values for the same field. Resolve them in the pasted intake. | Profile: Repeated or ambiguous source sections do not establish a unique subject. | Profile: The intake contains unparsed text. Resolve it in Intake Checker before using this profile.","intake-checker/rules.js:38; intake-checker/parser.js:28; ssa-intake-assistant/src/model/from-intake-checker.js:15; ssa-intake-assistant/src/model/from-intake-checker.js:43; ssa-intake-assistant/src/model/intake-contract.js:24; intake-checker/validation.js:111; intake-checker/review.js:45; intake-checker/intake-checker.js:61; intake-checker/intake-checker.js:123","ssa-intake-assistant/src/model/from-intake-checker.test.js:16 (catalog and all-definition synthetic transfer; not a format-validity oracle); tests/intake-validation.test.js:43 (record independence/group absence; not every optional field individually)","High: direct code inspection.","No field-specific discrepancy identified; shared rules and limitations still apply.","Review and approve the documented current rule.","","Existing behavior audited; no changes made."
"jobs","jobs.business-type","Business Type","WORK HISTORY / /^(?:(?:Most Recent|Previous) Job|Job(?: \d+)?)$/: exact Business Type. Plain or bold label; no field-label synonyms.","text in profile; text or null in parser","Repeating (fixed definition; one instance per recognized record)","Yes: exact plain label or bold label; mapping requires this section/record context.","Original pasted textarea only; not a full parsed-field display. Relevant validation/review rows show the label/reason. Later employee corrections appear in the correction ledger.","Yes, under this definition ID; repeated instances append @category-N. Present values and blanks transfer; absent optional values do not.","Conditional","For every recognized jobs record under WORK HISTORY; the entire record group may be absent.","When no recognized record exists.","Checker reports missing only when the condition above applies. A present blank still transfers as missing/blocked; absence of an optional field creates no profile row.","Trim outer whitespace; preserve internal text and multiline values. Empty/whitespace or exact Not provided / *Not provided* (case-insensitive) becomes null. Exact label matching is case-sensitive. Adapter additionally treats N/A, NA, none provided, unknown, standalone not/provided, dashes/question marks, null/undefined/NaN, not applicable/not available, TBD, and Select/Choose prompts as missing. Literal No, false, 0 and None are not globally missing.","Checker checks presence only when required; no other format, enum or numeric-range validation for this field.","No date rule.","No additional cross-field rule.","Checker does not generally flag duplicate labels. Adapter compares trimmed raw candidates in this scope: different strings, including blank versus supplied, block as conflict. Identical duplicates may be ready. Duplicate singleton sections or repeated record roots block as ambiguous. No candidate is selected for a conflict.","No general review trigger.","No answer default or inferred replacement. Date/boolean type encoding only when applicable.","Checker Reviewed hides the issue without changing the answer. A still-present error remains blocking in the profile even if reviewed. An acknowledged warning stops blocking unless another reason remains. General review flags never establish an answer.","Included if present (even blank) or emitted by validator requirements. Missing, unsupported type/meaning, raw conflict, ambiguous scope, any unparsed source text, any applicable error, or unacknowledged validation warning blocks. Otherwise ready automatically; no employee confirmation is invented. Absent optional fields are omitted.","Business Type is required but was not provided. | Profile: No established answer: blank or placeholder. | Profile: Competing values for the same field. Resolve them in the pasted intake. | Profile: Repeated or ambiguous source sections do not establish a unique subject. | Profile: The intake contains unparsed text. Resolve it in Intake Checker before using this profile.","intake-checker/rules.js:38; intake-checker/parser.js:28; ssa-intake-assistant/src/model/from-intake-checker.js:15; ssa-intake-assistant/src/model/from-intake-checker.js:43; ssa-intake-assistant/src/model/intake-contract.js:24; intake-checker/validation.js:111; intake-checker/review.js:45; intake-checker/intake-checker.js:61; intake-checker/intake-checker.js:123","ssa-intake-assistant/src/model/from-intake-checker.test.js:16 (catalog and all-definition synthetic transfer; not a format-validity oracle); tests/intake-validation.test.js:43 (record independence/group absence; not every optional field individually); tests/intake-validation.test.js:137","High: direct code inspection.","No field-specific discrepancy identified; shared rules and limitations still apply.","Review and approve the documented current rule.","","Existing behavior audited; no changes made."
"jobs","jobs.start-date","Start Date","WORK HISTORY / /^(?:(?:Most Recent|Previous) Job|Job(?: \d+)?)$/: exact Start Date. Plain or bold label; no field-label synonyms.","date in profile; text or null in parser","Repeating (fixed definition; one instance per recognized record)","Yes: exact plain label or bold label; mapping requires this section/record context.","Original pasted textarea only; not a full parsed-field display. Relevant validation/review rows show the label/reason. Later employee corrections appear in the correction ledger.","Yes, under this definition ID; repeated instances append @category-N. Present values and blanks transfer; absent optional values do not.","Conditional","For every recognized jobs record under WORK HISTORY; the entire record group may be absent.","When no recognized record exists.","Checker reports missing only when the condition above applies. A present blank still transfers as missing/blocked; absence of an optional field creates no profile row.","Trim outer whitespace; preserve internal text and multiline values. Empty/whitespace or exact Not provided / *Not provided* (case-insensitive) becomes null. Exact label matching is case-sensitive. Adapter additionally treats N/A, NA, none provided, unknown, standalone not/provided, dashes/question marks, null/undefined/NaN, not applicable/not available, TBD, and Select/Choose prompts as missing. Literal No, false, 0 and None are not globally missing.","Checker checks presence only when required; no other format, enum or numeric-range validation for this field.","Profile accepts YYYY-M[-D], M/D/YYYY, M/YYYY, English full/three-letter month plus optional day and four-digit year. Leap/calendar validity and year >=1000 required. Encodes YYYY-MM or YYYY-MM-DD with precision; invalid/unsupported date becomes missing. No general future-date or age restriction. Checker requires presence but has no standalone invalid-date or reversed-job-date validation. End Date is parsed to decide current-year addresses. Review skips invalid, month-only, duplicate or reversed dates.","Failed Work Attempt requires a recognized job heading, unique day-precision Start and End, End >= Start and End strictly before Start + 3 calendar months (month-end clamped). No onset dependency; same-day work triggers. Equality at three-month anniversary does not trigger.","Checker does not generally flag duplicate labels. Adapter compares trimmed raw candidates in this scope: different strings, including blank versus supplied, block as conflict. Identical duplicates may be ready. Duplicate singleton sections or repeated record roots block as ambiguous. No candidate is selected for a conflict.","Failed Work Attempt — <job heading> (record N when multiple jobs). Range points to heading, not date values.","No answer default or inferred replacement. Date/boolean type encoding only when applicable.","Checker Reviewed hides the issue without changing the answer. A still-present error remains blocking in the profile even if reviewed. An acknowledged warning stops blocking unless another reason remains. General review flags never establish an answer.","Included if present (even blank) or emitted by validator requirements. Missing, unsupported type/meaning, raw conflict, ambiguous scope, any unparsed source text, any applicable error, or unacknowledged validation warning blocks. Otherwise ready automatically; no employee confirmation is invented. Absent optional fields are omitted.","Start Date is required but was not provided. | Failed Work Attempt — <job heading> | Profile: No established answer: blank or placeholder. | Profile: Competing values for the same field. Resolve them in the pasted intake. | Profile: Repeated or ambiguous source sections do not establish a unique subject. | Profile: The intake contains unparsed text. Resolve it in Intake Checker before using this profile. | Profile: No valid calendar date in a supported Intake Checker format.","intake-checker/rules.js:38; intake-checker/parser.js:28; ssa-intake-assistant/src/model/from-intake-checker.js:15; ssa-intake-assistant/src/model/from-intake-checker.js:43; ssa-intake-assistant/src/model/intake-contract.js:24; intake-checker/validation.js:111; intake-checker/review.js:45; intake-checker/validation.js:8; intake-checker/intake-checker.js:61; intake-checker/intake-checker.js:123","ssa-intake-assistant/src/model/from-intake-checker.test.js:16 (catalog and all-definition synthetic transfer; not a format-validity oracle); tests/intake-validation.test.js:43 (record independence/group absence; not every optional field individually); tests/intake-review.test.js:55; tests/intake-review.test.js:77; tests/intake-review.test.js:83; tests/intake-validation.test.js:112; ssa-intake-assistant/src/model/from-intake-checker.test.js:62; M06: boundary gaps in summary.","High: direct code inspection.","D02: README describes different onset, record and anniversary conditions. D17: review heading range does not attach to date fields.","Approve exact failed-work-attempt condition and metadata scope.","","Existing behavior audited; no changes made."
"jobs","jobs.end-date","End Date","WORK HISTORY / /^(?:(?:Most Recent|Previous) Job|Job(?: \d+)?)$/: exact End Date. Plain or bold label; no field-label synonyms.","date in profile; text or null in parser","Repeating (fixed definition; one instance per recognized record)","Yes: exact plain label or bold label; mapping requires this section/record context.","Original pasted textarea only; not a full parsed-field display. Relevant validation/review rows show the label/reason. Later employee corrections appear in the correction ledger.","Yes, under this definition ID; repeated instances append @category-N. Present values and blanks transfer; absent optional values do not.","Conditional","For every recognized jobs record under WORK HISTORY; the entire record group may be absent.","When no recognized record exists.","Checker reports missing only when the condition above applies. A present blank still transfers as missing/blocked; absence of an optional field creates no profile row.","Trim outer whitespace; preserve internal text and multiline values. Empty/whitespace or exact Not provided / *Not provided* (case-insensitive) becomes null. Exact label matching is case-sensitive. Adapter additionally treats N/A, NA, none provided, unknown, standalone not/provided, dashes/question marks, null/undefined/NaN, not applicable/not available, TBD, and Select/Choose prompts as missing. Literal No, false, 0 and None are not globally missing.","Checker checks presence only when required; no other format, enum or numeric-range validation for this field.","Profile accepts YYYY-M[-D], M/D/YYYY, M/YYYY, English full/three-letter month plus optional day and four-digit year. Leap/calendar validity and year >=1000 required. Encodes YYYY-MM or YYYY-MM-DD with precision; invalid/unsupported date becomes missing. No general future-date or age restriction. Checker requires presence but has no standalone invalid-date or reversed-job-date validation. End Date is parsed to decide current-year addresses. Review skips invalid, month-only, duplicate or reversed dates.","Failed Work Attempt requires a recognized job heading, unique day-precision Start and End, End >= Start and End strictly before Start + 3 calendar months (month-end clamped). No onset dependency; same-day work triggers. Equality at three-month anniversary does not trigger.","Checker does not generally flag duplicate labels. Adapter compares trimmed raw candidates in this scope: different strings, including blank versus supplied, block as conflict. Identical duplicates may be ready. Duplicate singleton sections or repeated record roots block as ambiguous. No candidate is selected for a conflict.","Failed Work Attempt — <job heading> (record N when multiple jobs). Range points to heading, not date values.","No answer default or inferred replacement. Date/boolean type encoding only when applicable.","Checker Reviewed hides the issue without changing the answer. A still-present error remains blocking in the profile even if reviewed. An acknowledged warning stops blocking unless another reason remains. General review flags never establish an answer.","Included if present (even blank) or emitted by validator requirements. Missing, unsupported type/meaning, raw conflict, ambiguous scope, any unparsed source text, any applicable error, or unacknowledged validation warning blocks. Otherwise ready automatically; no employee confirmation is invented. Absent optional fields are omitted.","End Date is required but was not provided. | Failed Work Attempt — <job heading> | End Date has multiple different values. Review this field; dependent checks were skipped. | Profile: No established answer: blank or placeholder. | Profile: Competing values for the same field. Resolve them in the pasted intake. | Profile: Repeated or ambiguous source sections do not establish a unique subject. | Profile: The intake contains unparsed text. Resolve it in Intake Checker before using this profile. | Profile: No valid calendar date in a supported Intake Checker format.","intake-checker/rules.js:38; intake-checker/parser.js:28; ssa-intake-assistant/src/model/from-intake-checker.js:15; ssa-intake-assistant/src/model/from-intake-checker.js:43; ssa-intake-assistant/src/model/intake-contract.js:24; intake-checker/validation.js:111; intake-checker/review.js:45; intake-checker/validation.js:59; intake-checker/validation.js:8; intake-checker/intake-checker.js:61; intake-checker/intake-checker.js:123","ssa-intake-assistant/src/model/from-intake-checker.test.js:16 (catalog and all-definition synthetic transfer; not a format-validity oracle); tests/intake-validation.test.js:43 (record independence/group absence; not every optional field individually); tests/intake-review.test.js:55; tests/intake-review.test.js:77; tests/intake-review.test.js:83; tests/intake-validation.test.js:112; ssa-intake-assistant/src/model/from-intake-checker.test.js:62; M06: boundary gaps in summary.","High: direct code inspection.","D02: README describes different onset, record and anniversary conditions. D17: review heading range does not attach to date fields.","Approve exact failed-work-attempt condition and metadata scope.","","Existing behavior audited; no changes made."
"jobs","jobs.hours-per-day","Hours per Day","WORK HISTORY / /^(?:(?:Most Recent|Previous) Job|Job(?: \d+)?)$/: exact Hours per Day. Plain or bold label; no field-label synonyms.","text in profile; text or null in parser","Repeating (fixed definition; one instance per recognized record)","Yes: exact plain label or bold label; mapping requires this section/record context.","Original pasted textarea only; not a full parsed-field display. Relevant validation/review rows show the label/reason. Later employee corrections appear in the correction ledger.","Yes, under this definition ID; repeated instances append @category-N. Present values and blanks transfer; absent optional values do not.","Conditional","For every recognized jobs record under WORK HISTORY; the entire record group may be absent.","When no recognized record exists.","Checker reports missing only when the condition above applies. A present blank still transfers as missing/blocked; absence of an optional field creates no profile row.","Trim outer whitespace; preserve internal text and multiline values. Empty/whitespace or exact Not provided / *Not provided* (case-insensitive) becomes null. Exact label matching is case-sensitive. Adapter additionally treats N/A, NA, none provided, unknown, standalone not/provided, dashes/question marks, null/undefined/NaN, not applicable/not available, TBD, and Select/Choose prompts as missing. Literal No, false, 0 and None are not globally missing.","Checker checks presence only when required; no other format, enum or numeric-range validation for this field.","No date rule.","No additional cross-field rule.","Checker does not generally flag duplicate labels. Adapter compares trimmed raw candidates in this scope: different strings, including blank versus supplied, block as conflict. Identical duplicates may be ready. Duplicate singleton sections or repeated record roots block as ambiguous. No candidate is selected for a conflict.","No general review trigger.","No answer default or inferred replacement. Date/boolean type encoding only when applicable.","Checker Reviewed hides the issue without changing the answer. A still-present error remains blocking in the profile even if reviewed. An acknowledged warning stops blocking unless another reason remains. General review flags never establish an answer.","Included if present (even blank) or emitted by validator requirements. Missing, unsupported type/meaning, raw conflict, ambiguous scope, any unparsed source text, any applicable error, or unacknowledged validation warning blocks. Otherwise ready automatically; no employee confirmation is invented. Absent optional fields are omitted.","Hours per Day is required but was not provided. | Profile: No established answer: blank or placeholder. | Profile: Competing values for the same field. Resolve them in the pasted intake. | Profile: Repeated or ambiguous source sections do not establish a unique subject. | Profile: The intake contains unparsed text. Resolve it in Intake Checker before using this profile.","intake-checker/rules.js:38; intake-checker/parser.js:28; ssa-intake-assistant/src/model/from-intake-checker.js:15; ssa-intake-assistant/src/model/from-intake-checker.js:43; ssa-intake-assistant/src/model/intake-contract.js:24; intake-checker/validation.js:111; intake-checker/review.js:45; intake-checker/intake-checker.js:61; intake-checker/intake-checker.js:123","ssa-intake-assistant/src/model/from-intake-checker.test.js:16 (catalog and all-definition synthetic transfer; not a format-validity oracle); tests/intake-validation.test.js:43 (record independence/group absence; not every optional field individually)","High: direct code inspection.","D05: value can be profile-ready without format, range or enumeration validation; presence is not proof of SSA suitability.","Specify any intended future validation separately; current behavior is recorded unchanged.","","Existing behavior audited; no changes made."
"jobs","jobs.days-per-week","Days per Week","WORK HISTORY / /^(?:(?:Most Recent|Previous) Job|Job(?: \d+)?)$/: exact Days per Week. Plain or bold label; no field-label synonyms.","text in profile; text or null in parser","Repeating (fixed definition; one instance per recognized record)","Yes: exact plain label or bold label; mapping requires this section/record context.","Original pasted textarea only; not a full parsed-field display. Relevant validation/review rows show the label/reason. Later employee corrections appear in the correction ledger.","Yes, under this definition ID; repeated instances append @category-N. Present values and blanks transfer; absent optional values do not.","Conditional","For every recognized jobs record under WORK HISTORY; the entire record group may be absent.","When no recognized record exists.","Checker reports missing only when the condition above applies. A present blank still transfers as missing/blocked; absence of an optional field creates no profile row.","Trim outer whitespace; preserve internal text and multiline values. Empty/whitespace or exact Not provided / *Not provided* (case-insensitive) becomes null. Exact label matching is case-sensitive. Adapter additionally treats N/A, NA, none provided, unknown, standalone not/provided, dashes/question marks, null/undefined/NaN, not applicable/not available, TBD, and Select/Choose prompts as missing. Literal No, false, 0 and None are not globally missing.","Checker checks presence only when required; no other format, enum or numeric-range validation for this field.","No date rule.","No additional cross-field rule.","Checker does not generally flag duplicate labels. Adapter compares trimmed raw candidates in this scope: different strings, including blank versus supplied, block as conflict. Identical duplicates may be ready. Duplicate singleton sections or repeated record roots block as ambiguous. No candidate is selected for a conflict.","No general review trigger.","No answer default or inferred replacement. Date/boolean type encoding only when applicable.","Checker Reviewed hides the issue without changing the answer. A still-present error remains blocking in the profile even if reviewed. An acknowledged warning stops blocking unless another reason remains. General review flags never establish an answer.","Included if present (even blank) or emitted by validator requirements. Missing, unsupported type/meaning, raw conflict, ambiguous scope, any unparsed source text, any applicable error, or unacknowledged validation warning blocks. Otherwise ready automatically; no employee confirmation is invented. Absent optional fields are omitted.","Days per Week is required but was not provided. | Profile: No established answer: blank or placeholder. | Profile: Competing values for the same field. Resolve them in the pasted intake. | Profile: Repeated or ambiguous source sections do not establish a unique subject. | Profile: The intake contains unparsed text. Resolve it in Intake Checker before using this profile.","intake-checker/rules.js:38; intake-checker/parser.js:28; ssa-intake-assistant/src/model/from-intake-checker.js:15; ssa-intake-assistant/src/model/from-intake-checker.js:43; ssa-intake-assistant/src/model/intake-contract.js:24; intake-checker/validation.js:111; intake-checker/review.js:45; intake-checker/intake-checker.js:61; intake-checker/intake-checker.js:123","ssa-intake-assistant/src/model/from-intake-checker.test.js:16 (catalog and all-definition synthetic transfer; not a format-validity oracle); tests/intake-validation.test.js:43 (record independence/group absence; not every optional field individually)","High: direct code inspection.","D05: value can be profile-ready without format, range or enumeration validation; presence is not proof of SSA suitability.","Specify any intended future validation separately; current behavior is recorded unchanged.","","Existing behavior audited; no changes made."
"jobs","jobs.rate-of-pay","Rate of Pay","WORK HISTORY / /^(?:(?:Most Recent|Previous) Job|Job(?: \d+)?)$/: exact Rate of Pay. Plain or bold label; no field-label synonyms.","text in profile; text or null in parser","Repeating (fixed definition; one instance per recognized record)","Yes: exact plain label or bold label; mapping requires this section/record context.","Original pasted textarea only; not a full parsed-field display. Relevant validation/review rows show the label/reason. Later employee corrections appear in the correction ledger.","Yes, under this definition ID; repeated instances append @category-N. Present values and blanks transfer; absent optional values do not.","Conditional","For every recognized jobs record under WORK HISTORY; the entire record group may be absent.","When no recognized record exists.","Checker reports missing only when the condition above applies. A present blank still transfers as missing/blocked; absence of an optional field creates no profile row.","Trim outer whitespace; preserve internal text and multiline values. Empty/whitespace or exact Not provided / *Not provided* (case-insensitive) becomes null. Exact label matching is case-sensitive. Adapter additionally treats N/A, NA, none provided, unknown, standalone not/provided, dashes/question marks, null/undefined/NaN, not applicable/not available, TBD, and Select/Choose prompts as missing. Literal No, false, 0 and None are not globally missing.","Checker checks presence only when required; no other format, enum or numeric-range validation for this field.","No date rule.","No additional cross-field rule.","Checker does not generally flag duplicate labels. Adapter compares trimmed raw candidates in this scope: different strings, including blank versus supplied, block as conflict. Identical duplicates may be ready. Duplicate singleton sections or repeated record roots block as ambiguous. No candidate is selected for a conflict.","No general review trigger.","No answer default or inferred replacement. Date/boolean type encoding only when applicable.","Checker Reviewed hides the issue without changing the answer. A still-present error remains blocking in the profile even if reviewed. An acknowledged warning stops blocking unless another reason remains. General review flags never establish an answer.","Included if present (even blank) or emitted by validator requirements. Missing, unsupported type/meaning, raw conflict, ambiguous scope, any unparsed source text, any applicable error, or unacknowledged validation warning blocks. Otherwise ready automatically; no employee confirmation is invented. Absent optional fields are omitted.","Rate of Pay is required but was not provided. | Profile: No established answer: blank or placeholder. | Profile: Competing values for the same field. Resolve them in the pasted intake. | Profile: Repeated or ambiguous source sections do not establish a unique subject. | Profile: The intake contains unparsed text. Resolve it in Intake Checker before using this profile.","intake-checker/rules.js:38; intake-checker/parser.js:28; ssa-intake-assistant/src/model/from-intake-checker.js:15; ssa-intake-assistant/src/model/from-intake-checker.js:43; ssa-intake-assistant/src/model/intake-contract.js:24; intake-checker/validation.js:111; intake-checker/review.js:45; intake-checker/intake-checker.js:61; intake-checker/intake-checker.js:123","ssa-intake-assistant/src/model/from-intake-checker.test.js:16 (catalog and all-definition synthetic transfer; not a format-validity oracle); tests/intake-validation.test.js:43 (record independence/group absence; not every optional field individually)","High: direct code inspection.","D05: value can be profile-ready without format, range or enumeration validation; presence is not proof of SSA suitability.","Specify any intended future validation separately; current behavior is recorded unchanged.","","Existing behavior audited; no changes made."
"jobs","jobs.pay-frequency","Pay Frequency","WORK HISTORY / /^(?:(?:Most Recent|Previous) Job|Job(?: \d+)?)$/: exact Pay Frequency. Plain or bold label; no field-label synonyms.","text in profile; text or null in parser","Repeating (fixed definition; one instance per recognized record)","Yes: exact plain label or bold label; mapping requires this section/record context.","Original pasted textarea only; not a full parsed-field display. Relevant validation/review rows show the label/reason. Later employee corrections appear in the correction ledger.","Yes, under this definition ID; repeated instances append @category-N. Present values and blanks transfer; absent optional values do not.","Conditional","For every recognized jobs record under WORK HISTORY; the entire record group may be absent.","When no recognized record exists.","Checker reports missing only when the condition above applies. A present blank still transfers as missing/blocked; absence of an optional field creates no profile row.","Trim outer whitespace; preserve internal text and multiline values. Empty/whitespace or exact Not provided / *Not provided* (case-insensitive) becomes null. Exact label matching is case-sensitive. Adapter additionally treats N/A, NA, none provided, unknown, standalone not/provided, dashes/question marks, null/undefined/NaN, not applicable/not available, TBD, and Select/Choose prompts as missing. Literal No, false, 0 and None are not globally missing.","Checker checks presence only when required; no other format, enum or numeric-range validation for this field.","No date rule.","No additional cross-field rule.","Checker does not generally flag duplicate labels. Adapter compares trimmed raw candidates in this scope: different strings, including blank versus supplied, block as conflict. Identical duplicates may be ready. Duplicate singleton sections or repeated record roots block as ambiguous. No candidate is selected for a conflict.","No general review trigger.","No answer default or inferred replacement. Date/boolean type encoding only when applicable.","Checker Reviewed hides the issue without changing the answer. A still-present error remains blocking in the profile even if reviewed. An acknowledged warning stops blocking unless another reason remains. General review flags never establish an answer.","Included if present (even blank) or emitted by validator requirements. Missing, unsupported type/meaning, raw conflict, ambiguous scope, any unparsed source text, any applicable error, or unacknowledged validation warning blocks. Otherwise ready automatically; no employee confirmation is invented. Absent optional fields are omitted.","Pay Frequency is required but was not provided. | Profile: No established answer: blank or placeholder. | Profile: Competing values for the same field. Resolve them in the pasted intake. | Profile: Repeated or ambiguous source sections do not establish a unique subject. | Profile: The intake contains unparsed text. Resolve it in Intake Checker before using this profile.","intake-checker/rules.js:38; intake-checker/parser.js:28; ssa-intake-assistant/src/model/from-intake-checker.js:15; ssa-intake-assistant/src/model/from-intake-checker.js:43; ssa-intake-assistant/src/model/intake-contract.js:24; intake-checker/validation.js:111; intake-checker/review.js:45; intake-checker/intake-checker.js:61; intake-checker/intake-checker.js:123","ssa-intake-assistant/src/model/from-intake-checker.test.js:16 (catalog and all-definition synthetic transfer; not a format-validity oracle); tests/intake-validation.test.js:43 (record independence/group absence; not every optional field individually)","High: direct code inspection.","D05: value can be profile-ready without format, range or enumeration validation; presence is not proof of SSA suitability.","Specify any intended future validation separately; current behavior is recorded unchanged.","","Existing behavior audited; no changes made."
"jobs","jobs.address","Address","WORK HISTORY / /^(?:(?:Most Recent|Previous) Job|Job(?: \d+)?)$/: exact Address. Plain or bold label; no field-label synonyms.","text in profile; text or null in parser","Repeating (fixed definition; one instance per recognized record)","Yes: exact plain label or bold label; mapping requires this section/record context.","Original pasted textarea only; not a full parsed-field display. Relevant validation/review rows show the label/reason. Later employee corrections appear in the correction ledger.","Yes, under this definition ID; repeated instances append @category-N. Present values and blanks transfer; absent optional values do not.","Conditional","Required for this recognized job only when a single nonmissing, nonconflicting End Date parses successfully and its year equals the employee device local current year.","Job absent, End Date absent/invalid/conflicting, or End Date in any other year (including a future year).","Checker reports missing only when the condition above applies. A present blank still transfers as missing/blocked; absence of an optional field creates no profile row.","Trim outer whitespace; preserve internal text and multiline values. Empty/whitespace or exact Not provided / *Not provided* (case-insensitive) becomes null. Exact label matching is case-sensitive. Adapter additionally treats N/A, NA, none provided, unknown, standalone not/provided, dashes/question marks, null/undefined/NaN, not applicable/not available, TBD, and Select/Choose prompts as missing. Literal No, false, 0 and None are not globally missing.","Checker checks presence only when required; no other format, enum or numeric-range validation for this field.","No date rule.","Not a rolling 12-month rule. No relationship to Currently working.","Checker does not generally flag duplicate labels. Adapter compares trimmed raw candidates in this scope: different strings, including blank versus supplied, block as conflict. Identical duplicates may be ready. Duplicate singleton sections or repeated record roots block as ambiguous. No candidate is selected for a conflict.","No general review trigger.","No answer default or inferred replacement. Date/boolean type encoding only when applicable.","Checker Reviewed hides the issue without changing the answer. A still-present error remains blocking in the profile even if reviewed. An acknowledged warning stops blocking unless another reason remains. General review flags never establish an answer.","Included if present (even blank) or emitted by validator requirements. Missing, unsupported type/meaning, raw conflict, ambiguous scope, any unparsed source text, any applicable error, or unacknowledged validation warning blocks. Otherwise ready automatically; no employee confirmation is invented. Absent optional fields are omitted.","Address is required but was not provided. | Profile: No established answer: blank or placeholder. | Profile: Competing values for the same field. Resolve them in the pasted intake. | Profile: Repeated or ambiguous source sections do not establish a unique subject. | Profile: The intake contains unparsed text. Resolve it in Intake Checker before using this profile.","intake-checker/rules.js:38; intake-checker/parser.js:28; ssa-intake-assistant/src/model/from-intake-checker.js:15; ssa-intake-assistant/src/model/from-intake-checker.js:43; ssa-intake-assistant/src/model/intake-contract.js:24; intake-checker/validation.js:111; intake-checker/review.js:45; intake-checker/intake-checker.js:61; intake-checker/intake-checker.js:123","ssa-intake-assistant/src/model/from-intake-checker.test.js:16 (catalog and all-definition synthetic transfer; not a format-validity oracle); tests/intake-validation.test.js:43 (record independence/group absence; not every optional field individually); tests/intake-validation.test.js:118","High: direct code inspection.","No field-specific discrepancy identified; shared rules and limitations still apply.","Review and approve the documented current rule.","","Existing behavior audited; no changes made."
"jobs","jobs.city","City","WORK HISTORY / /^(?:(?:Most Recent|Previous) Job|Job(?: \d+)?)$/: exact City. Plain or bold label; no field-label synonyms.","text in profile; text or null in parser","Repeating (fixed definition; one instance per recognized record)","Yes: exact plain label or bold label; mapping requires this section/record context.","Original pasted textarea only; not a full parsed-field display. Relevant validation/review rows show the label/reason. Later employee corrections appear in the correction ledger.","Yes, under this definition ID; repeated instances append @category-N. Present values and blanks transfer; absent optional values do not.","Conditional","Required for this recognized job only when a single nonmissing, nonconflicting End Date parses successfully and its year equals the employee device local current year.","Job absent, End Date absent/invalid/conflicting, or End Date in any other year (including a future year).","Checker reports missing only when the condition above applies. A present blank still transfers as missing/blocked; absence of an optional field creates no profile row.","Trim outer whitespace; preserve internal text and multiline values. Empty/whitespace or exact Not provided / *Not provided* (case-insensitive) becomes null. Exact label matching is case-sensitive. Adapter additionally treats N/A, NA, none provided, unknown, standalone not/provided, dashes/question marks, null/undefined/NaN, not applicable/not available, TBD, and Select/Choose prompts as missing. Literal No, false, 0 and None are not globally missing.","Checker checks presence only when required; no other format, enum or numeric-range validation for this field.","No date rule.","Not a rolling 12-month rule. No relationship to Currently working.","Checker does not generally flag duplicate labels. Adapter compares trimmed raw candidates in this scope: different strings, including blank versus supplied, block as conflict. Identical duplicates may be ready. Duplicate singleton sections or repeated record roots block as ambiguous. No candidate is selected for a conflict.","No general review trigger.","No answer default or inferred replacement. Date/boolean type encoding only when applicable.","Checker Reviewed hides the issue without changing the answer. A still-present error remains blocking in the profile even if reviewed. An acknowledged warning stops blocking unless another reason remains. General review flags never establish an answer.","Included if present (even blank) or emitted by validator requirements. Missing, unsupported type/meaning, raw conflict, ambiguous scope, any unparsed source text, any applicable error, or unacknowledged validation warning blocks. Otherwise ready automatically; no employee confirmation is invented. Absent optional fields are omitted.","City is required but was not provided. | Profile: No established answer: blank or placeholder. | Profile: Competing values for the same field. Resolve them in the pasted intake. | Profile: Repeated or ambiguous source sections do not establish a unique subject. | Profile: The intake contains unparsed text. Resolve it in Intake Checker before using this profile.","intake-checker/rules.js:38; intake-checker/parser.js:28; ssa-intake-assistant/src/model/from-intake-checker.js:15; ssa-intake-assistant/src/model/from-intake-checker.js:43; ssa-intake-assistant/src/model/intake-contract.js:24; intake-checker/validation.js:111; intake-checker/review.js:45; intake-checker/intake-checker.js:61; intake-checker/intake-checker.js:123","ssa-intake-assistant/src/model/from-intake-checker.test.js:16 (catalog and all-definition synthetic transfer; not a format-validity oracle); tests/intake-validation.test.js:43 (record independence/group absence; not every optional field individually); tests/intake-validation.test.js:118","High: direct code inspection.","No field-specific discrepancy identified; shared rules and limitations still apply.","Review and approve the documented current rule.","","Existing behavior audited; no changes made."
"jobs","jobs.state","State","WORK HISTORY / /^(?:(?:Most Recent|Previous) Job|Job(?: \d+)?)$/: exact State. Plain or bold label; no field-label synonyms.","text in profile; text or null in parser","Repeating (fixed definition; one instance per recognized record)","Yes: exact plain label or bold label; mapping requires this section/record context.","Original pasted textarea only; not a full parsed-field display. Relevant validation/review rows show the label/reason. Later employee corrections appear in the correction ledger.","Yes, under this definition ID; repeated instances append @category-N. Present values and blanks transfer; absent optional values do not.","Conditional","Required for this recognized job only when a single nonmissing, nonconflicting End Date parses successfully and its year equals the employee device local current year.","Job absent, End Date absent/invalid/conflicting, or End Date in any other year (including a future year).","Checker reports missing only when the condition above applies. A present blank still transfers as missing/blocked; absence of an optional field creates no profile row.","Trim outer whitespace; preserve internal text and multiline values. Empty/whitespace or exact Not provided / *Not provided* (case-insensitive) becomes null. Exact label matching is case-sensitive. Adapter additionally treats N/A, NA, none provided, unknown, standalone not/provided, dashes/question marks, null/undefined/NaN, not applicable/not available, TBD, and Select/Choose prompts as missing. Literal No, false, 0 and None are not globally missing.","Checker checks presence only when required; no other format, enum or numeric-range validation for this field.","No date rule.","Not a rolling 12-month rule. No relationship to Currently working.","Checker does not generally flag duplicate labels. Adapter compares trimmed raw candidates in this scope: different strings, including blank versus supplied, block as conflict. Identical duplicates may be ready. Duplicate singleton sections or repeated record roots block as ambiguous. No candidate is selected for a conflict.","No general review trigger.","No answer default or inferred replacement. Date/boolean type encoding only when applicable.","Checker Reviewed hides the issue without changing the answer. A still-present error remains blocking in the profile even if reviewed. An acknowledged warning stops blocking unless another reason remains. General review flags never establish an answer.","Included if present (even blank) or emitted by validator requirements. Missing, unsupported type/meaning, raw conflict, ambiguous scope, any unparsed source text, any applicable error, or unacknowledged validation warning blocks. Otherwise ready automatically; no employee confirmation is invented. Absent optional fields are omitted.","State is required but was not provided. | Profile: No established answer: blank or placeholder. | Profile: Competing values for the same field. Resolve them in the pasted intake. | Profile: Repeated or ambiguous source sections do not establish a unique subject. | Profile: The intake contains unparsed text. Resolve it in Intake Checker before using this profile.","intake-checker/rules.js:38; intake-checker/parser.js:28; ssa-intake-assistant/src/model/from-intake-checker.js:15; ssa-intake-assistant/src/model/from-intake-checker.js:43; ssa-intake-assistant/src/model/intake-contract.js:24; intake-checker/validation.js:111; intake-checker/review.js:45; intake-checker/intake-checker.js:61; intake-checker/intake-checker.js:123","ssa-intake-assistant/src/model/from-intake-checker.test.js:16 (catalog and all-definition synthetic transfer; not a format-validity oracle); tests/intake-validation.test.js:43 (record independence/group absence; not every optional field individually); tests/intake-validation.test.js:118","High: direct code inspection.","No field-specific discrepancy identified; shared rules and limitations still apply.","Review and approve the documented current rule.","","Existing behavior audited; no changes made."
"jobs","jobs.zipcode","Zipcode","WORK HISTORY / /^(?:(?:Most Recent|Previous) Job|Job(?: \d+)?)$/: exact Zipcode. Plain or bold label; no field-label synonyms.","text in profile; text or null in parser","Repeating (fixed definition; one instance per recognized record)","Yes: exact plain label or bold label; mapping requires this section/record context.","Original pasted textarea only; not a full parsed-field display. Relevant validation/review rows show the label/reason. Later employee corrections appear in the correction ledger.","Yes, under this definition ID; repeated instances append @category-N. Present values and blanks transfer; absent optional values do not.","Conditional","Required for this recognized job only when a single nonmissing, nonconflicting End Date parses successfully and its year equals the employee device local current year.","Job absent, End Date absent/invalid/conflicting, or End Date in any other year (including a future year).","Checker reports missing only when the condition above applies. A present blank still transfers as missing/blocked; absence of an optional field creates no profile row.","Trim outer whitespace; preserve internal text and multiline values. Empty/whitespace or exact Not provided / *Not provided* (case-insensitive) becomes null. Exact label matching is case-sensitive. Adapter additionally treats N/A, NA, none provided, unknown, standalone not/provided, dashes/question marks, null/undefined/NaN, not applicable/not available, TBD, and Select/Choose prompts as missing. Literal No, false, 0 and None are not globally missing.","Checker checks presence only when required; no other format, enum or numeric-range validation for this field.","No date rule.","Not a rolling 12-month rule. No relationship to Currently working.","Checker does not generally flag duplicate labels. Adapter compares trimmed raw candidates in this scope: different strings, including blank versus supplied, block as conflict. Identical duplicates may be ready. Duplicate singleton sections or repeated record roots block as ambiguous. No candidate is selected for a conflict.","No general review trigger.","No answer default or inferred replacement. Date/boolean type encoding only when applicable.","Checker Reviewed hides the issue without changing the answer. A still-present error remains blocking in the profile even if reviewed. An acknowledged warning stops blocking unless another reason remains. General review flags never establish an answer.","Included if present (even blank) or emitted by validator requirements. Missing, unsupported type/meaning, raw conflict, ambiguous scope, any unparsed source text, any applicable error, or unacknowledged validation warning blocks. Otherwise ready automatically; no employee confirmation is invented. Absent optional fields are omitted.","Zipcode is required but was not provided. | Profile: No established answer: blank or placeholder. | Profile: Competing values for the same field. Resolve them in the pasted intake. | Profile: Repeated or ambiguous source sections do not establish a unique subject. | Profile: The intake contains unparsed text. Resolve it in Intake Checker before using this profile.","intake-checker/rules.js:38; intake-checker/parser.js:28; ssa-intake-assistant/src/model/from-intake-checker.js:15; ssa-intake-assistant/src/model/from-intake-checker.js:43; ssa-intake-assistant/src/model/intake-contract.js:24; intake-checker/validation.js:111; intake-checker/review.js:45; intake-checker/intake-checker.js:61; intake-checker/intake-checker.js:123","ssa-intake-assistant/src/model/from-intake-checker.test.js:16 (catalog and all-definition synthetic transfer; not a format-validity oracle); tests/intake-validation.test.js:43 (record independence/group absence; not every optional field individually); tests/intake-validation.test.js:118","High: direct code inspection.","D05: value can be profile-ready without format, range or enumeration validation; presence is not proof of SSA suitability.","Specify any intended future validation separately; current behavior is recorded unchanged.","","Existing behavior audited; no changes made."
"spouse","spouse.first-name","First Name","MARRIAGE INFORMATION / /^Current Spouse$/: exact First Name. Plain or bold label; no field-label synonyms.","text in profile; text or null in parser","Repeating (fixed definition; one instance per recognized record)","Yes: exact plain label or bold label; mapping requires this section/record context.","Original pasted textarea only; not a full parsed-field display. Relevant validation/review rows show the label/reason. Later employee corrections appear in the correction ledger.","Yes, under this definition ID; repeated instances append @category-N. Present values and blanks transfer; absent optional values do not.","Conditional","Required in every Current Spouse record only when parent Marital Status resolves exactly to Married (case-sensitive).","When status is absent, blank or not exactly Married, except the separate Type of Marriage rule.","Checker reports missing only when the condition above applies. A present blank still transfers as missing/blocked; absence of an optional field creates no profile row.","Trim outer whitespace; preserve internal text and multiline values. Empty/whitespace or exact Not provided / *Not provided* (case-insensitive) becomes null. Exact label matching is case-sensitive. Adapter additionally treats N/A, NA, none provided, unknown, standalone not/provided, dashes/question marks, null/undefined/NaN, not applicable/not available, TBD, and Select/Choose prompts as missing. Literal No, false, 0 and None are not globally missing.","Nonmissing value containing any period produces an error. No other name-character rule.","No date rule.","A missing Current Spouse record creates a record-level requirement, not invented spouse fields. Multiple Current Spouse records block mapped spouse answers as ambiguous.","Checker does not generally flag duplicate labels. Adapter compares trimmed raw candidates in this scope: different strings, including blank versus supplied, block as conflict. Identical duplicates may be ready. Duplicate singleton sections or repeated record roots block as ambiguous. No candidate is selected for a conflict.","No general review trigger.","No answer default or inferred replacement. Date/boolean type encoding only when applicable.","Checker Reviewed hides the issue without changing the answer. A still-present error remains blocking in the profile even if reviewed. An acknowledged warning stops blocking unless another reason remains. General review flags never establish an answer.","Included if present (even blank) or emitted by validator requirements. Missing, unsupported type/meaning, raw conflict, ambiguous scope, any unparsed source text, any applicable error, or unacknowledged validation warning blocks. Otherwise ready automatically; no employee confirmation is invented. Absent optional fields are omitted.","First Name is required but was not provided. | Periods are not allowed in person names. | Profile: No established answer: blank or placeholder. | Profile: Competing values for the same field. Resolve them in the pasted intake. | Profile: Repeated or ambiguous source sections do not establish a unique subject. | Profile: The intake contains unparsed text. Resolve it in Intake Checker before using this profile.","intake-checker/rules.js:43; intake-checker/parser.js:28; ssa-intake-assistant/src/model/from-intake-checker.js:15; ssa-intake-assistant/src/model/from-intake-checker.js:43; ssa-intake-assistant/src/model/intake-contract.js:24; intake-checker/validation.js:174; intake-checker/validation.js:157; intake-checker/intake-checker.js:61; intake-checker/intake-checker.js:123","ssa-intake-assistant/src/model/from-intake-checker.test.js:16 (catalog and all-definition synthetic transfer; not a format-validity oracle); tests/intake-validation.test.js:175 (selected name fields, not every configured label); tests/intake-validation.test.js:145; ssa-intake-assistant/src/model/from-intake-checker.test.js:165","High: direct code inspection.","No field-specific discrepancy identified; shared rules and limitations still apply.","Review and approve the documented current rule.","","Existing behavior audited; no changes made."
"spouse","spouse.last-name","Last Name","MARRIAGE INFORMATION / /^Current Spouse$/: exact Last Name. Plain or bold label; no field-label synonyms.","text in profile; text or null in parser","Repeating (fixed definition; one instance per recognized record)","Yes: exact plain label or bold label; mapping requires this section/record context.","Original pasted textarea only; not a full parsed-field display. Relevant validation/review rows show the label/reason. Later employee corrections appear in the correction ledger.","Yes, under this definition ID; repeated instances append @category-N. Present values and blanks transfer; absent optional values do not.","Conditional","Required in every Current Spouse record only when parent Marital Status resolves exactly to Married (case-sensitive).","When status is absent, blank or not exactly Married, except the separate Type of Marriage rule.","Checker reports missing only when the condition above applies. A present blank still transfers as missing/blocked; absence of an optional field creates no profile row.","Trim outer whitespace; preserve internal text and multiline values. Empty/whitespace or exact Not provided / *Not provided* (case-insensitive) becomes null. Exact label matching is case-sensitive. Adapter additionally treats N/A, NA, none provided, unknown, standalone not/provided, dashes/question marks, null/undefined/NaN, not applicable/not available, TBD, and Select/Choose prompts as missing. Literal No, false, 0 and None are not globally missing.","Nonmissing value containing any period produces an error. No other name-character rule.","No date rule.","A missing Current Spouse record creates a record-level requirement, not invented spouse fields. Multiple Current Spouse records block mapped spouse answers as ambiguous.","Checker does not generally flag duplicate labels. Adapter compares trimmed raw candidates in this scope: different strings, including blank versus supplied, block as conflict. Identical duplicates may be ready. Duplicate singleton sections or repeated record roots block as ambiguous. No candidate is selected for a conflict.","No general review trigger.","No answer default or inferred replacement. Date/boolean type encoding only when applicable.","Checker Reviewed hides the issue without changing the answer. A still-present error remains blocking in the profile even if reviewed. An acknowledged warning stops blocking unless another reason remains. General review flags never establish an answer.","Included if present (even blank) or emitted by validator requirements. Missing, unsupported type/meaning, raw conflict, ambiguous scope, any unparsed source text, any applicable error, or unacknowledged validation warning blocks. Otherwise ready automatically; no employee confirmation is invented. Absent optional fields are omitted.","Last Name is required but was not provided. | Periods are not allowed in person names. | Profile: No established answer: blank or placeholder. | Profile: Competing values for the same field. Resolve them in the pasted intake. | Profile: Repeated or ambiguous source sections do not establish a unique subject. | Profile: The intake contains unparsed text. Resolve it in Intake Checker before using this profile.","intake-checker/rules.js:43; intake-checker/parser.js:28; ssa-intake-assistant/src/model/from-intake-checker.js:15; ssa-intake-assistant/src/model/from-intake-checker.js:43; ssa-intake-assistant/src/model/intake-contract.js:24; intake-checker/validation.js:174; intake-checker/validation.js:157; intake-checker/intake-checker.js:61; intake-checker/intake-checker.js:123","ssa-intake-assistant/src/model/from-intake-checker.test.js:16 (catalog and all-definition synthetic transfer; not a format-validity oracle); tests/intake-validation.test.js:175 (selected name fields, not every configured label); tests/intake-validation.test.js:145; ssa-intake-assistant/src/model/from-intake-checker.test.js:165","High: direct code inspection.","No field-specific discrepancy identified; shared rules and limitations still apply.","Review and approve the documented current rule.","","Existing behavior audited; no changes made."
"spouse","spouse.marriage-date","Marriage Date","MARRIAGE INFORMATION / /^Current Spouse$/: exact Marriage Date. Plain or bold label; no field-label synonyms.","date in profile; text or null in parser","Repeating (fixed definition; one instance per recognized record)","Yes: exact plain label or bold label; mapping requires this section/record context.","Original pasted textarea only; not a full parsed-field display. Relevant validation/review rows show the label/reason. Later employee corrections appear in the correction ledger.","Yes, under this definition ID; repeated instances append @category-N. Present values and blanks transfer; absent optional values do not.","Conditional","Required in every Current Spouse record only when parent Marital Status resolves exactly to Married (case-sensitive).","When status is absent, blank or not exactly Married, except the separate Type of Marriage rule.","Checker reports missing only when the condition above applies. A present blank still transfers as missing/blocked; absence of an optional field creates no profile row.","Trim outer whitespace; preserve internal text and multiline values. Empty/whitespace or exact Not provided / *Not provided* (case-insensitive) becomes null. Exact label matching is case-sensitive. Adapter additionally treats N/A, NA, none provided, unknown, standalone not/provided, dashes/question marks, null/undefined/NaN, not applicable/not available, TBD, and Select/Choose prompts as missing. Literal No, false, 0 and None are not globally missing.","Checker checks presence only when required; no other format, enum or numeric-range validation for this field.","Profile accepts YYYY-M[-D], M/D/YYYY, M/YYYY, English full/three-letter month plus optional day and four-digit year. Leap/calendar validity and year >=1000 required. Encodes YYYY-MM or YYYY-MM-DD with precision; invalid/unsupported date becomes missing. No general future-date or age restriction.","A missing Current Spouse record creates a record-level requirement, not invented spouse fields. Multiple Current Spouse records block mapped spouse answers as ambiguous.","Checker does not generally flag duplicate labels. Adapter compares trimmed raw candidates in this scope: different strings, including blank versus supplied, block as conflict. Identical duplicates may be ready. Duplicate singleton sections or repeated record roots block as ambiguous. No candidate is selected for a conflict.","No general review trigger.","No answer default or inferred replacement. Date/boolean type encoding only when applicable.","Checker Reviewed hides the issue without changing the answer. A still-present error remains blocking in the profile even if reviewed. An acknowledged warning stops blocking unless another reason remains. General review flags never establish an answer.","Included if present (even blank) or emitted by validator requirements. Missing, unsupported type/meaning, raw conflict, ambiguous scope, any unparsed source text, any applicable error, or unacknowledged validation warning blocks. Otherwise ready automatically; no employee confirmation is invented. Absent optional fields are omitted.","Marriage Date is required but was not provided. | Profile: No established answer: blank or placeholder. | Profile: Competing values for the same field. Resolve them in the pasted intake. | Profile: Repeated or ambiguous source sections do not establish a unique subject. | Profile: The intake contains unparsed text. Resolve it in Intake Checker before using this profile. | Profile: No valid calendar date in a supported Intake Checker format.","intake-checker/rules.js:43; intake-checker/parser.js:28; ssa-intake-assistant/src/model/from-intake-checker.js:15; ssa-intake-assistant/src/model/from-intake-checker.js:43; ssa-intake-assistant/src/model/intake-contract.js:24; intake-checker/validation.js:157; intake-checker/validation.js:8; intake-checker/intake-checker.js:61; intake-checker/intake-checker.js:123","ssa-intake-assistant/src/model/from-intake-checker.test.js:16 (catalog and all-definition synthetic transfer; not a format-validity oracle); tests/intake-validation.test.js:145; ssa-intake-assistant/src/model/from-intake-checker.test.js:165; tests/intake-validation.test.js:112; ssa-intake-assistant/src/model/from-intake-checker.test.js:62; M06: boundary gaps in summary.","High: direct code inspection.","No field-specific discrepancy identified; shared rules and limitations still apply.","Review and approve the documented current rule.","","Existing behavior audited; no changes made."
"spouse","spouse.birth-country","Birth Country","MARRIAGE INFORMATION / /^Current Spouse$/: exact Birth Country. Plain or bold label; no field-label synonyms.","text in profile; text or null in parser","Repeating (fixed definition; one instance per recognized record)","Yes: exact plain label or bold label; mapping requires this section/record context.","Original pasted textarea only; not a full parsed-field display. Relevant validation/review rows show the label/reason. Later employee corrections appear in the correction ledger.","Yes, under this definition ID; repeated instances append @category-N. Present values and blanks transfer; absent optional values do not.","Conditional","Required in every Current Spouse record only when parent Marital Status resolves exactly to Married (case-sensitive).","When status is absent, blank or not exactly Married, except the separate Type of Marriage rule.","Checker reports missing only when the condition above applies. A present blank still transfers as missing/blocked; absence of an optional field creates no profile row.","Trim outer whitespace; preserve internal text and multiline values. Empty/whitespace or exact Not provided / *Not provided* (case-insensitive) becomes null. Exact label matching is case-sensitive. Adapter additionally treats N/A, NA, none provided, unknown, standalone not/provided, dashes/question marks, null/undefined/NaN, not applicable/not available, TBD, and Select/Choose prompts as missing. Literal No, false, 0 and None are not globally missing.","Checker checks presence only when required; no other format, enum or numeric-range validation for this field.","No date rule.","A missing Current Spouse record creates a record-level requirement, not invented spouse fields. Multiple Current Spouse records block mapped spouse answers as ambiguous.","Checker does not generally flag duplicate labels. Adapter compares trimmed raw candidates in this scope: different strings, including blank versus supplied, block as conflict. Identical duplicates may be ready. Duplicate singleton sections or repeated record roots block as ambiguous. No candidate is selected for a conflict.","No general review trigger.","No answer default or inferred replacement. Date/boolean type encoding only when applicable.","Checker Reviewed hides the issue without changing the answer. A still-present error remains blocking in the profile even if reviewed. An acknowledged warning stops blocking unless another reason remains. General review flags never establish an answer.","Included if present (even blank) or emitted by validator requirements. Missing, unsupported type/meaning, raw conflict, ambiguous scope, any unparsed source text, any applicable error, or unacknowledged validation warning blocks. Otherwise ready automatically; no employee confirmation is invented. Absent optional fields are omitted.","Birth Country is required but was not provided. | Profile: No established answer: blank or placeholder. | Profile: Competing values for the same field. Resolve them in the pasted intake. | Profile: Repeated or ambiguous source sections do not establish a unique subject. | Profile: The intake contains unparsed text. Resolve it in Intake Checker before using this profile.","intake-checker/rules.js:43; intake-checker/parser.js:28; ssa-intake-assistant/src/model/from-intake-checker.js:15; ssa-intake-assistant/src/model/from-intake-checker.js:43; ssa-intake-assistant/src/model/intake-contract.js:24; intake-checker/validation.js:157; intake-checker/intake-checker.js:61; intake-checker/intake-checker.js:123","ssa-intake-assistant/src/model/from-intake-checker.test.js:16 (catalog and all-definition synthetic transfer; not a format-validity oracle); tests/intake-validation.test.js:145; ssa-intake-assistant/src/model/from-intake-checker.test.js:165","High: direct code inspection.","No field-specific discrepancy identified; shared rules and limitations still apply.","Review and approve the documented current rule.","","Existing behavior audited; no changes made."
"spouse","spouse.birth-city","Birth City","MARRIAGE INFORMATION / /^Current Spouse$/: exact Birth City. Plain or bold label; no field-label synonyms.","text in profile; text or null in parser","Repeating (fixed definition; one instance per recognized record)","Yes: exact plain label or bold label; mapping requires this section/record context.","Original pasted textarea only; not a full parsed-field display. Relevant validation/review rows show the label/reason. Later employee corrections appear in the correction ledger.","Yes, under this definition ID; repeated instances append @category-N. Present values and blanks transfer; absent optional values do not.","Conditional","Required in every Current Spouse record only when parent Marital Status resolves exactly to Married (case-sensitive).","When status is absent, blank or not exactly Married, except the separate Type of Marriage rule.","Checker reports missing only when the condition above applies. A present blank still transfers as missing/blocked; absence of an optional field creates no profile row.","Trim outer whitespace; preserve internal text and multiline values. Empty/whitespace or exact Not provided / *Not provided* (case-insensitive) becomes null. Exact label matching is case-sensitive. Adapter additionally treats N/A, NA, none provided, unknown, standalone not/provided, dashes/question marks, null/undefined/NaN, not applicable/not available, TBD, and Select/Choose prompts as missing. Literal No, false, 0 and None are not globally missing.","Checker checks presence only when required; no other format, enum or numeric-range validation for this field.","No date rule.","A missing Current Spouse record creates a record-level requirement, not invented spouse fields. Multiple Current Spouse records block mapped spouse answers as ambiguous.","Checker does not generally flag duplicate labels. Adapter compares trimmed raw candidates in this scope: different strings, including blank versus supplied, block as conflict. Identical duplicates may be ready. Duplicate singleton sections or repeated record roots block as ambiguous. No candidate is selected for a conflict.","No general review trigger.","No answer default or inferred replacement. Date/boolean type encoding only when applicable.","Checker Reviewed hides the issue without changing the answer. A still-present error remains blocking in the profile even if reviewed. An acknowledged warning stops blocking unless another reason remains. General review flags never establish an answer.","Included if present (even blank) or emitted by validator requirements. Missing, unsupported type/meaning, raw conflict, ambiguous scope, any unparsed source text, any applicable error, or unacknowledged validation warning blocks. Otherwise ready automatically; no employee confirmation is invented. Absent optional fields are omitted.","Birth City is required but was not provided. | Profile: No established answer: blank or placeholder. | Profile: Competing values for the same field. Resolve them in the pasted intake. | Profile: Repeated or ambiguous source sections do not establish a unique subject. | Profile: The intake contains unparsed text. Resolve it in Intake Checker before using this profile.","intake-checker/rules.js:43; intake-checker/parser.js:28; ssa-intake-assistant/src/model/from-intake-checker.js:15; ssa-intake-assistant/src/model/from-intake-checker.js:43; ssa-intake-assistant/src/model/intake-contract.js:24; intake-checker/validation.js:157; intake-checker/intake-checker.js:61; intake-checker/intake-checker.js:123","ssa-intake-assistant/src/model/from-intake-checker.test.js:16 (catalog and all-definition synthetic transfer; not a format-validity oracle); tests/intake-validation.test.js:145; ssa-intake-assistant/src/model/from-intake-checker.test.js:165","High: direct code inspection.","No field-specific discrepancy identified; shared rules and limitations still apply.","Review and approve the documented current rule.","","Existing behavior audited; no changes made."
"spouse","spouse.birth-state","Birth State","MARRIAGE INFORMATION / /^Current Spouse$/: exact Birth State. Plain or bold label; no field-label synonyms.","text in profile; text or null in parser","Repeating (fixed definition; one instance per recognized record)","Yes: exact plain label or bold label; mapping requires this section/record context.","Original pasted textarea only; not a full parsed-field display. Relevant validation/review rows show the label/reason. Later employee corrections appear in the correction ledger.","Yes, under this definition ID; repeated instances append @category-N. Present values and blanks transfer; absent optional values do not.","Conditional","Required in every Current Spouse record only when parent Marital Status resolves exactly to Married (case-sensitive).","When status is absent, blank or not exactly Married, except the separate Type of Marriage rule.","Checker reports missing only when the condition above applies. A present blank still transfers as missing/blocked; absence of an optional field creates no profile row.","Trim outer whitespace; preserve internal text and multiline values. Empty/whitespace or exact Not provided / *Not provided* (case-insensitive) becomes null. Exact label matching is case-sensitive. Adapter additionally treats N/A, NA, none provided, unknown, standalone not/provided, dashes/question marks, null/undefined/NaN, not applicable/not available, TBD, and Select/Choose prompts as missing. Literal No, false, 0 and None are not globally missing.","Checker checks presence only when required; no other format, enum or numeric-range validation for this field.","No date rule.","A missing Current Spouse record creates a record-level requirement, not invented spouse fields. Multiple Current Spouse records block mapped spouse answers as ambiguous.","Checker does not generally flag duplicate labels. Adapter compares trimmed raw candidates in this scope: different strings, including blank versus supplied, block as conflict. Identical duplicates may be ready. Duplicate singleton sections or repeated record roots block as ambiguous. No candidate is selected for a conflict.","No general review trigger.","No answer default or inferred replacement. Date/boolean type encoding only when applicable.","Checker Reviewed hides the issue without changing the answer. A still-present error remains blocking in the profile even if reviewed. An acknowledged warning stops blocking unless another reason remains. General review flags never establish an answer.","Included if present (even blank) or emitted by validator requirements. Missing, unsupported type/meaning, raw conflict, ambiguous scope, any unparsed source text, any applicable error, or unacknowledged validation warning blocks. Otherwise ready automatically; no employee confirmation is invented. Absent optional fields are omitted.","Birth State is required but was not provided. | Profile: No established answer: blank or placeholder. | Profile: Competing values for the same field. Resolve them in the pasted intake. | Profile: Repeated or ambiguous source sections do not establish a unique subject. | Profile: The intake contains unparsed text. Resolve it in Intake Checker before using this profile.","intake-checker/rules.js:43; intake-checker/parser.js:28; ssa-intake-assistant/src/model/from-intake-checker.js:15; ssa-intake-assistant/src/model/from-intake-checker.js:43; ssa-intake-assistant/src/model/intake-contract.js:24; intake-checker/validation.js:157; intake-checker/intake-checker.js:61; intake-checker/intake-checker.js:123","ssa-intake-assistant/src/model/from-intake-checker.test.js:16 (catalog and all-definition synthetic transfer; not a format-validity oracle); tests/intake-validation.test.js:145; ssa-intake-assistant/src/model/from-intake-checker.test.js:165","High: direct code inspection.","No field-specific discrepancy identified; shared rules and limitations still apply.","Review and approve the documented current rule.","","Existing behavior audited; no changes made."
"spouse","spouse.age","Age","MARRIAGE INFORMATION / /^Current Spouse$/: exact Age. Plain or bold label; no field-label synonyms.","text in profile; text or null in parser","Repeating (fixed definition; one instance per recognized record)","Yes: exact plain label or bold label; mapping requires this section/record context.","Original pasted textarea only; not a full parsed-field display. Relevant validation/review rows show the label/reason. Later employee corrections appear in the correction ledger.","Yes, under this definition ID; repeated instances append @category-N. Present values and blanks transfer; absent optional values do not.","Conditional","Required in every Current Spouse record only when parent Marital Status resolves exactly to Married (case-sensitive).","When status is absent, blank or not exactly Married, except the separate Type of Marriage rule.","Checker reports missing only when the condition above applies. A present blank still transfers as missing/blocked; absence of an optional field creates no profile row.","Trim outer whitespace; preserve internal text and multiline values. Empty/whitespace or exact Not provided / *Not provided* (case-insensitive) becomes null. Exact label matching is case-sensitive. Adapter additionally treats N/A, NA, none provided, unknown, standalone not/provided, dashes/question marks, null/undefined/NaN, not applicable/not available, TBD, and Select/Choose prompts as missing. Literal No, false, 0 and None are not globally missing.","Checker checks presence only when required; no other format, enum or numeric-range validation for this field.","No date rule.","A missing Current Spouse record creates a record-level requirement, not invented spouse fields. Multiple Current Spouse records block mapped spouse answers as ambiguous.","Checker does not generally flag duplicate labels. Adapter compares trimmed raw candidates in this scope: different strings, including blank versus supplied, block as conflict. Identical duplicates may be ready. Duplicate singleton sections or repeated record roots block as ambiguous. No candidate is selected for a conflict.","No general review trigger.","No answer default or inferred replacement. Date/boolean type encoding only when applicable.","Checker Reviewed hides the issue without changing the answer. A still-present error remains blocking in the profile even if reviewed. An acknowledged warning stops blocking unless another reason remains. General review flags never establish an answer.","Included if present (even blank) or emitted by validator requirements. Missing, unsupported type/meaning, raw conflict, ambiguous scope, any unparsed source text, any applicable error, or unacknowledged validation warning blocks. Otherwise ready automatically; no employee confirmation is invented. Absent optional fields are omitted.","Age is required but was not provided. | Profile: No established answer: blank or placeholder. | Profile: Competing values for the same field. Resolve them in the pasted intake. | Profile: Repeated or ambiguous source sections do not establish a unique subject. | Profile: The intake contains unparsed text. Resolve it in Intake Checker before using this profile.","intake-checker/rules.js:43; intake-checker/parser.js:28; ssa-intake-assistant/src/model/from-intake-checker.js:15; ssa-intake-assistant/src/model/from-intake-checker.js:43; ssa-intake-assistant/src/model/intake-contract.js:24; intake-checker/validation.js:157; intake-checker/intake-checker.js:61; intake-checker/intake-checker.js:123","ssa-intake-assistant/src/model/from-intake-checker.test.js:16 (catalog and all-definition synthetic transfer; not a format-validity oracle); tests/intake-validation.test.js:145; ssa-intake-assistant/src/model/from-intake-checker.test.js:165","High: direct code inspection.","D05: value can be profile-ready without format, range or enumeration validation; presence is not proof of SSA suitability.","Specify any intended future validation separately; current behavior is recorded unchanged.","","Existing behavior audited; no changes made."
"spouse","spouse.city-of-marriage","City of Marriage","MARRIAGE INFORMATION / /^Current Spouse$/: exact City of Marriage. Plain or bold label; no field-label synonyms.","text in profile; text or null in parser","Repeating (fixed definition; one instance per recognized record)","Yes: exact plain label or bold label; mapping requires this section/record context.","Original pasted textarea only; not a full parsed-field display. Relevant validation/review rows show the label/reason. Later employee corrections appear in the correction ledger.","Yes, under this definition ID; repeated instances append @category-N. Present values and blanks transfer; absent optional values do not.","Conditional","Required in every Current Spouse record only when parent Marital Status resolves exactly to Married (case-sensitive).","When status is absent, blank or not exactly Married, except the separate Type of Marriage rule.","Checker reports missing only when the condition above applies. A present blank still transfers as missing/blocked; absence of an optional field creates no profile row.","Trim outer whitespace; preserve internal text and multiline values. Empty/whitespace or exact Not provided / *Not provided* (case-insensitive) becomes null. Exact label matching is case-sensitive. Adapter additionally treats N/A, NA, none provided, unknown, standalone not/provided, dashes/question marks, null/undefined/NaN, not applicable/not available, TBD, and Select/Choose prompts as missing. Literal No, false, 0 and None are not globally missing.","Checker checks presence only when required; no other format, enum or numeric-range validation for this field.","No date rule.","A missing Current Spouse record creates a record-level requirement, not invented spouse fields. Multiple Current Spouse records block mapped spouse answers as ambiguous.","Checker does not generally flag duplicate labels. Adapter compares trimmed raw candidates in this scope: different strings, including blank versus supplied, block as conflict. Identical duplicates may be ready. Duplicate singleton sections or repeated record roots block as ambiguous. No candidate is selected for a conflict.","No general review trigger.","No answer default or inferred replacement. Date/boolean type encoding only when applicable.","Checker Reviewed hides the issue without changing the answer. A still-present error remains blocking in the profile even if reviewed. An acknowledged warning stops blocking unless another reason remains. General review flags never establish an answer.","Included if present (even blank) or emitted by validator requirements. Missing, unsupported type/meaning, raw conflict, ambiguous scope, any unparsed source text, any applicable error, or unacknowledged validation warning blocks. Otherwise ready automatically; no employee confirmation is invented. Absent optional fields are omitted.","City of Marriage is required but was not provided. | Profile: No established answer: blank or placeholder. | Profile: Competing values for the same field. Resolve them in the pasted intake. | Profile: Repeated or ambiguous source sections do not establish a unique subject. | Profile: The intake contains unparsed text. Resolve it in Intake Checker before using this profile.","intake-checker/rules.js:43; intake-checker/parser.js:28; ssa-intake-assistant/src/model/from-intake-checker.js:15; ssa-intake-assistant/src/model/from-intake-checker.js:43; ssa-intake-assistant/src/model/intake-contract.js:24; intake-checker/validation.js:157; intake-checker/intake-checker.js:61; intake-checker/intake-checker.js:123","ssa-intake-assistant/src/model/from-intake-checker.test.js:16 (catalog and all-definition synthetic transfer; not a format-validity oracle); tests/intake-validation.test.js:145; ssa-intake-assistant/src/model/from-intake-checker.test.js:165","High: direct code inspection.","No field-specific discrepancy identified; shared rules and limitations still apply.","Review and approve the documented current rule.","","Existing behavior audited; no changes made."
"spouse","spouse.state-of-marriage","State of Marriage","MARRIAGE INFORMATION / /^Current Spouse$/: exact State of Marriage. Plain or bold label; no field-label synonyms.","text in profile; text or null in parser","Repeating (fixed definition; one instance per recognized record)","Yes: exact plain label or bold label; mapping requires this section/record context.","Original pasted textarea only; not a full parsed-field display. Relevant validation/review rows show the label/reason. Later employee corrections appear in the correction ledger.","Yes, under this definition ID; repeated instances append @category-N. Present values and blanks transfer; absent optional values do not.","Conditional","Required in every Current Spouse record only when parent Marital Status resolves exactly to Married (case-sensitive).","When status is absent, blank or not exactly Married, except the separate Type of Marriage rule.","Checker reports missing only when the condition above applies. A present blank still transfers as missing/blocked; absence of an optional field creates no profile row.","Trim outer whitespace; preserve internal text and multiline values. Empty/whitespace or exact Not provided / *Not provided* (case-insensitive) becomes null. Exact label matching is case-sensitive. Adapter additionally treats N/A, NA, none provided, unknown, standalone not/provided, dashes/question marks, null/undefined/NaN, not applicable/not available, TBD, and Select/Choose prompts as missing. Literal No, false, 0 and None are not globally missing.","Checker checks presence only when required; no other format, enum or numeric-range validation for this field.","No date rule.","A missing Current Spouse record creates a record-level requirement, not invented spouse fields. Multiple Current Spouse records block mapped spouse answers as ambiguous.","Checker does not generally flag duplicate labels. Adapter compares trimmed raw candidates in this scope: different strings, including blank versus supplied, block as conflict. Identical duplicates may be ready. Duplicate singleton sections or repeated record roots block as ambiguous. No candidate is selected for a conflict.","No general review trigger.","No answer default or inferred replacement. Date/boolean type encoding only when applicable.","Checker Reviewed hides the issue without changing the answer. A still-present error remains blocking in the profile even if reviewed. An acknowledged warning stops blocking unless another reason remains. General review flags never establish an answer.","Included if present (even blank) or emitted by validator requirements. Missing, unsupported type/meaning, raw conflict, ambiguous scope, any unparsed source text, any applicable error, or unacknowledged validation warning blocks. Otherwise ready automatically; no employee confirmation is invented. Absent optional fields are omitted.","State of Marriage is required but was not provided. | Profile: No established answer: blank or placeholder. | Profile: Competing values for the same field. Resolve them in the pasted intake. | Profile: Repeated or ambiguous source sections do not establish a unique subject. | Profile: The intake contains unparsed text. Resolve it in Intake Checker before using this profile.","intake-checker/rules.js:43; intake-checker/parser.js:28; ssa-intake-assistant/src/model/from-intake-checker.js:15; ssa-intake-assistant/src/model/from-intake-checker.js:43; ssa-intake-assistant/src/model/intake-contract.js:24; intake-checker/validation.js:157; intake-checker/intake-checker.js:61; intake-checker/intake-checker.js:123","ssa-intake-assistant/src/model/from-intake-checker.test.js:16 (catalog and all-definition synthetic transfer; not a format-validity oracle); tests/intake-validation.test.js:145; ssa-intake-assistant/src/model/from-intake-checker.test.js:165","High: direct code inspection.","No field-specific discrepancy identified; shared rules and limitations still apply.","Review and approve the documented current rule.","","Existing behavior audited; no changes made."
"spouse","spouse.type-of-marriage","Type of Marriage","MARRIAGE INFORMATION / /^Current Spouse$/: exact Type of Marriage. Plain or bold label; no field-label synonyms.","text in profile; text or null in parser","Repeating (fixed definition; one instance per recognized record)","Yes: exact plain label or bold label; mapping requires this section/record context.","Original pasted textarea only; not a full parsed-field display. Relevant validation/review rows show the label/reason. Later employee corrections appear in the correction ledger.","Yes, under this definition ID; repeated instances append @category-N. Present values and blanks transfer; absent optional values do not.","Conditional","Required in every Current Spouse record only when parent Marital Status resolves exactly to Married (case-sensitive). Also required on any immediate marriage subsection containing any spouse required/optional label, even when its value is blank and status is not Married.","When status is absent, blank or not exactly Married, except the separate Type of Marriage rule.","Checker reports missing only when the condition above applies. A present blank still transfers as missing/blocked; absence of an optional field creates no profile row.","Trim outer whitespace; preserve internal text and multiline values. Empty/whitespace or exact Not provided / *Not provided* (case-insensitive) becomes null. Exact label matching is case-sensitive. Adapter additionally treats N/A, NA, none provided, unknown, standalone not/provided, dashes/question marks, null/undefined/NaN, not applicable/not available, TBD, and Select/Choose prompts as missing. Literal No, false, 0 and None are not globally missing.","Checker checks presence only when required; no other format, enum or numeric-range validation for this field.","No date rule.","A missing Current Spouse record creates a record-level requirement, not invented spouse fields. Multiple Current Spouse records block mapped spouse answers as ambiguous. These two checks can issue two errors for one missing Type of Marriage.","Checker does not generally flag duplicate labels. Adapter compares trimmed raw candidates in this scope: different strings, including blank versus supplied, block as conflict. Identical duplicates may be ready. Duplicate singleton sections or repeated record roots block as ambiguous. No candidate is selected for a conflict.","No general review trigger.","No answer default or inferred replacement. Date/boolean type encoding only when applicable.","Checker Reviewed hides the issue without changing the answer. A still-present error remains blocking in the profile even if reviewed. An acknowledged warning stops blocking unless another reason remains. General review flags never establish an answer.","Included if present (even blank) or emitted by validator requirements. Missing, unsupported type/meaning, raw conflict, ambiguous scope, any unparsed source text, any applicable error, or unacknowledged validation warning blocks. Otherwise ready automatically; no employee confirmation is invented. Absent optional fields are omitted.","Type of Marriage is required but was not provided. | Type of Marriage is required when marriage details are provided. | Profile: No established answer: blank or placeholder. | Profile: Competing values for the same field. Resolve them in the pasted intake. | Profile: Repeated or ambiguous source sections do not establish a unique subject. | Profile: The intake contains unparsed text. Resolve it in Intake Checker before using this profile.","intake-checker/rules.js:43; intake-checker/parser.js:28; ssa-intake-assistant/src/model/from-intake-checker.js:15; ssa-intake-assistant/src/model/from-intake-checker.js:43; ssa-intake-assistant/src/model/intake-contract.js:24; intake-checker/validation.js:157; intake-checker/intake-checker.js:61; intake-checker/intake-checker.js:123","ssa-intake-assistant/src/model/from-intake-checker.test.js:16 (catalog and all-definition synthetic transfer; not a format-validity oracle); tests/intake-validation.test.js:145; ssa-intake-assistant/src/model/from-intake-checker.test.js:165","High: direct code inspection.","D09: duplicate Type of Marriage errors; presence of a blank label counts as details.","Confirm detail-presence condition and whether both error rows are intended.","","Existing behavior audited; no changes made."
"spouse","spouse.maiden-name","Maiden Name","MARRIAGE INFORMATION / /^Current Spouse$/: exact Maiden Name. Plain or bold label; no field-label synonyms.","text in profile; text or null in parser","Repeating (fixed definition; one instance per recognized record)","Yes: exact plain label or bold label; mapping requires this section/record context.","Original pasted textarea only; not a full parsed-field display. Relevant validation/review rows show the label/reason. Later employee corrections appear in the correction ledger.","Yes, under this definition ID; repeated instances append @category-N. Present values and blanks transfer; absent optional values do not.","Optional","No missing-field requirement in Checker.","May be absent or blank without a Checker missing-field error.","Checker accepts absence/blank. A present blank still transfers as missing/blocked; absence of an optional field creates no profile row.","Trim outer whitespace; preserve internal text and multiline values. Empty/whitespace or exact Not provided / *Not provided* (case-insensitive) becomes null. Exact label matching is case-sensitive. Adapter additionally treats N/A, NA, none provided, unknown, standalone not/provided, dashes/question marks, null/undefined/NaN, not applicable/not available, TBD, and Select/Choose prompts as missing. Literal No, false, 0 and None are not globally missing.","Nonmissing value containing any period produces an error. No other name-character rule.","No date rule.","A missing Current Spouse record creates a record-level requirement, not invented spouse fields. Multiple Current Spouse records block mapped spouse answers as ambiguous.","Checker does not generally flag duplicate labels. Adapter compares trimmed raw candidates in this scope: different strings, including blank versus supplied, block as conflict. Identical duplicates may be ready. Duplicate singleton sections or repeated record roots block as ambiguous. No candidate is selected for a conflict.","No general review trigger.","No answer default or inferred replacement. Date/boolean type encoding only when applicable.","Checker Reviewed hides the issue without changing the answer. A still-present error remains blocking in the profile even if reviewed. An acknowledged warning stops blocking unless another reason remains. General review flags never establish an answer.","Included if present (even blank) or emitted by validator requirements. Missing, unsupported type/meaning, raw conflict, ambiguous scope, any unparsed source text, any applicable error, or unacknowledged validation warning blocks. Otherwise ready automatically; no employee confirmation is invented. Absent optional fields are omitted.","Periods are not allowed in person names. | Profile: No established answer: blank or placeholder. | Profile: Competing values for the same field. Resolve them in the pasted intake. | Profile: Repeated or ambiguous source sections do not establish a unique subject. | Profile: The intake contains unparsed text. Resolve it in Intake Checker before using this profile.","intake-checker/rules.js:43; intake-checker/parser.js:28; ssa-intake-assistant/src/model/from-intake-checker.js:15; ssa-intake-assistant/src/model/from-intake-checker.js:43; ssa-intake-assistant/src/model/intake-contract.js:24; intake-checker/validation.js:174; intake-checker/validation.js:157; intake-checker/intake-checker.js:61; intake-checker/intake-checker.js:123","ssa-intake-assistant/src/model/from-intake-checker.test.js:16 (catalog and all-definition synthetic transfer; not a format-validity oracle); tests/intake-validation.test.js:175 (selected name fields, not every configured label); tests/intake-validation.test.js:145; ssa-intake-assistant/src/model/from-intake-checker.test.js:165","High: direct code inspection.","No field-specific discrepancy identified; shared rules and limitations still apply.","Review and approve the documented current rule.","","Existing behavior audited; no changes made."
"spouse","spouse.social-security-number","Social Security Number","MARRIAGE INFORMATION / /^Current Spouse$/: exact Social Security Number. Plain or bold label; no field-label synonyms.","text in profile; text or null in parser","Repeating (fixed definition; one instance per recognized record)","Yes: exact plain label or bold label; mapping requires this section/record context.","Original pasted textarea only; not a full parsed-field display. Relevant validation/review rows show the label/reason. Later employee corrections appear in the correction ledger.","Yes, under this definition ID; repeated instances append @category-N. Present values and blanks transfer; absent optional values do not.","Optional","No missing-field requirement in Checker.","May be absent or blank without a Checker missing-field error.","Checker accepts absence/blank. A present blank still transfers as missing/blocked; absence of an optional field creates no profile row.","Trim outer whitespace; preserve internal text and multiline values. Empty/whitespace or exact Not provided / *Not provided* (case-insensitive) becomes null. Exact label matching is case-sensitive. Adapter additionally treats N/A, NA, none provided, unknown, standalone not/provided, dashes/question marks, null/undefined/NaN, not applicable/not available, TBD, and Select/Choose prompts as missing. Literal No, false, 0 and None are not globally missing.","Checker checks presence only when required; no other format, enum or numeric-range validation for this field.","No date rule.","A missing Current Spouse record creates a record-level requirement, not invented spouse fields. Multiple Current Spouse records block mapped spouse answers as ambiguous.","Checker does not generally flag duplicate labels. Adapter compares trimmed raw candidates in this scope: different strings, including blank versus supplied, block as conflict. Identical duplicates may be ready. Duplicate singleton sections or repeated record roots block as ambiguous. No candidate is selected for a conflict.","No general review trigger.","No answer default or inferred replacement. Date/boolean type encoding only when applicable.","Checker Reviewed hides the issue without changing the answer. A still-present error remains blocking in the profile even if reviewed. An acknowledged warning stops blocking unless another reason remains. General review flags never establish an answer.","Included if present (even blank) or emitted by validator requirements. Missing, unsupported type/meaning, raw conflict, ambiguous scope, any unparsed source text, any applicable error, or unacknowledged validation warning blocks. Otherwise ready automatically; no employee confirmation is invented. Absent optional fields are omitted.","Profile: No established answer: blank or placeholder. | Profile: Competing values for the same field. Resolve them in the pasted intake. | Profile: Repeated or ambiguous source sections do not establish a unique subject. | Profile: The intake contains unparsed text. Resolve it in Intake Checker before using this profile.","intake-checker/rules.js:43; intake-checker/parser.js:28; ssa-intake-assistant/src/model/from-intake-checker.js:15; ssa-intake-assistant/src/model/from-intake-checker.js:43; ssa-intake-assistant/src/model/intake-contract.js:24; intake-checker/validation.js:157; intake-checker/intake-checker.js:61; intake-checker/intake-checker.js:123","ssa-intake-assistant/src/model/from-intake-checker.test.js:16 (catalog and all-definition synthetic transfer; not a format-validity oracle); tests/intake-validation.test.js:145; ssa-intake-assistant/src/model/from-intake-checker.test.js:165","High: direct code inspection.","D05: value can be profile-ready without format, range or enumeration validation; presence is not proof of SSA suitability.","Specify any intended future validation separately; current behavior is recorded unchanged.","","Existing behavior audited; no changes made."
"children","children.first-name","First Name","CHILDREN INFORMATION / any descendant with First Name or Last Name label: exact First Name. Plain or bold label; no field-label synonyms.","text in profile; text or null in parser","Repeating (fixed definition; one instance per recognized record)","Yes: exact plain label or bold label; mapping requires this section/record context.","Original pasted textarea only; not a full parsed-field display. Relevant validation/review rows show the label/reason. Later employee corrections appear in the correction ledger.","Yes, under this definition ID; repeated instances append @category-N. Present values and blanks transfer; absent optional values do not.","Optional","No missing-field requirement in Checker.","May be absent or blank without a Checker missing-field error.","Checker accepts absence/blank. A present blank still transfers as missing/blocked; absence of an optional field creates no profile row.","Trim outer whitespace; preserve internal text and multiline values. Empty/whitespace or exact Not provided / *Not provided* (case-insensitive) becomes null. Exact label matching is case-sensitive. Adapter additionally treats N/A, NA, none provided, unknown, standalone not/provided, dashes/question marks, null/undefined/NaN, not applicable/not available, TBD, and Select/Choose prompts as missing. Literal No, false, 0 and None are not globally missing.","Nonmissing value containing any period produces an error. No other name-character rule.","No date rule.","Recognize a child record by either First Name or Last Name label (blank counts). No required child field, age rule, count or Have any children condition.","Checker does not generally flag duplicate labels. Adapter compares trimmed raw candidates in this scope: different strings, including blank versus supplied, block as conflict. Identical duplicates may be ready. Duplicate singleton sections or repeated record roots block as ambiguous. No candidate is selected for a conflict.","No general review trigger.","No answer default or inferred replacement. Date/boolean type encoding only when applicable.","Checker Reviewed hides the issue without changing the answer. A still-present error remains blocking in the profile even if reviewed. An acknowledged warning stops blocking unless another reason remains. General review flags never establish an answer.","Included if present (even blank) or emitted by validator requirements. Missing, unsupported type/meaning, raw conflict, ambiguous scope, any unparsed source text, any applicable error, or unacknowledged validation warning blocks. Otherwise ready automatically; no employee confirmation is invented. Absent optional fields are omitted.","Periods are not allowed in person names. | Profile: No established answer: blank or placeholder. | Profile: Competing values for the same field. Resolve them in the pasted intake. | Profile: Repeated or ambiguous source sections do not establish a unique subject. | Profile: The intake contains unparsed text. Resolve it in Intake Checker before using this profile.","intake-checker/rules.js:49; intake-checker/parser.js:28; ssa-intake-assistant/src/model/from-intake-checker.js:15; ssa-intake-assistant/src/model/from-intake-checker.js:43; ssa-intake-assistant/src/model/intake-contract.js:24; intake-checker/validation.js:174; intake-checker/validation.js:82; intake-checker/intake-checker.js:61; intake-checker/intake-checker.js:123","ssa-intake-assistant/src/model/from-intake-checker.test.js:16 (catalog and all-definition synthetic transfer; not a format-validity oracle); tests/intake-validation.test.js:43 (record independence/group absence; not every optional field individually); tests/intake-validation.test.js:175 (selected name fields, not every configured label); tests/intake-validation.test.js:195; tests/intake-validation.test.js:203; M06: boundary gaps in summary.","High: direct code inspection.","No field-specific discrepancy identified; shared rules and limitations still apply.","Review and approve the documented current rule.","","Existing behavior audited; no changes made."
"children","children.last-name","Last Name","CHILDREN INFORMATION / any descendant with First Name or Last Name label: exact Last Name. Plain or bold label; no field-label synonyms.","text in profile; text or null in parser","Repeating (fixed definition; one instance per recognized record)","Yes: exact plain label or bold label; mapping requires this section/record context.","Original pasted textarea only; not a full parsed-field display. Relevant validation/review rows show the label/reason. Later employee corrections appear in the correction ledger.","Yes, under this definition ID; repeated instances append @category-N. Present values and blanks transfer; absent optional values do not.","Optional","No missing-field requirement in Checker.","May be absent or blank without a Checker missing-field error.","Checker accepts absence/blank. A present blank still transfers as missing/blocked; absence of an optional field creates no profile row.","Trim outer whitespace; preserve internal text and multiline values. Empty/whitespace or exact Not provided / *Not provided* (case-insensitive) becomes null. Exact label matching is case-sensitive. Adapter additionally treats N/A, NA, none provided, unknown, standalone not/provided, dashes/question marks, null/undefined/NaN, not applicable/not available, TBD, and Select/Choose prompts as missing. Literal No, false, 0 and None are not globally missing.","Nonmissing value containing any period produces an error. No other name-character rule.","No date rule.","Recognize a child record by either First Name or Last Name label (blank counts). No required child field, age rule, count or Have any children condition.","Checker does not generally flag duplicate labels. Adapter compares trimmed raw candidates in this scope: different strings, including blank versus supplied, block as conflict. Identical duplicates may be ready. Duplicate singleton sections or repeated record roots block as ambiguous. No candidate is selected for a conflict.","No general review trigger.","No answer default or inferred replacement. Date/boolean type encoding only when applicable.","Checker Reviewed hides the issue without changing the answer. A still-present error remains blocking in the profile even if reviewed. An acknowledged warning stops blocking unless another reason remains. General review flags never establish an answer.","Included if present (even blank) or emitted by validator requirements. Missing, unsupported type/meaning, raw conflict, ambiguous scope, any unparsed source text, any applicable error, or unacknowledged validation warning blocks. Otherwise ready automatically; no employee confirmation is invented. Absent optional fields are omitted.","Periods are not allowed in person names. | Profile: No established answer: blank or placeholder. | Profile: Competing values for the same field. Resolve them in the pasted intake. | Profile: Repeated or ambiguous source sections do not establish a unique subject. | Profile: The intake contains unparsed text. Resolve it in Intake Checker before using this profile.","intake-checker/rules.js:49; intake-checker/parser.js:28; ssa-intake-assistant/src/model/from-intake-checker.js:15; ssa-intake-assistant/src/model/from-intake-checker.js:43; ssa-intake-assistant/src/model/intake-contract.js:24; intake-checker/validation.js:174; intake-checker/validation.js:82; intake-checker/intake-checker.js:61; intake-checker/intake-checker.js:123","ssa-intake-assistant/src/model/from-intake-checker.test.js:16 (catalog and all-definition synthetic transfer; not a format-validity oracle); tests/intake-validation.test.js:43 (record independence/group absence; not every optional field individually); tests/intake-validation.test.js:175 (selected name fields, not every configured label); tests/intake-validation.test.js:195; tests/intake-validation.test.js:203; M06: boundary gaps in summary.","High: direct code inspection.","No field-specific discrepancy identified; shared rules and limitations still apply.","Review and approve the documented current rule.","","Existing behavior audited; no changes made."
"providers","providers.last-visit-date","Last Visit Date","MEDICAL PROVIDERS / /^(?:Clinic|Medical Provider|Provider|Hospital|Doctor)(?: \d+)?$/: exact Last Visit Date. Plain or bold label; no field-label synonyms.","date in profile; text or null in parser","Repeating (fixed definition; one instance per recognized record)","Yes: exact plain label or bold label; mapping requires this section/record context.","Original pasted textarea only; not a full parsed-field display. Relevant validation/review rows show the label/reason. Later employee corrections appear in the correction ledger.","Yes, under this definition ID; repeated instances append @category-N. Present values and blanks transfer; absent optional values do not.","Conditional","Required when at least one nonmissing First Visit Date exists in the same provider record, even if first-date values conflict.","When no nonmissing First Visit Date exists.","Checker reports missing only when the condition above applies. A present blank still transfers as missing/blocked; absence of an optional field creates no profile row.","Trim outer whitespace; preserve internal text and multiline values. Empty/whitespace or exact Not provided / *Not provided* (case-insensitive) becomes null. Exact label matching is case-sensitive. Adapter additionally treats N/A, NA, none provided, unknown, standalone not/provided, dashes/question marks, null/undefined/NaN, not applicable/not available, TBD, and Select/Choose prompts as missing. Literal No, false, 0 and None are not globally missing.","Checker checks presence only when required; no other format, enum or numeric-range validation for this field.","Profile accepts YYYY-M[-D], M/D/YYYY, M/YYYY, English full/three-letter month plus optional day and four-digit year. Leap/calendar validity and year >=1000 required. Encodes YYYY-MM or YYYY-MM-DD with precision; invalid/unsupported date becomes missing. No general future-date or age restriction. Checker parses both visit dates only when single() returns a nonnull value for both. Last must not precede first by month, or by day when both full dates in the same month. Same-month comparison with either month-only date warns. Last-only is not format-checked by Checker; adapter still encodes it.","Order failure and same-month precision warning are attached to Last Visit Date only. No minimum/maximum visit year beyond calendar helper. No inferred first date.","Checker does not generally flag duplicate labels. Adapter compares trimmed raw candidates in this scope: different strings, including blank versus supplied, block as conflict. Identical duplicates may be ready. Duplicate singleton sections or repeated record roots block as ambiguous. No candidate is selected for a conflict.","No general review trigger.","No answer default or inferred replacement. Date/boolean type encoding only when applicable.","Checker Reviewed hides the issue without changing the answer. A still-present error remains blocking in the profile even if reviewed. An acknowledged warning stops blocking unless another reason remains. General review flags never establish an answer.","Included if present (even blank) or emitted by validator requirements. Missing, unsupported type/meaning, raw conflict, ambiguous scope, any unparsed source text, any applicable error, or unacknowledged validation warning blocks. Otherwise ready automatically; no employee confirmation is invented. Absent optional fields are omitted.","Last Visit Date is required when First Visit Date is provided. | Date format is not recognized or the calendar date is invalid. Review this date; comparison was skipped. | Last Visit Date must be on or after First Visit Date. | Visit dates in the same month lack day precision. Review their order. | Last Visit Date has multiple different values. Review this field; dependent checks were skipped. | Profile: No established answer: blank or placeholder. | Profile: Competing values for the same field. Resolve them in the pasted intake. | Profile: Repeated or ambiguous source sections do not establish a unique subject. | Profile: The intake contains unparsed text. Resolve it in Intake Checker before using this profile. | Profile: No valid calendar date in a supported Intake Checker format.","intake-checker/parser.js:13; intake-checker/parser.js:28; ssa-intake-assistant/src/model/from-intake-checker.js:15; ssa-intake-assistant/src/model/from-intake-checker.js:43; ssa-intake-assistant/src/model/intake-contract.js:24; intake-checker/validation.js:116; intake-checker/validation.js:59; intake-checker/validation.js:8; intake-checker/intake-checker.js:61; intake-checker/intake-checker.js:123","ssa-intake-assistant/src/model/from-intake-checker.test.js:16 (catalog and all-definition synthetic transfer; not a format-validity oracle); tests/intake-validation.test.js:43 (record independence/group absence; not every optional field individually); tests/intake-validation.test.js:82; ssa-intake-assistant/src/model/from-intake-checker.test.js:114; ssa-intake-assistant/src/model/from-intake-checker.test.js:199; tests/intake-validation.test.js:112; ssa-intake-assistant/src/model/from-intake-checker.test.js:62; M06: boundary gaps in summary.","High: direct code inspection.","D06: Checker and adapter date coverage differ; D17: order conflict blocks Last only.","Confirm lone-date validation and whether order failures should block both dates.","","Existing behavior audited; no changes made."
"employment","employment.have-you-ever-worked","Have you ever worked","EMPLOYMENT INFORMATION: exact Have you ever worked. Plain or bold label; no field-label synonyms.","boolean in profile; text or null in parser","Fixed","Yes: exact plain label or bold label; mapping requires this section/record context.","Original pasted textarea only; not a full parsed-field display. Relevant validation/review rows show the label/reason. Later employee corrections appear in the correction ledger.","Yes, under this definition ID; repeated instances append @category-N. Present values and blanks transfer; absent optional values do not.","Optional","No missing-field requirement in Checker.","May be absent or blank without a Checker missing-field error.","Checker accepts absence/blank. A present blank still transfers as missing/blocked; absence of an optional field creates no profile row.","Trim outer whitespace; preserve internal text and multiline values. Empty/whitespace or exact Not provided / *Not provided* (case-insensitive) becomes null. Exact label matching is case-sensitive. Adapter additionally treats N/A, NA, none provided, unknown, standalone not/provided, dashes/question marks, null/undefined/NaN, not applicable/not available, TBD, and Select/Choose prompts as missing. Literal No, false, 0 and None are not globally missing.","Checker checks presence only when required; no other format, enum or numeric-range validation for this field. Adapter accepts only trimmed Yes/true/No/false (case-insensitive); other nonplaceholder answers are ambiguous, not false.","No date rule.","Only a unique normalized no exempts When did you last work. false encodes false in profile but does not grant the Checker exemption. Conflicting yes/no retains the last-work requirement; Checker has no dedicated conflict warning here.","Checker does not generally flag duplicate labels. Adapter compares trimmed raw candidates in this scope: different strings, including blank versus supplied, block as conflict. Identical duplicates may be ready. Duplicate singleton sections or repeated record roots block as ambiguous. No candidate is selected for a conflict.","No general review trigger.","No answer default or inferred replacement. Date/boolean type encoding only when applicable.","Checker Reviewed hides the issue without changing the answer. A still-present error remains blocking in the profile even if reviewed. An acknowledged warning stops blocking unless another reason remains. General review flags never establish an answer.","Included if present (even blank) or emitted by validator requirements. Missing, unsupported type/meaning, raw conflict, ambiguous scope, any unparsed source text, any applicable error, or unacknowledged validation warning blocks. Otherwise ready automatically; no employee confirmation is invented. Absent optional fields are omitted.","Profile: No established answer: blank or placeholder. | Profile: Competing values for the same field. Resolve them in the pasted intake. | Profile: Repeated or ambiguous source sections do not establish a unique subject. | Profile: The intake contains unparsed text. Resolve it in Intake Checker before using this profile. | Profile: The source does not establish an explicit Yes/No answer.","intake-checker/parser.js:13; intake-checker/parser.js:28; ssa-intake-assistant/src/model/from-intake-checker.js:15; ssa-intake-assistant/src/model/from-intake-checker.js:43; ssa-intake-assistant/src/model/intake-contract.js:24; intake-checker/validation.js:74; intake-checker/intake-checker.js:61; intake-checker/intake-checker.js:123","ssa-intake-assistant/src/model/from-intake-checker.test.js:16 (catalog and all-definition synthetic transfer; not a format-validity oracle); tests/intake-validation.test.js:129","High: direct code inspection.","D10; D18: exemption differs between no and false.","Should false and no have the same conditional effect?","","Existing behavior audited; no changes made."
"other-names","other-names.used-other-names-in-medical-records","Used other names in medical records","OTHER NAMES: exact Used other names in medical records. Plain or bold label; no field-label synonyms.","boolean in profile; text or null in parser","Fixed","Yes: exact plain label or bold label; mapping requires this section/record context.","Original pasted textarea only; not a full parsed-field display. Relevant validation/review rows show the label/reason. Later employee corrections appear in the correction ledger.","Yes, under this definition ID; repeated instances append @category-N. Present values and blanks transfer; absent optional values do not.","Optional","No missing-field requirement in Checker.","May be absent or blank without a Checker missing-field error.","Checker accepts absence/blank. A present blank still transfers as missing/blocked; absence of an optional field creates no profile row.","Trim outer whitespace; preserve internal text and multiline values. Empty/whitespace or exact Not provided / *Not provided* (case-insensitive) becomes null. Exact label matching is case-sensitive. Adapter additionally treats N/A, NA, none provided, unknown, standalone not/provided, dashes/question marks, null/undefined/NaN, not applicable/not available, TBD, and Select/Choose prompts as missing. Literal No, false, 0 and None are not globally missing.","Checker checks presence only when required; no other format, enum or numeric-range validation for this field. Adapter accepts only trimmed Yes/true/No/false (case-insensitive); other nonplaceholder answers are ambiguous, not false.","No date rule.","No additional cross-field rule.","Checker does not generally flag duplicate labels. Adapter compares trimmed raw candidates in this scope: different strings, including blank versus supplied, block as conflict. Identical duplicates may be ready. Duplicate singleton sections or repeated record roots block as ambiguous. No candidate is selected for a conflict.","Unique Yes/true -> Other Names; does not require the other-name fields.","No answer default or inferred replacement. Date/boolean type encoding only when applicable.","Checker Reviewed hides the issue without changing the answer. A still-present error remains blocking in the profile even if reviewed. An acknowledged warning stops blocking unless another reason remains. General review flags never establish an answer.","Included if present (even blank) or emitted by validator requirements. Missing, unsupported type/meaning, raw conflict, ambiguous scope, any unparsed source text, any applicable error, or unacknowledged validation warning blocks. Otherwise ready automatically; no employee confirmation is invented. Absent optional fields are omitted.","Other Names | Profile: No established answer: blank or placeholder. | Profile: Competing values for the same field. Resolve them in the pasted intake. | Profile: Repeated or ambiguous source sections do not establish a unique subject. | Profile: The intake contains unparsed text. Resolve it in Intake Checker before using this profile. | Profile: The source does not establish an explicit Yes/No answer.","intake-checker/parser.js:13; intake-checker/parser.js:28; ssa-intake-assistant/src/model/from-intake-checker.js:15; ssa-intake-assistant/src/model/from-intake-checker.js:43; ssa-intake-assistant/src/model/intake-contract.js:24; intake-checker/review.js:40; intake-checker/intake-checker.js:61; intake-checker/intake-checker.js:123","ssa-intake-assistant/src/model/from-intake-checker.test.js:16 (catalog and all-definition synthetic transfer; not a format-validity oracle); tests/intake-review.test.js:30; tests/intake-validation.test.js:28","High: direct code inspection.","No field-specific discrepancy identified; shared rules and limitations still apply.","Review and approve the documented current rule.","","Existing behavior audited; no changes made."
"other-names","other-names.other-first-name","Other first name","OTHER NAMES: exact Other first name. Plain or bold label; no field-label synonyms.","text in profile; text or null in parser","Fixed","Yes: exact plain label or bold label; mapping requires this section/record context.","Original pasted textarea only; not a full parsed-field display. Relevant validation/review rows show the label/reason. Later employee corrections appear in the correction ledger.","Yes, under this definition ID; repeated instances append @category-N. Present values and blanks transfer; absent optional values do not.","Optional","No missing-field requirement in Checker.","May be absent or blank without a Checker missing-field error.","Checker accepts absence/blank. A present blank still transfers as missing/blocked; absence of an optional field creates no profile row.","Trim outer whitespace; preserve internal text and multiline values. Empty/whitespace or exact Not provided / *Not provided* (case-insensitive) becomes null. Exact label matching is case-sensitive. Adapter additionally treats N/A, NA, none provided, unknown, standalone not/provided, dashes/question marks, null/undefined/NaN, not applicable/not available, TBD, and Select/Choose prompts as missing. Literal No, false, 0 and None are not globally missing.","Nonmissing value containing any period produces an error. No other name-character rule.","No date rule.","No additional cross-field rule.","Checker does not generally flag duplicate labels. Adapter compares trimmed raw candidates in this scope: different strings, including blank versus supplied, block as conflict. Identical duplicates may be ready. Duplicate singleton sections or repeated record roots block as ambiguous. No candidate is selected for a conflict.","No general review trigger.","No answer default or inferred replacement. Date/boolean type encoding only when applicable.","Checker Reviewed hides the issue without changing the answer. A still-present error remains blocking in the profile even if reviewed. An acknowledged warning stops blocking unless another reason remains. General review flags never establish an answer.","Included if present (even blank) or emitted by validator requirements. Missing, unsupported type/meaning, raw conflict, ambiguous scope, any unparsed source text, any applicable error, or unacknowledged validation warning blocks. Otherwise ready automatically; no employee confirmation is invented. Absent optional fields are omitted.","Periods are not allowed in person names. | Profile: No established answer: blank or placeholder. | Profile: Competing values for the same field. Resolve them in the pasted intake. | Profile: Repeated or ambiguous source sections do not establish a unique subject. | Profile: The intake contains unparsed text. Resolve it in Intake Checker before using this profile.","intake-checker/rules.js:54; intake-checker/parser.js:28; ssa-intake-assistant/src/model/from-intake-checker.js:15; ssa-intake-assistant/src/model/from-intake-checker.js:43; ssa-intake-assistant/src/model/intake-contract.js:24; intake-checker/validation.js:174; intake-checker/intake-checker.js:61; intake-checker/intake-checker.js:123","ssa-intake-assistant/src/model/from-intake-checker.test.js:16 (catalog and all-definition synthetic transfer; not a format-validity oracle); tests/intake-validation.test.js:175 (selected name fields, not every configured label)","High: direct code inspection.","No field-specific discrepancy identified; shared rules and limitations still apply.","Review and approve the documented current rule.","","Existing behavior audited; no changes made."
"other-names","other-names.other-last-name","Other last name","OTHER NAMES: exact Other last name. Plain or bold label; no field-label synonyms.","text in profile; text or null in parser","Fixed","Yes: exact plain label or bold label; mapping requires this section/record context.","Original pasted textarea only; not a full parsed-field display. Relevant validation/review rows show the label/reason. Later employee corrections appear in the correction ledger.","Yes, under this definition ID; repeated instances append @category-N. Present values and blanks transfer; absent optional values do not.","Optional","No missing-field requirement in Checker.","May be absent or blank without a Checker missing-field error.","Checker accepts absence/blank. A present blank still transfers as missing/blocked; absence of an optional field creates no profile row.","Trim outer whitespace; preserve internal text and multiline values. Empty/whitespace or exact Not provided / *Not provided* (case-insensitive) becomes null. Exact label matching is case-sensitive. Adapter additionally treats N/A, NA, none provided, unknown, standalone not/provided, dashes/question marks, null/undefined/NaN, not applicable/not available, TBD, and Select/Choose prompts as missing. Literal No, false, 0 and None are not globally missing.","Nonmissing value containing any period produces an error. No other name-character rule.","No date rule.","No additional cross-field rule.","Checker does not generally flag duplicate labels. Adapter compares trimmed raw candidates in this scope: different strings, including blank versus supplied, block as conflict. Identical duplicates may be ready. Duplicate singleton sections or repeated record roots block as ambiguous. No candidate is selected for a conflict.","No general review trigger.","No answer default or inferred replacement. Date/boolean type encoding only when applicable.","Checker Reviewed hides the issue without changing the answer. A still-present error remains blocking in the profile even if reviewed. An acknowledged warning stops blocking unless another reason remains. General review flags never establish an answer.","Included if present (even blank) or emitted by validator requirements. Missing, unsupported type/meaning, raw conflict, ambiguous scope, any unparsed source text, any applicable error, or unacknowledged validation warning blocks. Otherwise ready automatically; no employee confirmation is invented. Absent optional fields are omitted.","Periods are not allowed in person names. | Profile: No established answer: blank or placeholder. | Profile: Competing values for the same field. Resolve them in the pasted intake. | Profile: Repeated or ambiguous source sections do not establish a unique subject. | Profile: The intake contains unparsed text. Resolve it in Intake Checker before using this profile.","intake-checker/rules.js:54; intake-checker/parser.js:28; ssa-intake-assistant/src/model/from-intake-checker.js:15; ssa-intake-assistant/src/model/from-intake-checker.js:43; ssa-intake-assistant/src/model/intake-contract.js:24; intake-checker/validation.js:174; intake-checker/intake-checker.js:61; intake-checker/intake-checker.js:123","ssa-intake-assistant/src/model/from-intake-checker.test.js:16 (catalog and all-definition synthetic transfer; not a format-validity oracle); tests/intake-validation.test.js:175 (selected name fields, not every configured label)","High: direct code inspection.","No field-specific discrepancy identified; shared rules and limitations still apply.","Review and approve the documented current rule.","","Existing behavior audited; no changes made."
"remarks","remarks.remarks-comments","Remarks/Comments","REMARKS/COMMENTS: exact Remarks/Comments. Plain or bold label; no field-label synonyms.","text in profile; text or null in parser","Fixed","Yes: exact plain label or bold label; mapping requires this section/record context.","Original pasted textarea only; not a full parsed-field display. Relevant validation/review rows show the label/reason. Later employee corrections appear in the correction ledger.","Yes, under this definition ID; repeated instances append @category-N. Present values and blanks transfer; absent optional values do not.","Optional","No missing-field requirement in Checker.","May be absent or blank without a Checker missing-field error.","Checker accepts absence/blank. A present blank still transfers as missing/blocked; absence of an optional field creates no profile row.","Trim outer whitespace; preserve internal text and multiline values. Empty/whitespace or exact Not provided / *Not provided* (case-insensitive) becomes null. Exact label matching is case-sensitive. Adapter additionally treats N/A, NA, none provided, unknown, standalone not/provided, dashes/question marks, null/undefined/NaN, not applicable/not available, TBD, and Select/Choose prompts as missing. Literal No, false, 0 and None are not globally missing.","Checker checks presence only when required; no other format, enum or numeric-range validation for this field.","No date rule.","No additional cross-field rule.","Checker does not generally flag duplicate labels. Adapter compares trimmed raw candidates in this scope: different strings, including blank versus supplied, block as conflict. Identical duplicates may be ready. Duplicate singleton sections or repeated record roots block as ambiguous. No candidate is selected for a conflict.","No general review trigger.","No answer default or inferred replacement. Date/boolean type encoding only when applicable.","Checker Reviewed hides the issue without changing the answer. A still-present error remains blocking in the profile even if reviewed. An acknowledged warning stops blocking unless another reason remains. General review flags never establish an answer.","Included if present (even blank) or emitted by validator requirements. Missing, unsupported type/meaning, raw conflict, ambiguous scope, any unparsed source text, any applicable error, or unacknowledged validation warning blocks. Otherwise ready automatically; no employee confirmation is invented. Absent optional fields are omitted.","Profile: No established answer: blank or placeholder. | Profile: Competing values for the same field. Resolve them in the pasted intake. | Profile: Repeated or ambiguous source sections do not establish a unique subject. | Profile: The intake contains unparsed text. Resolve it in Intake Checker before using this profile.","intake-checker/parser.js:13; intake-checker/parser.js:28; ssa-intake-assistant/src/model/from-intake-checker.js:15; ssa-intake-assistant/src/model/from-intake-checker.js:43; ssa-intake-assistant/src/model/intake-contract.js:24; intake-checker/intake-checker.js:61; intake-checker/intake-checker.js:123","ssa-intake-assistant/src/model/from-intake-checker.test.js:16 (catalog and all-definition synthetic transfer; not a format-validity oracle)","High: direct code inspection.","No field-specific discrepancy identified; shared rules and limitations still apply.","Review and approve the documented current rule.","","Existing behavior audited; no changes made."
"disability","disability.onset-date-of-disability","Onset date of disability","DISABILITY INFORMATION: exact Onset date of disability. Plain or bold label; no field-label synonyms.","date in profile; text or null in parser","Fixed","Yes: exact plain label or bold label; mapping requires this section/record context.","Original pasted textarea only; not a full parsed-field display. Relevant validation/review rows show the label/reason. Later employee corrections appear in the correction ledger.","Yes, under this definition ID; repeated instances append @category-N. Present values and blanks transfer; absent optional values do not.","Optional","No missing-field requirement in Checker.","May be absent or blank without a Checker missing-field error.","Checker accepts absence/blank. A present blank still transfers as missing/blocked; absence of an optional field creates no profile row.","Trim outer whitespace; preserve internal text and multiline values. Empty/whitespace or exact Not provided / *Not provided* (case-insensitive) becomes null. Exact label matching is case-sensitive. Adapter additionally treats N/A, NA, none provided, unknown, standalone not/provided, dashes/question marks, null/undefined/NaN, not applicable/not available, TBD, and Select/Choose prompts as missing. Literal No, false, 0 and None are not globally missing.","Checker checks presence only when required; no other format, enum or numeric-range validation for this field.","Profile accepts YYYY-M[-D], M/D/YYYY, M/YYYY, English full/three-letter month plus optional day and four-digit year. Leap/calendar validity and year >=1000 required. Encodes YYYY-MM or YYYY-MM-DD with precision; invalid/unsupported date becomes missing. No general future-date or age restriction.","No current validation/review dependency uses onset; it remains separate from last worked and job start/end. No date-work-stopped answer is derived.","Checker does not generally flag duplicate labels. Adapter compares trimmed raw candidates in this scope: different strings, including blank versus supplied, block as conflict. Identical duplicates may be ready. Duplicate singleton sections or repeated record roots block as ambiguous. No candidate is selected for a conflict.","No general review trigger.","No answer default or inferred replacement. Date/boolean type encoding only when applicable.","Checker Reviewed hides the issue without changing the answer. A still-present error remains blocking in the profile even if reviewed. An acknowledged warning stops blocking unless another reason remains. General review flags never establish an answer.","Included if present (even blank) or emitted by validator requirements. Missing, unsupported type/meaning, raw conflict, ambiguous scope, any unparsed source text, any applicable error, or unacknowledged validation warning blocks. Otherwise ready automatically; no employee confirmation is invented. Absent optional fields are omitted.","Profile: No established answer: blank or placeholder. | Profile: Competing values for the same field. Resolve them in the pasted intake. | Profile: Repeated or ambiguous source sections do not establish a unique subject. | Profile: The intake contains unparsed text. Resolve it in Intake Checker before using this profile. | Profile: No valid calendar date in a supported Intake Checker format.","intake-checker/review-fields.js:8; intake-checker/parser.js:28; ssa-intake-assistant/src/model/from-intake-checker.js:15; ssa-intake-assistant/src/model/from-intake-checker.js:43; ssa-intake-assistant/src/model/intake-contract.js:24; intake-checker/validation.js:8; intake-checker/intake-checker.js:61; intake-checker/intake-checker.js:123","ssa-intake-assistant/src/model/from-intake-checker.test.js:16 (catalog and all-definition synthetic transfer; not a format-validity oracle); ssa-intake-assistant/src/model/from-intake-checker.test.js:155; tests/intake-validation.test.js:112; ssa-intake-assistant/src/model/from-intake-checker.test.js:62; M06: boundary gaps in summary.","High: direct code inspection.","D02: stale README describes onset-dependent review.","Review and approve the documented current rule.","","Existing behavior audited; no changes made."
"financial-support","financial-support.veteran-benefits-receive-veteran-benefits","Veteran Benefits - Receive Veteran Benefits","FINANCIAL SUPPORT: exact Veteran Benefits - Receive Veteran Benefits. Plain or bold label; no field-label synonyms.","boolean in profile; text or null in parser","Fixed","Yes: exact plain label or bold label; mapping requires this section/record context.","Original pasted textarea only; not a full parsed-field display. Relevant validation/review rows show the label/reason. Later employee corrections appear in the correction ledger.","Yes, under this definition ID; repeated instances append @category-N. Present values and blanks transfer; absent optional values do not.","Optional","No missing-field requirement in Checker.","May be absent or blank without a Checker missing-field error.","Checker accepts absence/blank. A present blank still transfers as missing/blocked; absence of an optional field creates no profile row.","Trim outer whitespace; preserve internal text and multiline values. Empty/whitespace or exact Not provided / *Not provided* (case-insensitive) becomes null. Exact label matching is case-sensitive. Adapter additionally treats N/A, NA, none provided, unknown, standalone not/provided, dashes/question marks, null/undefined/NaN, not applicable/not available, TBD, and Select/Choose prompts as missing. Literal No, false, 0 and None are not globally missing.","Checker checks presence only when required; no other format, enum or numeric-range validation for this field. Adapter accepts only trimmed Yes/true/No/false (case-insensitive); other nonplaceholder answers are ambiguous, not false.","No date rule.","No consistency rule between receipt answer and monthly amount. No amount threshold or currency validation.","Checker does not generally flag duplicate labels. Adapter compares trimmed raw candidates in this scope: different strings, including blank versus supplied, block as conflict. Identical duplicates may be ready. Duplicate singleton sections or repeated record roots block as ambiguous. No candidate is selected for a conflict.","Unique Yes/true for this receipt field contributes one consolidated Receiving income item across all three receipt fields. No source range on that general item.","No answer default or inferred replacement. Date/boolean type encoding only when applicable.","Checker Reviewed hides the issue without changing the answer. A still-present error remains blocking in the profile even if reviewed. An acknowledged warning stops blocking unless another reason remains. General review flags never establish an answer.","Included if present (even blank) or emitted by validator requirements. Missing, unsupported type/meaning, raw conflict, ambiguous scope, any unparsed source text, any applicable error, or unacknowledged validation warning blocks. Otherwise ready automatically; no employee confirmation is invented. Absent optional fields are omitted.","Receiving income | Profile: No established answer: blank or placeholder. | Profile: Competing values for the same field. Resolve them in the pasted intake. | Profile: Repeated or ambiguous source sections do not establish a unique subject. | Profile: The intake contains unparsed text. Resolve it in Intake Checker before using this profile. | Profile: The source does not establish an explicit Yes/No answer.","intake-checker/review-fields.js:3; intake-checker/parser.js:28; ssa-intake-assistant/src/model/from-intake-checker.js:15; ssa-intake-assistant/src/model/from-intake-checker.js:43; ssa-intake-assistant/src/model/intake-contract.js:24; intake-checker/review-fields.js:2; intake-checker/review.js:39; intake-checker/intake-checker.js:61; intake-checker/intake-checker.js:123","ssa-intake-assistant/src/model/from-intake-checker.test.js:16 (catalog and all-definition synthetic transfer; not a format-validity oracle); tests/intake-review.test.js:36; tests/intake-review.test.js:40","High: direct code inspection.","No field-specific discrepancy identified; shared rules and limitations still apply.","Review and approve the documented current rule.","","Existing behavior audited; no changes made."
"financial-support","financial-support.retirement-pension-receive-retirement-pension","Retirement/Pension - Receive Retirement/Pension","FINANCIAL SUPPORT: exact Retirement/Pension - Receive Retirement/Pension. Plain or bold label; no field-label synonyms.","boolean in profile; text or null in parser","Fixed","Yes: exact plain label or bold label; mapping requires this section/record context.","Original pasted textarea only; not a full parsed-field display. Relevant validation/review rows show the label/reason. Later employee corrections appear in the correction ledger.","Yes, under this definition ID; repeated instances append @category-N. Present values and blanks transfer; absent optional values do not.","Optional","No missing-field requirement in Checker.","May be absent or blank without a Checker missing-field error.","Checker accepts absence/blank. A present blank still transfers as missing/blocked; absence of an optional field creates no profile row.","Trim outer whitespace; preserve internal text and multiline values. Empty/whitespace or exact Not provided / *Not provided* (case-insensitive) becomes null. Exact label matching is case-sensitive. Adapter additionally treats N/A, NA, none provided, unknown, standalone not/provided, dashes/question marks, null/undefined/NaN, not applicable/not available, TBD, and Select/Choose prompts as missing. Literal No, false, 0 and None are not globally missing.","Checker checks presence only when required; no other format, enum or numeric-range validation for this field. Adapter accepts only trimmed Yes/true/No/false (case-insensitive); other nonplaceholder answers are ambiguous, not false.","No date rule.","No consistency rule between receipt answer and monthly amount. No amount threshold or currency validation.","Checker does not generally flag duplicate labels. Adapter compares trimmed raw candidates in this scope: different strings, including blank versus supplied, block as conflict. Identical duplicates may be ready. Duplicate singleton sections or repeated record roots block as ambiguous. No candidate is selected for a conflict.","Unique Yes/true for this receipt field contributes one consolidated Receiving income item across all three receipt fields. No source range on that general item.","No answer default or inferred replacement. Date/boolean type encoding only when applicable.","Checker Reviewed hides the issue without changing the answer. A still-present error remains blocking in the profile even if reviewed. An acknowledged warning stops blocking unless another reason remains. General review flags never establish an answer.","Included if present (even blank) or emitted by validator requirements. Missing, unsupported type/meaning, raw conflict, ambiguous scope, any unparsed source text, any applicable error, or unacknowledged validation warning blocks. Otherwise ready automatically; no employee confirmation is invented. Absent optional fields are omitted.","Receiving income | Profile: No established answer: blank or placeholder. | Profile: Competing values for the same field. Resolve them in the pasted intake. | Profile: Repeated or ambiguous source sections do not establish a unique subject. | Profile: The intake contains unparsed text. Resolve it in Intake Checker before using this profile. | Profile: The source does not establish an explicit Yes/No answer.","intake-checker/review-fields.js:4; intake-checker/parser.js:28; ssa-intake-assistant/src/model/from-intake-checker.js:15; ssa-intake-assistant/src/model/from-intake-checker.js:43; ssa-intake-assistant/src/model/intake-contract.js:24; intake-checker/review-fields.js:2; intake-checker/review.js:39; intake-checker/intake-checker.js:61; intake-checker/intake-checker.js:123","ssa-intake-assistant/src/model/from-intake-checker.test.js:16 (catalog and all-definition synthetic transfer; not a format-validity oracle); tests/intake-review.test.js:36; tests/intake-review.test.js:40","High: direct code inspection.","No field-specific discrepancy identified; shared rules and limitations still apply.","Review and approve the documented current rule.","","Existing behavior audited; no changes made."
"financial-support","financial-support.borrowing-money-borrowing-money","Borrowing Money - Borrowing Money","FINANCIAL SUPPORT: exact Borrowing Money - Borrowing Money. Plain or bold label; no field-label synonyms.","boolean in profile; text or null in parser","Fixed","Yes: exact plain label or bold label; mapping requires this section/record context.","Original pasted textarea only; not a full parsed-field display. Relevant validation/review rows show the label/reason. Later employee corrections appear in the correction ledger.","Yes, under this definition ID; repeated instances append @category-N. Present values and blanks transfer; absent optional values do not.","Optional","No missing-field requirement in Checker.","May be absent or blank without a Checker missing-field error.","Checker accepts absence/blank. A present blank still transfers as missing/blocked; absence of an optional field creates no profile row.","Trim outer whitespace; preserve internal text and multiline values. Empty/whitespace or exact Not provided / *Not provided* (case-insensitive) becomes null. Exact label matching is case-sensitive. Adapter additionally treats N/A, NA, none provided, unknown, standalone not/provided, dashes/question marks, null/undefined/NaN, not applicable/not available, TBD, and Select/Choose prompts as missing. Literal No, false, 0 and None are not globally missing.","Checker checks presence only when required; no other format, enum or numeric-range validation for this field. Adapter accepts only trimmed Yes/true/No/false (case-insensitive); other nonplaceholder answers are ambiguous, not false.","No date rule.","No consistency rule between receipt answer and monthly amount. No amount threshold or currency validation.","Checker does not generally flag duplicate labels. Adapter compares trimmed raw candidates in this scope: different strings, including blank versus supplied, block as conflict. Identical duplicates may be ready. Duplicate singleton sections or repeated record roots block as ambiguous. No candidate is selected for a conflict.","Unique Yes/true for this receipt field contributes one consolidated Receiving income item across all three receipt fields. No source range on that general item.","No answer default or inferred replacement. Date/boolean type encoding only when applicable.","Checker Reviewed hides the issue without changing the answer. A still-present error remains blocking in the profile even if reviewed. An acknowledged warning stops blocking unless another reason remains. General review flags never establish an answer.","Included if present (even blank) or emitted by validator requirements. Missing, unsupported type/meaning, raw conflict, ambiguous scope, any unparsed source text, any applicable error, or unacknowledged validation warning blocks. Otherwise ready automatically; no employee confirmation is invented. Absent optional fields are omitted.","Receiving income | Profile: No established answer: blank or placeholder. | Profile: Competing values for the same field. Resolve them in the pasted intake. | Profile: Repeated or ambiguous source sections do not establish a unique subject. | Profile: The intake contains unparsed text. Resolve it in Intake Checker before using this profile. | Profile: The source does not establish an explicit Yes/No answer.","intake-checker/review-fields.js:5; intake-checker/parser.js:28; ssa-intake-assistant/src/model/from-intake-checker.js:15; ssa-intake-assistant/src/model/from-intake-checker.js:43; ssa-intake-assistant/src/model/intake-contract.js:24; intake-checker/review-fields.js:2; intake-checker/review.js:39; intake-checker/intake-checker.js:61; intake-checker/intake-checker.js:123","ssa-intake-assistant/src/model/from-intake-checker.test.js:16 (catalog and all-definition synthetic transfer; not a format-validity oracle); tests/intake-review.test.js:36; tests/intake-review.test.js:40","High: direct code inspection.","No field-specific discrepancy identified; shared rules and limitations still apply.","Review and approve the documented current rule.","","Existing behavior audited; no changes made."
"financial-support","financial-support.veteran-benefits-monthly-amount","Veteran Benefits - Monthly amount","FINANCIAL SUPPORT: exact Veteran Benefits - Monthly amount. Plain or bold label; no field-label synonyms.","text in profile; text or null in parser","Fixed","Yes: exact plain label or bold label; mapping requires this section/record context.","Original pasted textarea only; not a full parsed-field display. Relevant validation/review rows show the label/reason. Later employee corrections appear in the correction ledger.","Yes, under this definition ID; repeated instances append @category-N. Present values and blanks transfer; absent optional values do not.","Optional","No missing-field requirement in Checker.","May be absent or blank without a Checker missing-field error.","Checker accepts absence/blank. A present blank still transfers as missing/blocked; absence of an optional field creates no profile row.","Trim outer whitespace; preserve internal text and multiline values. Empty/whitespace or exact Not provided / *Not provided* (case-insensitive) becomes null. Exact label matching is case-sensitive. Adapter additionally treats N/A, NA, none provided, unknown, standalone not/provided, dashes/question marks, null/undefined/NaN, not applicable/not available, TBD, and Select/Choose prompts as missing. Literal No, false, 0 and None are not globally missing.","Checker checks presence only when required; no other format, enum or numeric-range validation for this field.","No date rule.","No consistency rule between receipt answer and monthly amount. No amount threshold or currency validation.","Checker does not generally flag duplicate labels. Adapter compares trimmed raw candidates in this scope: different strings, including blank versus supplied, block as conflict. Identical duplicates may be ready. Duplicate singleton sections or repeated record roots block as ambiguous. No candidate is selected for a conflict.","Does not trigger Receiving income. Monthly amounts, housing, part-time work, family/friend support and Other are explicitly ignored by that review rule.","No answer default or inferred replacement. Date/boolean type encoding only when applicable.","Checker Reviewed hides the issue without changing the answer. A still-present error remains blocking in the profile even if reviewed. An acknowledged warning stops blocking unless another reason remains. General review flags never establish an answer.","Included if present (even blank) or emitted by validator requirements. Missing, unsupported type/meaning, raw conflict, ambiguous scope, any unparsed source text, any applicable error, or unacknowledged validation warning blocks. Otherwise ready automatically; no employee confirmation is invented. Absent optional fields are omitted.","Profile: No established answer: blank or placeholder. | Profile: Competing values for the same field. Resolve them in the pasted intake. | Profile: Repeated or ambiguous source sections do not establish a unique subject. | Profile: The intake contains unparsed text. Resolve it in Intake Checker before using this profile.","intake-checker/review-fields.js:9; intake-checker/parser.js:28; ssa-intake-assistant/src/model/from-intake-checker.js:15; ssa-intake-assistant/src/model/from-intake-checker.js:43; ssa-intake-assistant/src/model/intake-contract.js:24; intake-checker/review-fields.js:2; intake-checker/review.js:39; intake-checker/intake-checker.js:61; intake-checker/intake-checker.js:123","ssa-intake-assistant/src/model/from-intake-checker.test.js:16 (catalog and all-definition synthetic transfer; not a format-validity oracle); tests/intake-review.test.js:36; tests/intake-review.test.js:40","High: direct code inspection.","D05: value can be profile-ready without format, range or enumeration validation; presence is not proof of SSA suitability.","Specify any intended future validation separately; current behavior is recorded unchanged.","","Existing behavior audited; no changes made."
"financial-support","financial-support.retirement-pension-monthly-amount","Retirement/Pension - Monthly amount","FINANCIAL SUPPORT: exact Retirement/Pension - Monthly amount. Plain or bold label; no field-label synonyms.","text in profile; text or null in parser","Fixed","Yes: exact plain label or bold label; mapping requires this section/record context.","Original pasted textarea only; not a full parsed-field display. Relevant validation/review rows show the label/reason. Later employee corrections appear in the correction ledger.","Yes, under this definition ID; repeated instances append @category-N. Present values and blanks transfer; absent optional values do not.","Optional","No missing-field requirement in Checker.","May be absent or blank without a Checker missing-field error.","Checker accepts absence/blank. A present blank still transfers as missing/blocked; absence of an optional field creates no profile row.","Trim outer whitespace; preserve internal text and multiline values. Empty/whitespace or exact Not provided / *Not provided* (case-insensitive) becomes null. Exact label matching is case-sensitive. Adapter additionally treats N/A, NA, none provided, unknown, standalone not/provided, dashes/question marks, null/undefined/NaN, not applicable/not available, TBD, and Select/Choose prompts as missing. Literal No, false, 0 and None are not globally missing.","Checker checks presence only when required; no other format, enum or numeric-range validation for this field.","No date rule.","No consistency rule between receipt answer and monthly amount. No amount threshold or currency validation.","Checker does not generally flag duplicate labels. Adapter compares trimmed raw candidates in this scope: different strings, including blank versus supplied, block as conflict. Identical duplicates may be ready. Duplicate singleton sections or repeated record roots block as ambiguous. No candidate is selected for a conflict.","Does not trigger Receiving income. Monthly amounts, housing, part-time work, family/friend support and Other are explicitly ignored by that review rule.","No answer default or inferred replacement. Date/boolean type encoding only when applicable.","Checker Reviewed hides the issue without changing the answer. A still-present error remains blocking in the profile even if reviewed. An acknowledged warning stops blocking unless another reason remains. General review flags never establish an answer.","Included if present (even blank) or emitted by validator requirements. Missing, unsupported type/meaning, raw conflict, ambiguous scope, any unparsed source text, any applicable error, or unacknowledged validation warning blocks. Otherwise ready automatically; no employee confirmation is invented. Absent optional fields are omitted.","Profile: No established answer: blank or placeholder. | Profile: Competing values for the same field. Resolve them in the pasted intake. | Profile: Repeated or ambiguous source sections do not establish a unique subject. | Profile: The intake contains unparsed text. Resolve it in Intake Checker before using this profile.","intake-checker/review-fields.js:9; intake-checker/parser.js:28; ssa-intake-assistant/src/model/from-intake-checker.js:15; ssa-intake-assistant/src/model/from-intake-checker.js:43; ssa-intake-assistant/src/model/intake-contract.js:24; intake-checker/review-fields.js:2; intake-checker/review.js:39; intake-checker/intake-checker.js:61; intake-checker/intake-checker.js:123","ssa-intake-assistant/src/model/from-intake-checker.test.js:16 (catalog and all-definition synthetic transfer; not a format-validity oracle); tests/intake-review.test.js:36; tests/intake-review.test.js:40","High: direct code inspection.","D05: value can be profile-ready without format, range or enumeration validation; presence is not proof of SSA suitability.","Specify any intended future validation separately; current behavior is recorded unchanged.","","Existing behavior audited; no changes made."
"financial-support","financial-support.borrowing-money-monthly-amount","Borrowing Money - Monthly amount","FINANCIAL SUPPORT: exact Borrowing Money - Monthly amount. Plain or bold label; no field-label synonyms.","text in profile; text or null in parser","Fixed","Yes: exact plain label or bold label; mapping requires this section/record context.","Original pasted textarea only; not a full parsed-field display. Relevant validation/review rows show the label/reason. Later employee corrections appear in the correction ledger.","Yes, under this definition ID; repeated instances append @category-N. Present values and blanks transfer; absent optional values do not.","Optional","No missing-field requirement in Checker.","May be absent or blank without a Checker missing-field error.","Checker accepts absence/blank. A present blank still transfers as missing/blocked; absence of an optional field creates no profile row.","Trim outer whitespace; preserve internal text and multiline values. Empty/whitespace or exact Not provided / *Not provided* (case-insensitive) becomes null. Exact label matching is case-sensitive. Adapter additionally treats N/A, NA, none provided, unknown, standalone not/provided, dashes/question marks, null/undefined/NaN, not applicable/not available, TBD, and Select/Choose prompts as missing. Literal No, false, 0 and None are not globally missing.","Checker checks presence only when required; no other format, enum or numeric-range validation for this field.","No date rule.","No consistency rule between receipt answer and monthly amount. No amount threshold or currency validation.","Checker does not generally flag duplicate labels. Adapter compares trimmed raw candidates in this scope: different strings, including blank versus supplied, block as conflict. Identical duplicates may be ready. Duplicate singleton sections or repeated record roots block as ambiguous. No candidate is selected for a conflict.","Does not trigger Receiving income. Monthly amounts, housing, part-time work, family/friend support and Other are explicitly ignored by that review rule.","No answer default or inferred replacement. Date/boolean type encoding only when applicable.","Checker Reviewed hides the issue without changing the answer. A still-present error remains blocking in the profile even if reviewed. An acknowledged warning stops blocking unless another reason remains. General review flags never establish an answer.","Included if present (even blank) or emitted by validator requirements. Missing, unsupported type/meaning, raw conflict, ambiguous scope, any unparsed source text, any applicable error, or unacknowledged validation warning blocks. Otherwise ready automatically; no employee confirmation is invented. Absent optional fields are omitted.","Profile: No established answer: blank or placeholder. | Profile: Competing values for the same field. Resolve them in the pasted intake. | Profile: Repeated or ambiguous source sections do not establish a unique subject. | Profile: The intake contains unparsed text. Resolve it in Intake Checker before using this profile.","intake-checker/review-fields.js:10; intake-checker/parser.js:28; ssa-intake-assistant/src/model/from-intake-checker.js:15; ssa-intake-assistant/src/model/from-intake-checker.js:43; ssa-intake-assistant/src/model/intake-contract.js:24; intake-checker/review-fields.js:2; intake-checker/review.js:39; intake-checker/intake-checker.js:61; intake-checker/intake-checker.js:123","ssa-intake-assistant/src/model/from-intake-checker.test.js:16 (catalog and all-definition synthetic transfer; not a format-validity oracle); tests/intake-review.test.js:36; tests/intake-review.test.js:40","High: direct code inspection.","D05: value can be profile-ready without format, range or enumeration validation; presence is not proof of SSA suitability.","Specify any intended future validation separately; current behavior is recorded unchanged.","","Existing behavior audited; no changes made."
"financial-support","financial-support.other-support-section-8-housing","Other Support - Section 8 Housing","FINANCIAL SUPPORT: exact Other Support - Section 8 Housing. Plain or bold label; no field-label synonyms.","boolean in profile; text or null in parser","Fixed","Yes: exact plain label or bold label; mapping requires this section/record context.","Original pasted textarea only; not a full parsed-field display. Relevant validation/review rows show the label/reason. Later employee corrections appear in the correction ledger.","Yes, under this definition ID; repeated instances append @category-N. Present values and blanks transfer; absent optional values do not.","Optional","No missing-field requirement in Checker.","May be absent or blank without a Checker missing-field error.","Checker accepts absence/blank. A present blank still transfers as missing/blocked; absence of an optional field creates no profile row.","Trim outer whitespace; preserve internal text and multiline values. Empty/whitespace or exact Not provided / *Not provided* (case-insensitive) becomes null. Exact label matching is case-sensitive. Adapter additionally treats N/A, NA, none provided, unknown, standalone not/provided, dashes/question marks, null/undefined/NaN, not applicable/not available, TBD, and Select/Choose prompts as missing. Literal No, false, 0 and None are not globally missing.","Checker checks presence only when required; no other format, enum or numeric-range validation for this field. Adapter accepts only trimmed Yes/true/No/false (case-insensitive); other nonplaceholder answers are ambiguous, not false.","No date rule.","No consistency rule between receipt answer and monthly amount. No amount threshold or currency validation.","Checker does not generally flag duplicate labels. Adapter compares trimmed raw candidates in this scope: different strings, including blank versus supplied, block as conflict. Identical duplicates may be ready. Duplicate singleton sections or repeated record roots block as ambiguous. No candidate is selected for a conflict.","Does not trigger Receiving income. Monthly amounts, housing, part-time work, family/friend support and Other are explicitly ignored by that review rule.","No answer default or inferred replacement. Date/boolean type encoding only when applicable.","Checker Reviewed hides the issue without changing the answer. A still-present error remains blocking in the profile even if reviewed. An acknowledged warning stops blocking unless another reason remains. General review flags never establish an answer.","Included if present (even blank) or emitted by validator requirements. Missing, unsupported type/meaning, raw conflict, ambiguous scope, any unparsed source text, any applicable error, or unacknowledged validation warning blocks. Otherwise ready automatically; no employee confirmation is invented. Absent optional fields are omitted.","Profile: No established answer: blank or placeholder. | Profile: Competing values for the same field. Resolve them in the pasted intake. | Profile: Repeated or ambiguous source sections do not establish a unique subject. | Profile: The intake contains unparsed text. Resolve it in Intake Checker before using this profile. | Profile: The source does not establish an explicit Yes/No answer.","intake-checker/review-fields.js:10; intake-checker/parser.js:28; ssa-intake-assistant/src/model/from-intake-checker.js:15; ssa-intake-assistant/src/model/from-intake-checker.js:43; ssa-intake-assistant/src/model/intake-contract.js:24; intake-checker/review-fields.js:2; intake-checker/review.js:39; intake-checker/intake-checker.js:61; intake-checker/intake-checker.js:123","ssa-intake-assistant/src/model/from-intake-checker.test.js:16 (catalog and all-definition synthetic transfer; not a format-validity oracle); tests/intake-review.test.js:36; tests/intake-review.test.js:40","High: direct code inspection.","No field-specific discrepancy identified; shared rules and limitations still apply.","Review and approve the documented current rule.","","Existing behavior audited; no changes made."
"financial-support","financial-support.other-support-part-time-work","Other Support - Part Time Work","FINANCIAL SUPPORT: exact Other Support - Part Time Work. Plain or bold label; no field-label synonyms.","boolean in profile; text or null in parser","Fixed","Yes: exact plain label or bold label; mapping requires this section/record context.","Original pasted textarea only; not a full parsed-field display. Relevant validation/review rows show the label/reason. Later employee corrections appear in the correction ledger.","Yes, under this definition ID; repeated instances append @category-N. Present values and blanks transfer; absent optional values do not.","Optional","No missing-field requirement in Checker.","May be absent or blank without a Checker missing-field error.","Checker accepts absence/blank. A present blank still transfers as missing/blocked; absence of an optional field creates no profile row.","Trim outer whitespace; preserve internal text and multiline values. Empty/whitespace or exact Not provided / *Not provided* (case-insensitive) becomes null. Exact label matching is case-sensitive. Adapter additionally treats N/A, NA, none provided, unknown, standalone not/provided, dashes/question marks, null/undefined/NaN, not applicable/not available, TBD, and Select/Choose prompts as missing. Literal No, false, 0 and None are not globally missing.","Checker checks presence only when required; no other format, enum or numeric-range validation for this field. Adapter accepts only trimmed Yes/true/No/false (case-insensitive); other nonplaceholder answers are ambiguous, not false.","No date rule.","No consistency rule between receipt answer and monthly amount. No amount threshold or currency validation.","Checker does not generally flag duplicate labels. Adapter compares trimmed raw candidates in this scope: different strings, including blank versus supplied, block as conflict. Identical duplicates may be ready. Duplicate singleton sections or repeated record roots block as ambiguous. No candidate is selected for a conflict.","Does not trigger Receiving income. Monthly amounts, housing, part-time work, family/friend support and Other are explicitly ignored by that review rule.","No answer default or inferred replacement. Date/boolean type encoding only when applicable.","Checker Reviewed hides the issue without changing the answer. A still-present error remains blocking in the profile even if reviewed. An acknowledged warning stops blocking unless another reason remains. General review flags never establish an answer.","Included if present (even blank) or emitted by validator requirements. Missing, unsupported type/meaning, raw conflict, ambiguous scope, any unparsed source text, any applicable error, or unacknowledged validation warning blocks. Otherwise ready automatically; no employee confirmation is invented. Absent optional fields are omitted.","Profile: No established answer: blank or placeholder. | Profile: Competing values for the same field. Resolve them in the pasted intake. | Profile: Repeated or ambiguous source sections do not establish a unique subject. | Profile: The intake contains unparsed text. Resolve it in Intake Checker before using this profile. | Profile: The source does not establish an explicit Yes/No answer.","intake-checker/review-fields.js:11; intake-checker/parser.js:28; ssa-intake-assistant/src/model/from-intake-checker.js:15; ssa-intake-assistant/src/model/from-intake-checker.js:43; ssa-intake-assistant/src/model/intake-contract.js:24; intake-checker/review-fields.js:2; intake-checker/review.js:39; intake-checker/intake-checker.js:61; intake-checker/intake-checker.js:123","ssa-intake-assistant/src/model/from-intake-checker.test.js:16 (catalog and all-definition synthetic transfer; not a format-validity oracle); tests/intake-review.test.js:36; tests/intake-review.test.js:40","High: direct code inspection.","No field-specific discrepancy identified; shared rules and limitations still apply.","Review and approve the documented current rule.","","Existing behavior audited; no changes made."
"financial-support","financial-support.other-support-stay-with-family","Other Support - Stay with Family","FINANCIAL SUPPORT: exact Other Support - Stay with Family. Plain or bold label; no field-label synonyms.","boolean in profile; text or null in parser","Fixed","Yes: exact plain label or bold label; mapping requires this section/record context.","Original pasted textarea only; not a full parsed-field display. Relevant validation/review rows show the label/reason. Later employee corrections appear in the correction ledger.","Yes, under this definition ID; repeated instances append @category-N. Present values and blanks transfer; absent optional values do not.","Optional","No missing-field requirement in Checker.","May be absent or blank without a Checker missing-field error.","Checker accepts absence/blank. A present blank still transfers as missing/blocked; absence of an optional field creates no profile row.","Trim outer whitespace; preserve internal text and multiline values. Empty/whitespace or exact Not provided / *Not provided* (case-insensitive) becomes null. Exact label matching is case-sensitive. Adapter additionally treats N/A, NA, none provided, unknown, standalone not/provided, dashes/question marks, null/undefined/NaN, not applicable/not available, TBD, and Select/Choose prompts as missing. Literal No, false, 0 and None are not globally missing.","Checker checks presence only when required; no other format, enum or numeric-range validation for this field. Adapter accepts only trimmed Yes/true/No/false (case-insensitive); other nonplaceholder answers are ambiguous, not false.","No date rule.","No consistency rule between receipt answer and monthly amount. No amount threshold or currency validation.","Checker does not generally flag duplicate labels. Adapter compares trimmed raw candidates in this scope: different strings, including blank versus supplied, block as conflict. Identical duplicates may be ready. Duplicate singleton sections or repeated record roots block as ambiguous. No candidate is selected for a conflict.","Does not trigger Receiving income. Monthly amounts, housing, part-time work, family/friend support and Other are explicitly ignored by that review rule.","No answer default or inferred replacement. Date/boolean type encoding only when applicable.","Checker Reviewed hides the issue without changing the answer. A still-present error remains blocking in the profile even if reviewed. An acknowledged warning stops blocking unless another reason remains. General review flags never establish an answer.","Included if present (even blank) or emitted by validator requirements. Missing, unsupported type/meaning, raw conflict, ambiguous scope, any unparsed source text, any applicable error, or unacknowledged validation warning blocks. Otherwise ready automatically; no employee confirmation is invented. Absent optional fields are omitted.","Profile: No established answer: blank or placeholder. | Profile: Competing values for the same field. Resolve them in the pasted intake. | Profile: Repeated or ambiguous source sections do not establish a unique subject. | Profile: The intake contains unparsed text. Resolve it in Intake Checker before using this profile. | Profile: The source does not establish an explicit Yes/No answer.","intake-checker/review-fields.js:11; intake-checker/parser.js:28; ssa-intake-assistant/src/model/from-intake-checker.js:15; ssa-intake-assistant/src/model/from-intake-checker.js:43; ssa-intake-assistant/src/model/intake-contract.js:24; intake-checker/review-fields.js:2; intake-checker/review.js:39; intake-checker/intake-checker.js:61; intake-checker/intake-checker.js:123","ssa-intake-assistant/src/model/from-intake-checker.test.js:16 (catalog and all-definition synthetic transfer; not a format-validity oracle); tests/intake-review.test.js:36; tests/intake-review.test.js:40","High: direct code inspection.","No field-specific discrepancy identified; shared rules and limitations still apply.","Review and approve the documented current rule.","","Existing behavior audited; no changes made."
"financial-support","financial-support.other-support-stay-with-friends","Other Support - Stay with Friends","FINANCIAL SUPPORT: exact Other Support - Stay with Friends. Plain or bold label; no field-label synonyms.","boolean in profile; text or null in parser","Fixed","Yes: exact plain label or bold label; mapping requires this section/record context.","Original pasted textarea only; not a full parsed-field display. Relevant validation/review rows show the label/reason. Later employee corrections appear in the correction ledger.","Yes, under this definition ID; repeated instances append @category-N. Present values and blanks transfer; absent optional values do not.","Optional","No missing-field requirement in Checker.","May be absent or blank without a Checker missing-field error.","Checker accepts absence/blank. A present blank still transfers as missing/blocked; absence of an optional field creates no profile row.","Trim outer whitespace; preserve internal text and multiline values. Empty/whitespace or exact Not provided / *Not provided* (case-insensitive) becomes null. Exact label matching is case-sensitive. Adapter additionally treats N/A, NA, none provided, unknown, standalone not/provided, dashes/question marks, null/undefined/NaN, not applicable/not available, TBD, and Select/Choose prompts as missing. Literal No, false, 0 and None are not globally missing.","Checker checks presence only when required; no other format, enum or numeric-range validation for this field. Adapter accepts only trimmed Yes/true/No/false (case-insensitive); other nonplaceholder answers are ambiguous, not false.","No date rule.","No consistency rule between receipt answer and monthly amount. No amount threshold or currency validation.","Checker does not generally flag duplicate labels. Adapter compares trimmed raw candidates in this scope: different strings, including blank versus supplied, block as conflict. Identical duplicates may be ready. Duplicate singleton sections or repeated record roots block as ambiguous. No candidate is selected for a conflict.","Does not trigger Receiving income. Monthly amounts, housing, part-time work, family/friend support and Other are explicitly ignored by that review rule.","No answer default or inferred replacement. Date/boolean type encoding only when applicable.","Checker Reviewed hides the issue without changing the answer. A still-present error remains blocking in the profile even if reviewed. An acknowledged warning stops blocking unless another reason remains. General review flags never establish an answer.","Included if present (even blank) or emitted by validator requirements. Missing, unsupported type/meaning, raw conflict, ambiguous scope, any unparsed source text, any applicable error, or unacknowledged validation warning blocks. Otherwise ready automatically; no employee confirmation is invented. Absent optional fields are omitted.","Profile: No established answer: blank or placeholder. | Profile: Competing values for the same field. Resolve them in the pasted intake. | Profile: Repeated or ambiguous source sections do not establish a unique subject. | Profile: The intake contains unparsed text. Resolve it in Intake Checker before using this profile. | Profile: The source does not establish an explicit Yes/No answer.","intake-checker/review-fields.js:12; intake-checker/parser.js:28; ssa-intake-assistant/src/model/from-intake-checker.js:15; ssa-intake-assistant/src/model/from-intake-checker.js:43; ssa-intake-assistant/src/model/intake-contract.js:24; intake-checker/review-fields.js:2; intake-checker/review.js:39; intake-checker/intake-checker.js:61; intake-checker/intake-checker.js:123","ssa-intake-assistant/src/model/from-intake-checker.test.js:16 (catalog and all-definition synthetic transfer; not a format-validity oracle); tests/intake-review.test.js:36; tests/intake-review.test.js:40","High: direct code inspection.","No field-specific discrepancy identified; shared rules and limitations still apply.","Review and approve the documented current rule.","","Existing behavior audited; no changes made."
"financial-support","financial-support.other-support-other","Other Support - Other","FINANCIAL SUPPORT: exact Other Support - Other. Plain or bold label; no field-label synonyms.","boolean in profile; text or null in parser","Fixed","Yes: exact plain label or bold label; mapping requires this section/record context.","Original pasted textarea only; not a full parsed-field display. Relevant validation/review rows show the label/reason. Later employee corrections appear in the correction ledger.","Yes, under this definition ID; repeated instances append @category-N. Present values and blanks transfer; absent optional values do not.","Optional","No missing-field requirement in Checker.","May be absent or blank without a Checker missing-field error.","Checker accepts absence/blank. A present blank still transfers as missing/blocked; absence of an optional field creates no profile row.","Trim outer whitespace; preserve internal text and multiline values. Empty/whitespace or exact Not provided / *Not provided* (case-insensitive) becomes null. Exact label matching is case-sensitive. Adapter additionally treats N/A, NA, none provided, unknown, standalone not/provided, dashes/question marks, null/undefined/NaN, not applicable/not available, TBD, and Select/Choose prompts as missing. Literal No, false, 0 and None are not globally missing.","Checker checks presence only when required; no other format, enum or numeric-range validation for this field. Adapter accepts only trimmed Yes/true/No/false (case-insensitive); other nonplaceholder answers are ambiguous, not false.","No date rule.","No consistency rule between receipt answer and monthly amount. No amount threshold or currency validation.","Checker does not generally flag duplicate labels. Adapter compares trimmed raw candidates in this scope: different strings, including blank versus supplied, block as conflict. Identical duplicates may be ready. Duplicate singleton sections or repeated record roots block as ambiguous. No candidate is selected for a conflict.","Does not trigger Receiving income. Monthly amounts, housing, part-time work, family/friend support and Other are explicitly ignored by that review rule.","No answer default or inferred replacement. Date/boolean type encoding only when applicable.","Checker Reviewed hides the issue without changing the answer. A still-present error remains blocking in the profile even if reviewed. An acknowledged warning stops blocking unless another reason remains. General review flags never establish an answer.","Included if present (even blank) or emitted by validator requirements. Missing, unsupported type/meaning, raw conflict, ambiguous scope, any unparsed source text, any applicable error, or unacknowledged validation warning blocks. Otherwise ready automatically; no employee confirmation is invented. Absent optional fields are omitted.","Profile: No established answer: blank or placeholder. | Profile: Competing values for the same field. Resolve them in the pasted intake. | Profile: Repeated or ambiguous source sections do not establish a unique subject. | Profile: The intake contains unparsed text. Resolve it in Intake Checker before using this profile. | Profile: The source does not establish an explicit Yes/No answer.","intake-checker/review-fields.js:12; intake-checker/parser.js:28; ssa-intake-assistant/src/model/from-intake-checker.js:15; ssa-intake-assistant/src/model/from-intake-checker.js:43; ssa-intake-assistant/src/model/intake-contract.js:24; intake-checker/review-fields.js:2; intake-checker/review.js:39; intake-checker/intake-checker.js:61; intake-checker/intake-checker.js:123","ssa-intake-assistant/src/model/from-intake-checker.test.js:16 (catalog and all-definition synthetic transfer; not a format-validity oracle); tests/intake-review.test.js:36; tests/intake-review.test.js:40","High: direct code inspection.","No field-specific discrepancy identified; shared rules and limitations still apply.","Review and approve the documented current rule.","","Existing behavior audited; no changes made."
"medical-problems","medical-problems.problem (instance: medical-problems.problem@problem-N)","Problem one","MEDICAL PROBLEMS and descendants: exact Problem one. Word and numeric spellings are separate labels, not merged aliases.","text or null","Repeating (20 explicit word labels plus unbounded positive-integer label family)","Yes: regex, case-sensitive. Numeric zero and leading-zero numbers do not match plain labels.","Raw textarea; group missing error or More Than 10 Conditions review. No separate parsed list.","Yes, one instance for each distinct matching label per node; encounter-order record key. Duplicate same-label candidates remain together.","Conditional","At least one nonmissing matching problem anywhere under MEDICAL PROBLEMS is required for every validated intake. No individual number is required.","This label may be absent/blank when another matching problem is nonmissing.","Blank does not satisfy at-least-one or >10 count. Present blank transfers missing/blocked.","Trim outer whitespace; preserve internal text and multiline values. Empty/whitespace or exact Not provided / *Not provided* (case-insensitive) becomes null. Exact label matching is case-sensitive. Adapter additionally treats N/A, NA, none provided, unknown, standalone not/provided, dashes/question marks, null/undefined/NaN, not applicable/not available, TBD, and Select/Choose prompts as missing. Literal No, false, 0 and None are not globally missing.","No medical content or diagnosis validation. Literal None satisfies Checker presence.","None.","Group needs >=1 populated field; >10 populated parser fields produces review. Duplicate labels/values count independently for review, but adapter groups identical labels within a node.","Checker does not generally flag duplicate labels. Adapter compares trimmed raw candidates in this scope: different strings, including blank versus supplied, block as conflict. Identical duplicates may be ready. Duplicate singleton sections or repeated record roots block as ambiguous. No candidate is selected for a conflict. Medical roots do not receive the duplicate-root ambiguity check used by fixed record categories.","More Than 10 Conditions if count >10.","No inferred diagnosis; record keys follow source order.","Checker Reviewed hides the issue without changing the answer. A still-present error remains blocking in the profile even if reviewed. An acknowledged warning stops blocking unless another reason remains. General review flags never establish an answer.","Included if present (even blank) or emitted by validator requirements. Missing, unsupported type/meaning, raw conflict, ambiguous scope, any unparsed source text, any applicable error, or unacknowledged validation warning blocks. Otherwise ready automatically; no employee confirmation is invented. Absent optional fields are omitted. Missing entire group remains profile.requirements; no hypothetical medical field is created.","At least one medical problem is required. | More Than 10 Conditions","intake-checker/rules.js:60; intake-checker/parser.js:44; intake-checker/validation.js:152; intake-checker/review.js:33; ssa-intake-assistant/src/model/from-intake-checker.js:113","tests/intake-validation.test.js:76 (word labels one/two/three); tests/intake-review.test.js:26 (numeric 1–11/20/21); ssa-intake-assistant/src/model/from-intake-checker.test.js:16 (one numeric problem). No exhaustive 20-word, arbitrary-number or medical duplicate-root test (M01, M09).","High: direct code inspection.","D14: count is populated source fields, not distinct conditions; word/numeric aliases and duplicate roots are not reconciled.","Confirm whether word/number aliases, repeated labels and multiple medical roots represent separate conditions.","","Existing behavior audited; no changes made."
"medical-problems","medical-problems.problem (instance: medical-problems.problem@problem-N)","Problem two","MEDICAL PROBLEMS and descendants: exact Problem two. Word and numeric spellings are separate labels, not merged aliases.","text or null","Repeating (20 explicit word labels plus unbounded positive-integer label family)","Yes: regex, case-sensitive. Numeric zero and leading-zero numbers do not match plain labels.","Raw textarea; group missing error or More Than 10 Conditions review. No separate parsed list.","Yes, one instance for each distinct matching label per node; encounter-order record key. Duplicate same-label candidates remain together.","Conditional","At least one nonmissing matching problem anywhere under MEDICAL PROBLEMS is required for every validated intake. No individual number is required.","This label may be absent/blank when another matching problem is nonmissing.","Blank does not satisfy at-least-one or >10 count. Present blank transfers missing/blocked.","Trim outer whitespace; preserve internal text and multiline values. Empty/whitespace or exact Not provided / *Not provided* (case-insensitive) becomes null. Exact label matching is case-sensitive. Adapter additionally treats N/A, NA, none provided, unknown, standalone not/provided, dashes/question marks, null/undefined/NaN, not applicable/not available, TBD, and Select/Choose prompts as missing. Literal No, false, 0 and None are not globally missing.","No medical content or diagnosis validation. Literal None satisfies Checker presence.","None.","Group needs >=1 populated field; >10 populated parser fields produces review. Duplicate labels/values count independently for review, but adapter groups identical labels within a node.","Checker does not generally flag duplicate labels. Adapter compares trimmed raw candidates in this scope: different strings, including blank versus supplied, block as conflict. Identical duplicates may be ready. Duplicate singleton sections or repeated record roots block as ambiguous. No candidate is selected for a conflict. Medical roots do not receive the duplicate-root ambiguity check used by fixed record categories.","More Than 10 Conditions if count >10.","No inferred diagnosis; record keys follow source order.","Checker Reviewed hides the issue without changing the answer. A still-present error remains blocking in the profile even if reviewed. An acknowledged warning stops blocking unless another reason remains. General review flags never establish an answer.","Included if present (even blank) or emitted by validator requirements. Missing, unsupported type/meaning, raw conflict, ambiguous scope, any unparsed source text, any applicable error, or unacknowledged validation warning blocks. Otherwise ready automatically; no employee confirmation is invented. Absent optional fields are omitted. Missing entire group remains profile.requirements; no hypothetical medical field is created.","At least one medical problem is required. | More Than 10 Conditions","intake-checker/rules.js:60; intake-checker/parser.js:44; intake-checker/validation.js:152; intake-checker/review.js:33; ssa-intake-assistant/src/model/from-intake-checker.js:113","tests/intake-validation.test.js:76 (word labels one/two/three); tests/intake-review.test.js:26 (numeric 1–11/20/21); ssa-intake-assistant/src/model/from-intake-checker.test.js:16 (one numeric problem). No exhaustive 20-word, arbitrary-number or medical duplicate-root test (M01, M09).","High: direct code inspection.","D14: count is populated source fields, not distinct conditions; word/numeric aliases and duplicate roots are not reconciled.","Confirm whether word/number aliases, repeated labels and multiple medical roots represent separate conditions.","","Existing behavior audited; no changes made."
"medical-problems","medical-problems.problem (instance: medical-problems.problem@problem-N)","Problem three","MEDICAL PROBLEMS and descendants: exact Problem three. Word and numeric spellings are separate labels, not merged aliases.","text or null","Repeating (20 explicit word labels plus unbounded positive-integer label family)","Yes: regex, case-sensitive. Numeric zero and leading-zero numbers do not match plain labels.","Raw textarea; group missing error or More Than 10 Conditions review. No separate parsed list.","Yes, one instance for each distinct matching label per node; encounter-order record key. Duplicate same-label candidates remain together.","Conditional","At least one nonmissing matching problem anywhere under MEDICAL PROBLEMS is required for every validated intake. No individual number is required.","This label may be absent/blank when another matching problem is nonmissing.","Blank does not satisfy at-least-one or >10 count. Present blank transfers missing/blocked.","Trim outer whitespace; preserve internal text and multiline values. Empty/whitespace or exact Not provided / *Not provided* (case-insensitive) becomes null. Exact label matching is case-sensitive. Adapter additionally treats N/A, NA, none provided, unknown, standalone not/provided, dashes/question marks, null/undefined/NaN, not applicable/not available, TBD, and Select/Choose prompts as missing. Literal No, false, 0 and None are not globally missing.","No medical content or diagnosis validation. Literal None satisfies Checker presence.","None.","Group needs >=1 populated field; >10 populated parser fields produces review. Duplicate labels/values count independently for review, but adapter groups identical labels within a node.","Checker does not generally flag duplicate labels. Adapter compares trimmed raw candidates in this scope: different strings, including blank versus supplied, block as conflict. Identical duplicates may be ready. Duplicate singleton sections or repeated record roots block as ambiguous. No candidate is selected for a conflict. Medical roots do not receive the duplicate-root ambiguity check used by fixed record categories.","More Than 10 Conditions if count >10.","No inferred diagnosis; record keys follow source order.","Checker Reviewed hides the issue without changing the answer. A still-present error remains blocking in the profile even if reviewed. An acknowledged warning stops blocking unless another reason remains. General review flags never establish an answer.","Included if present (even blank) or emitted by validator requirements. Missing, unsupported type/meaning, raw conflict, ambiguous scope, any unparsed source text, any applicable error, or unacknowledged validation warning blocks. Otherwise ready automatically; no employee confirmation is invented. Absent optional fields are omitted. Missing entire group remains profile.requirements; no hypothetical medical field is created.","At least one medical problem is required. | More Than 10 Conditions","intake-checker/rules.js:60; intake-checker/parser.js:44; intake-checker/validation.js:152; intake-checker/review.js:33; ssa-intake-assistant/src/model/from-intake-checker.js:113","tests/intake-validation.test.js:76 (word labels one/two/three); tests/intake-review.test.js:26 (numeric 1–11/20/21); ssa-intake-assistant/src/model/from-intake-checker.test.js:16 (one numeric problem). No exhaustive 20-word, arbitrary-number or medical duplicate-root test (M01, M09).","High: direct code inspection.","D14: count is populated source fields, not distinct conditions; word/numeric aliases and duplicate roots are not reconciled.","Confirm whether word/number aliases, repeated labels and multiple medical roots represent separate conditions.","","Existing behavior audited; no changes made."
"medical-problems","medical-problems.problem (instance: medical-problems.problem@problem-N)","Problem four","MEDICAL PROBLEMS and descendants: exact Problem four. Word and numeric spellings are separate labels, not merged aliases.","text or null","Repeating (20 explicit word labels plus unbounded positive-integer label family)","Yes: regex, case-sensitive. Numeric zero and leading-zero numbers do not match plain labels.","Raw textarea; group missing error or More Than 10 Conditions review. No separate parsed list.","Yes, one instance for each distinct matching label per node; encounter-order record key. Duplicate same-label candidates remain together.","Conditional","At least one nonmissing matching problem anywhere under MEDICAL PROBLEMS is required for every validated intake. No individual number is required.","This label may be absent/blank when another matching problem is nonmissing.","Blank does not satisfy at-least-one or >10 count. Present blank transfers missing/blocked.","Trim outer whitespace; preserve internal text and multiline values. Empty/whitespace or exact Not provided / *Not provided* (case-insensitive) becomes null. Exact label matching is case-sensitive. Adapter additionally treats N/A, NA, none provided, unknown, standalone not/provided, dashes/question marks, null/undefined/NaN, not applicable/not available, TBD, and Select/Choose prompts as missing. Literal No, false, 0 and None are not globally missing.","No medical content or diagnosis validation. Literal None satisfies Checker presence.","None.","Group needs >=1 populated field; >10 populated parser fields produces review. Duplicate labels/values count independently for review, but adapter groups identical labels within a node.","Checker does not generally flag duplicate labels. Adapter compares trimmed raw candidates in this scope: different strings, including blank versus supplied, block as conflict. Identical duplicates may be ready. Duplicate singleton sections or repeated record roots block as ambiguous. No candidate is selected for a conflict. Medical roots do not receive the duplicate-root ambiguity check used by fixed record categories.","More Than 10 Conditions if count >10.","No inferred diagnosis; record keys follow source order.","Checker Reviewed hides the issue without changing the answer. A still-present error remains blocking in the profile even if reviewed. An acknowledged warning stops blocking unless another reason remains. General review flags never establish an answer.","Included if present (even blank) or emitted by validator requirements. Missing, unsupported type/meaning, raw conflict, ambiguous scope, any unparsed source text, any applicable error, or unacknowledged validation warning blocks. Otherwise ready automatically; no employee confirmation is invented. Absent optional fields are omitted. Missing entire group remains profile.requirements; no hypothetical medical field is created.","At least one medical problem is required. | More Than 10 Conditions","intake-checker/rules.js:60; intake-checker/parser.js:44; intake-checker/validation.js:152; intake-checker/review.js:33; ssa-intake-assistant/src/model/from-intake-checker.js:113","tests/intake-validation.test.js:76 (word labels one/two/three); tests/intake-review.test.js:26 (numeric 1–11/20/21); ssa-intake-assistant/src/model/from-intake-checker.test.js:16 (one numeric problem). No exhaustive 20-word, arbitrary-number or medical duplicate-root test (M01, M09).","High: direct code inspection.","D14: count is populated source fields, not distinct conditions; word/numeric aliases and duplicate roots are not reconciled.","Confirm whether word/number aliases, repeated labels and multiple medical roots represent separate conditions.","","Existing behavior audited; no changes made."
"medical-problems","medical-problems.problem (instance: medical-problems.problem@problem-N)","Problem five","MEDICAL PROBLEMS and descendants: exact Problem five. Word and numeric spellings are separate labels, not merged aliases.","text or null","Repeating (20 explicit word labels plus unbounded positive-integer label family)","Yes: regex, case-sensitive. Numeric zero and leading-zero numbers do not match plain labels.","Raw textarea; group missing error or More Than 10 Conditions review. No separate parsed list.","Yes, one instance for each distinct matching label per node; encounter-order record key. Duplicate same-label candidates remain together.","Conditional","At least one nonmissing matching problem anywhere under MEDICAL PROBLEMS is required for every validated intake. No individual number is required.","This label may be absent/blank when another matching problem is nonmissing.","Blank does not satisfy at-least-one or >10 count. Present blank transfers missing/blocked.","Trim outer whitespace; preserve internal text and multiline values. Empty/whitespace or exact Not provided / *Not provided* (case-insensitive) becomes null. Exact label matching is case-sensitive. Adapter additionally treats N/A, NA, none provided, unknown, standalone not/provided, dashes/question marks, null/undefined/NaN, not applicable/not available, TBD, and Select/Choose prompts as missing. Literal No, false, 0 and None are not globally missing.","No medical content or diagnosis validation. Literal None satisfies Checker presence.","None.","Group needs >=1 populated field; >10 populated parser fields produces review. Duplicate labels/values count independently for review, but adapter groups identical labels within a node.","Checker does not generally flag duplicate labels. Adapter compares trimmed raw candidates in this scope: different strings, including blank versus supplied, block as conflict. Identical duplicates may be ready. Duplicate singleton sections or repeated record roots block as ambiguous. No candidate is selected for a conflict. Medical roots do not receive the duplicate-root ambiguity check used by fixed record categories.","More Than 10 Conditions if count >10.","No inferred diagnosis; record keys follow source order.","Checker Reviewed hides the issue without changing the answer. A still-present error remains blocking in the profile even if reviewed. An acknowledged warning stops blocking unless another reason remains. General review flags never establish an answer.","Included if present (even blank) or emitted by validator requirements. Missing, unsupported type/meaning, raw conflict, ambiguous scope, any unparsed source text, any applicable error, or unacknowledged validation warning blocks. Otherwise ready automatically; no employee confirmation is invented. Absent optional fields are omitted. Missing entire group remains profile.requirements; no hypothetical medical field is created.","At least one medical problem is required. | More Than 10 Conditions","intake-checker/rules.js:60; intake-checker/parser.js:44; intake-checker/validation.js:152; intake-checker/review.js:33; ssa-intake-assistant/src/model/from-intake-checker.js:113","tests/intake-validation.test.js:76 (word labels one/two/three); tests/intake-review.test.js:26 (numeric 1–11/20/21); ssa-intake-assistant/src/model/from-intake-checker.test.js:16 (one numeric problem). No exhaustive 20-word, arbitrary-number or medical duplicate-root test (M01, M09).","High: direct code inspection.","D14: count is populated source fields, not distinct conditions; word/numeric aliases and duplicate roots are not reconciled.","Confirm whether word/number aliases, repeated labels and multiple medical roots represent separate conditions.","","Existing behavior audited; no changes made."
"medical-problems","medical-problems.problem (instance: medical-problems.problem@problem-N)","Problem six","MEDICAL PROBLEMS and descendants: exact Problem six. Word and numeric spellings are separate labels, not merged aliases.","text or null","Repeating (20 explicit word labels plus unbounded positive-integer label family)","Yes: regex, case-sensitive. Numeric zero and leading-zero numbers do not match plain labels.","Raw textarea; group missing error or More Than 10 Conditions review. No separate parsed list.","Yes, one instance for each distinct matching label per node; encounter-order record key. Duplicate same-label candidates remain together.","Conditional","At least one nonmissing matching problem anywhere under MEDICAL PROBLEMS is required for every validated intake. No individual number is required.","This label may be absent/blank when another matching problem is nonmissing.","Blank does not satisfy at-least-one or >10 count. Present blank transfers missing/blocked.","Trim outer whitespace; preserve internal text and multiline values. Empty/whitespace or exact Not provided / *Not provided* (case-insensitive) becomes null. Exact label matching is case-sensitive. Adapter additionally treats N/A, NA, none provided, unknown, standalone not/provided, dashes/question marks, null/undefined/NaN, not applicable/not available, TBD, and Select/Choose prompts as missing. Literal No, false, 0 and None are not globally missing.","No medical content or diagnosis validation. Literal None satisfies Checker presence.","None.","Group needs >=1 populated field; >10 populated parser fields produces review. Duplicate labels/values count independently for review, but adapter groups identical labels within a node.","Checker does not generally flag duplicate labels. Adapter compares trimmed raw candidates in this scope: different strings, including blank versus supplied, block as conflict. Identical duplicates may be ready. Duplicate singleton sections or repeated record roots block as ambiguous. No candidate is selected for a conflict. Medical roots do not receive the duplicate-root ambiguity check used by fixed record categories.","More Than 10 Conditions if count >10.","No inferred diagnosis; record keys follow source order.","Checker Reviewed hides the issue without changing the answer. A still-present error remains blocking in the profile even if reviewed. An acknowledged warning stops blocking unless another reason remains. General review flags never establish an answer.","Included if present (even blank) or emitted by validator requirements. Missing, unsupported type/meaning, raw conflict, ambiguous scope, any unparsed source text, any applicable error, or unacknowledged validation warning blocks. Otherwise ready automatically; no employee confirmation is invented. Absent optional fields are omitted. Missing entire group remains profile.requirements; no hypothetical medical field is created.","At least one medical problem is required. | More Than 10 Conditions","intake-checker/rules.js:60; intake-checker/parser.js:44; intake-checker/validation.js:152; intake-checker/review.js:33; ssa-intake-assistant/src/model/from-intake-checker.js:113","tests/intake-validation.test.js:76 (word labels one/two/three); tests/intake-review.test.js:26 (numeric 1–11/20/21); ssa-intake-assistant/src/model/from-intake-checker.test.js:16 (one numeric problem). No exhaustive 20-word, arbitrary-number or medical duplicate-root test (M01, M09).","High: direct code inspection.","D14: count is populated source fields, not distinct conditions; word/numeric aliases and duplicate roots are not reconciled.","Confirm whether word/number aliases, repeated labels and multiple medical roots represent separate conditions.","","Existing behavior audited; no changes made."
"medical-problems","medical-problems.problem (instance: medical-problems.problem@problem-N)","Problem seven","MEDICAL PROBLEMS and descendants: exact Problem seven. Word and numeric spellings are separate labels, not merged aliases.","text or null","Repeating (20 explicit word labels plus unbounded positive-integer label family)","Yes: regex, case-sensitive. Numeric zero and leading-zero numbers do not match plain labels.","Raw textarea; group missing error or More Than 10 Conditions review. No separate parsed list.","Yes, one instance for each distinct matching label per node; encounter-order record key. Duplicate same-label candidates remain together.","Conditional","At least one nonmissing matching problem anywhere under MEDICAL PROBLEMS is required for every validated intake. No individual number is required.","This label may be absent/blank when another matching problem is nonmissing.","Blank does not satisfy at-least-one or >10 count. Present blank transfers missing/blocked.","Trim outer whitespace; preserve internal text and multiline values. Empty/whitespace or exact Not provided / *Not provided* (case-insensitive) becomes null. Exact label matching is case-sensitive. Adapter additionally treats N/A, NA, none provided, unknown, standalone not/provided, dashes/question marks, null/undefined/NaN, not applicable/not available, TBD, and Select/Choose prompts as missing. Literal No, false, 0 and None are not globally missing.","No medical content or diagnosis validation. Literal None satisfies Checker presence.","None.","Group needs >=1 populated field; >10 populated parser fields produces review. Duplicate labels/values count independently for review, but adapter groups identical labels within a node.","Checker does not generally flag duplicate labels. Adapter compares trimmed raw candidates in this scope: different strings, including blank versus supplied, block as conflict. Identical duplicates may be ready. Duplicate singleton sections or repeated record roots block as ambiguous. No candidate is selected for a conflict. Medical roots do not receive the duplicate-root ambiguity check used by fixed record categories.","More Than 10 Conditions if count >10.","No inferred diagnosis; record keys follow source order.","Checker Reviewed hides the issue without changing the answer. A still-present error remains blocking in the profile even if reviewed. An acknowledged warning stops blocking unless another reason remains. General review flags never establish an answer.","Included if present (even blank) or emitted by validator requirements. Missing, unsupported type/meaning, raw conflict, ambiguous scope, any unparsed source text, any applicable error, or unacknowledged validation warning blocks. Otherwise ready automatically; no employee confirmation is invented. Absent optional fields are omitted. Missing entire group remains profile.requirements; no hypothetical medical field is created.","At least one medical problem is required. | More Than 10 Conditions","intake-checker/rules.js:60; intake-checker/parser.js:44; intake-checker/validation.js:152; intake-checker/review.js:33; ssa-intake-assistant/src/model/from-intake-checker.js:113","tests/intake-validation.test.js:76 (word labels one/two/three); tests/intake-review.test.js:26 (numeric 1–11/20/21); ssa-intake-assistant/src/model/from-intake-checker.test.js:16 (one numeric problem). No exhaustive 20-word, arbitrary-number or medical duplicate-root test (M01, M09).","High: direct code inspection.","D14: count is populated source fields, not distinct conditions; word/numeric aliases and duplicate roots are not reconciled.","Confirm whether word/number aliases, repeated labels and multiple medical roots represent separate conditions.","","Existing behavior audited; no changes made."
"medical-problems","medical-problems.problem (instance: medical-problems.problem@problem-N)","Problem eight","MEDICAL PROBLEMS and descendants: exact Problem eight. Word and numeric spellings are separate labels, not merged aliases.","text or null","Repeating (20 explicit word labels plus unbounded positive-integer label family)","Yes: regex, case-sensitive. Numeric zero and leading-zero numbers do not match plain labels.","Raw textarea; group missing error or More Than 10 Conditions review. No separate parsed list.","Yes, one instance for each distinct matching label per node; encounter-order record key. Duplicate same-label candidates remain together.","Conditional","At least one nonmissing matching problem anywhere under MEDICAL PROBLEMS is required for every validated intake. No individual number is required.","This label may be absent/blank when another matching problem is nonmissing.","Blank does not satisfy at-least-one or >10 count. Present blank transfers missing/blocked.","Trim outer whitespace; preserve internal text and multiline values. Empty/whitespace or exact Not provided / *Not provided* (case-insensitive) becomes null. Exact label matching is case-sensitive. Adapter additionally treats N/A, NA, none provided, unknown, standalone not/provided, dashes/question marks, null/undefined/NaN, not applicable/not available, TBD, and Select/Choose prompts as missing. Literal No, false, 0 and None are not globally missing.","No medical content or diagnosis validation. Literal None satisfies Checker presence.","None.","Group needs >=1 populated field; >10 populated parser fields produces review. Duplicate labels/values count independently for review, but adapter groups identical labels within a node.","Checker does not generally flag duplicate labels. Adapter compares trimmed raw candidates in this scope: different strings, including blank versus supplied, block as conflict. Identical duplicates may be ready. Duplicate singleton sections or repeated record roots block as ambiguous. No candidate is selected for a conflict. Medical roots do not receive the duplicate-root ambiguity check used by fixed record categories.","More Than 10 Conditions if count >10.","No inferred diagnosis; record keys follow source order.","Checker Reviewed hides the issue without changing the answer. A still-present error remains blocking in the profile even if reviewed. An acknowledged warning stops blocking unless another reason remains. General review flags never establish an answer.","Included if present (even blank) or emitted by validator requirements. Missing, unsupported type/meaning, raw conflict, ambiguous scope, any unparsed source text, any applicable error, or unacknowledged validation warning blocks. Otherwise ready automatically; no employee confirmation is invented. Absent optional fields are omitted. Missing entire group remains profile.requirements; no hypothetical medical field is created.","At least one medical problem is required. | More Than 10 Conditions","intake-checker/rules.js:60; intake-checker/parser.js:44; intake-checker/validation.js:152; intake-checker/review.js:33; ssa-intake-assistant/src/model/from-intake-checker.js:113","tests/intake-validation.test.js:76 (word labels one/two/three); tests/intake-review.test.js:26 (numeric 1–11/20/21); ssa-intake-assistant/src/model/from-intake-checker.test.js:16 (one numeric problem). No exhaustive 20-word, arbitrary-number or medical duplicate-root test (M01, M09).","High: direct code inspection.","D14: count is populated source fields, not distinct conditions; word/numeric aliases and duplicate roots are not reconciled.","Confirm whether word/number aliases, repeated labels and multiple medical roots represent separate conditions.","","Existing behavior audited; no changes made."
"medical-problems","medical-problems.problem (instance: medical-problems.problem@problem-N)","Problem nine","MEDICAL PROBLEMS and descendants: exact Problem nine. Word and numeric spellings are separate labels, not merged aliases.","text or null","Repeating (20 explicit word labels plus unbounded positive-integer label family)","Yes: regex, case-sensitive. Numeric zero and leading-zero numbers do not match plain labels.","Raw textarea; group missing error or More Than 10 Conditions review. No separate parsed list.","Yes, one instance for each distinct matching label per node; encounter-order record key. Duplicate same-label candidates remain together.","Conditional","At least one nonmissing matching problem anywhere under MEDICAL PROBLEMS is required for every validated intake. No individual number is required.","This label may be absent/blank when another matching problem is nonmissing.","Blank does not satisfy at-least-one or >10 count. Present blank transfers missing/blocked.","Trim outer whitespace; preserve internal text and multiline values. Empty/whitespace or exact Not provided / *Not provided* (case-insensitive) becomes null. Exact label matching is case-sensitive. Adapter additionally treats N/A, NA, none provided, unknown, standalone not/provided, dashes/question marks, null/undefined/NaN, not applicable/not available, TBD, and Select/Choose prompts as missing. Literal No, false, 0 and None are not globally missing.","No medical content or diagnosis validation. Literal None satisfies Checker presence.","None.","Group needs >=1 populated field; >10 populated parser fields produces review. Duplicate labels/values count independently for review, but adapter groups identical labels within a node.","Checker does not generally flag duplicate labels. Adapter compares trimmed raw candidates in this scope: different strings, including blank versus supplied, block as conflict. Identical duplicates may be ready. Duplicate singleton sections or repeated record roots block as ambiguous. No candidate is selected for a conflict. Medical roots do not receive the duplicate-root ambiguity check used by fixed record categories.","More Than 10 Conditions if count >10.","No inferred diagnosis; record keys follow source order.","Checker Reviewed hides the issue without changing the answer. A still-present error remains blocking in the profile even if reviewed. An acknowledged warning stops blocking unless another reason remains. General review flags never establish an answer.","Included if present (even blank) or emitted by validator requirements. Missing, unsupported type/meaning, raw conflict, ambiguous scope, any unparsed source text, any applicable error, or unacknowledged validation warning blocks. Otherwise ready automatically; no employee confirmation is invented. Absent optional fields are omitted. Missing entire group remains profile.requirements; no hypothetical medical field is created.","At least one medical problem is required. | More Than 10 Conditions","intake-checker/rules.js:60; intake-checker/parser.js:44; intake-checker/validation.js:152; intake-checker/review.js:33; ssa-intake-assistant/src/model/from-intake-checker.js:113","tests/intake-validation.test.js:76 (word labels one/two/three); tests/intake-review.test.js:26 (numeric 1–11/20/21); ssa-intake-assistant/src/model/from-intake-checker.test.js:16 (one numeric problem). No exhaustive 20-word, arbitrary-number or medical duplicate-root test (M01, M09).","High: direct code inspection.","D14: count is populated source fields, not distinct conditions; word/numeric aliases and duplicate roots are not reconciled.","Confirm whether word/number aliases, repeated labels and multiple medical roots represent separate conditions.","","Existing behavior audited; no changes made."
"medical-problems","medical-problems.problem (instance: medical-problems.problem@problem-N)","Problem ten","MEDICAL PROBLEMS and descendants: exact Problem ten. Word and numeric spellings are separate labels, not merged aliases.","text or null","Repeating (20 explicit word labels plus unbounded positive-integer label family)","Yes: regex, case-sensitive. Numeric zero and leading-zero numbers do not match plain labels.","Raw textarea; group missing error or More Than 10 Conditions review. No separate parsed list.","Yes, one instance for each distinct matching label per node; encounter-order record key. Duplicate same-label candidates remain together.","Conditional","At least one nonmissing matching problem anywhere under MEDICAL PROBLEMS is required for every validated intake. No individual number is required.","This label may be absent/blank when another matching problem is nonmissing.","Blank does not satisfy at-least-one or >10 count. Present blank transfers missing/blocked.","Trim outer whitespace; preserve internal text and multiline values. Empty/whitespace or exact Not provided / *Not provided* (case-insensitive) becomes null. Exact label matching is case-sensitive. Adapter additionally treats N/A, NA, none provided, unknown, standalone not/provided, dashes/question marks, null/undefined/NaN, not applicable/not available, TBD, and Select/Choose prompts as missing. Literal No, false, 0 and None are not globally missing.","No medical content or diagnosis validation. Literal None satisfies Checker presence.","None.","Group needs >=1 populated field; >10 populated parser fields produces review. Duplicate labels/values count independently for review, but adapter groups identical labels within a node.","Checker does not generally flag duplicate labels. Adapter compares trimmed raw candidates in this scope: different strings, including blank versus supplied, block as conflict. Identical duplicates may be ready. Duplicate singleton sections or repeated record roots block as ambiguous. No candidate is selected for a conflict. Medical roots do not receive the duplicate-root ambiguity check used by fixed record categories.","More Than 10 Conditions if count >10.","No inferred diagnosis; record keys follow source order.","Checker Reviewed hides the issue without changing the answer. A still-present error remains blocking in the profile even if reviewed. An acknowledged warning stops blocking unless another reason remains. General review flags never establish an answer.","Included if present (even blank) or emitted by validator requirements. Missing, unsupported type/meaning, raw conflict, ambiguous scope, any unparsed source text, any applicable error, or unacknowledged validation warning blocks. Otherwise ready automatically; no employee confirmation is invented. Absent optional fields are omitted. Missing entire group remains profile.requirements; no hypothetical medical field is created.","At least one medical problem is required. | More Than 10 Conditions","intake-checker/rules.js:60; intake-checker/parser.js:44; intake-checker/validation.js:152; intake-checker/review.js:33; ssa-intake-assistant/src/model/from-intake-checker.js:113","tests/intake-validation.test.js:76 (word labels one/two/three); tests/intake-review.test.js:26 (numeric 1–11/20/21); ssa-intake-assistant/src/model/from-intake-checker.test.js:16 (one numeric problem). No exhaustive 20-word, arbitrary-number or medical duplicate-root test (M01, M09).","High: direct code inspection.","D14: count is populated source fields, not distinct conditions; word/numeric aliases and duplicate roots are not reconciled.","Confirm whether word/number aliases, repeated labels and multiple medical roots represent separate conditions.","","Existing behavior audited; no changes made."
"medical-problems","medical-problems.problem (instance: medical-problems.problem@problem-N)","Problem eleven","MEDICAL PROBLEMS and descendants: exact Problem eleven. Word and numeric spellings are separate labels, not merged aliases.","text or null","Repeating (20 explicit word labels plus unbounded positive-integer label family)","Yes: regex, case-sensitive. Numeric zero and leading-zero numbers do not match plain labels.","Raw textarea; group missing error or More Than 10 Conditions review. No separate parsed list.","Yes, one instance for each distinct matching label per node; encounter-order record key. Duplicate same-label candidates remain together.","Conditional","At least one nonmissing matching problem anywhere under MEDICAL PROBLEMS is required for every validated intake. No individual number is required.","This label may be absent/blank when another matching problem is nonmissing.","Blank does not satisfy at-least-one or >10 count. Present blank transfers missing/blocked.","Trim outer whitespace; preserve internal text and multiline values. Empty/whitespace or exact Not provided / *Not provided* (case-insensitive) becomes null. Exact label matching is case-sensitive. Adapter additionally treats N/A, NA, none provided, unknown, standalone not/provided, dashes/question marks, null/undefined/NaN, not applicable/not available, TBD, and Select/Choose prompts as missing. Literal No, false, 0 and None are not globally missing.","No medical content or diagnosis validation. Literal None satisfies Checker presence.","None.","Group needs >=1 populated field; >10 populated parser fields produces review. Duplicate labels/values count independently for review, but adapter groups identical labels within a node.","Checker does not generally flag duplicate labels. Adapter compares trimmed raw candidates in this scope: different strings, including blank versus supplied, block as conflict. Identical duplicates may be ready. Duplicate singleton sections or repeated record roots block as ambiguous. No candidate is selected for a conflict. Medical roots do not receive the duplicate-root ambiguity check used by fixed record categories.","More Than 10 Conditions if count >10.","No inferred diagnosis; record keys follow source order.","Checker Reviewed hides the issue without changing the answer. A still-present error remains blocking in the profile even if reviewed. An acknowledged warning stops blocking unless another reason remains. General review flags never establish an answer.","Included if present (even blank) or emitted by validator requirements. Missing, unsupported type/meaning, raw conflict, ambiguous scope, any unparsed source text, any applicable error, or unacknowledged validation warning blocks. Otherwise ready automatically; no employee confirmation is invented. Absent optional fields are omitted. Missing entire group remains profile.requirements; no hypothetical medical field is created.","At least one medical problem is required. | More Than 10 Conditions","intake-checker/rules.js:60; intake-checker/parser.js:44; intake-checker/validation.js:152; intake-checker/review.js:33; ssa-intake-assistant/src/model/from-intake-checker.js:113","tests/intake-validation.test.js:76 (word labels one/two/three); tests/intake-review.test.js:26 (numeric 1–11/20/21); ssa-intake-assistant/src/model/from-intake-checker.test.js:16 (one numeric problem). No exhaustive 20-word, arbitrary-number or medical duplicate-root test (M01, M09).","High: direct code inspection.","D14: count is populated source fields, not distinct conditions; word/numeric aliases and duplicate roots are not reconciled.","Confirm whether word/number aliases, repeated labels and multiple medical roots represent separate conditions.","","Existing behavior audited; no changes made."
"medical-problems","medical-problems.problem (instance: medical-problems.problem@problem-N)","Problem twelve","MEDICAL PROBLEMS and descendants: exact Problem twelve. Word and numeric spellings are separate labels, not merged aliases.","text or null","Repeating (20 explicit word labels plus unbounded positive-integer label family)","Yes: regex, case-sensitive. Numeric zero and leading-zero numbers do not match plain labels.","Raw textarea; group missing error or More Than 10 Conditions review. No separate parsed list.","Yes, one instance for each distinct matching label per node; encounter-order record key. Duplicate same-label candidates remain together.","Conditional","At least one nonmissing matching problem anywhere under MEDICAL PROBLEMS is required for every validated intake. No individual number is required.","This label may be absent/blank when another matching problem is nonmissing.","Blank does not satisfy at-least-one or >10 count. Present blank transfers missing/blocked.","Trim outer whitespace; preserve internal text and multiline values. Empty/whitespace or exact Not provided / *Not provided* (case-insensitive) becomes null. Exact label matching is case-sensitive. Adapter additionally treats N/A, NA, none provided, unknown, standalone not/provided, dashes/question marks, null/undefined/NaN, not applicable/not available, TBD, and Select/Choose prompts as missing. Literal No, false, 0 and None are not globally missing.","No medical content or diagnosis validation. Literal None satisfies Checker presence.","None.","Group needs >=1 populated field; >10 populated parser fields produces review. Duplicate labels/values count independently for review, but adapter groups identical labels within a node.","Checker does not generally flag duplicate labels. Adapter compares trimmed raw candidates in this scope: different strings, including blank versus supplied, block as conflict. Identical duplicates may be ready. Duplicate singleton sections or repeated record roots block as ambiguous. No candidate is selected for a conflict. Medical roots do not receive the duplicate-root ambiguity check used by fixed record categories.","More Than 10 Conditions if count >10.","No inferred diagnosis; record keys follow source order.","Checker Reviewed hides the issue without changing the answer. A still-present error remains blocking in the profile even if reviewed. An acknowledged warning stops blocking unless another reason remains. General review flags never establish an answer.","Included if present (even blank) or emitted by validator requirements. Missing, unsupported type/meaning, raw conflict, ambiguous scope, any unparsed source text, any applicable error, or unacknowledged validation warning blocks. Otherwise ready automatically; no employee confirmation is invented. Absent optional fields are omitted. Missing entire group remains profile.requirements; no hypothetical medical field is created.","At least one medical problem is required. | More Than 10 Conditions","intake-checker/rules.js:60; intake-checker/parser.js:44; intake-checker/validation.js:152; intake-checker/review.js:33; ssa-intake-assistant/src/model/from-intake-checker.js:113","tests/intake-validation.test.js:76 (word labels one/two/three); tests/intake-review.test.js:26 (numeric 1–11/20/21); ssa-intake-assistant/src/model/from-intake-checker.test.js:16 (one numeric problem). No exhaustive 20-word, arbitrary-number or medical duplicate-root test (M01, M09).","High: direct code inspection.","D14: count is populated source fields, not distinct conditions; word/numeric aliases and duplicate roots are not reconciled.","Confirm whether word/number aliases, repeated labels and multiple medical roots represent separate conditions.","","Existing behavior audited; no changes made."
"medical-problems","medical-problems.problem (instance: medical-problems.problem@problem-N)","Problem thirteen","MEDICAL PROBLEMS and descendants: exact Problem thirteen. Word and numeric spellings are separate labels, not merged aliases.","text or null","Repeating (20 explicit word labels plus unbounded positive-integer label family)","Yes: regex, case-sensitive. Numeric zero and leading-zero numbers do not match plain labels.","Raw textarea; group missing error or More Than 10 Conditions review. No separate parsed list.","Yes, one instance for each distinct matching label per node; encounter-order record key. Duplicate same-label candidates remain together.","Conditional","At least one nonmissing matching problem anywhere under MEDICAL PROBLEMS is required for every validated intake. No individual number is required.","This label may be absent/blank when another matching problem is nonmissing.","Blank does not satisfy at-least-one or >10 count. Present blank transfers missing/blocked.","Trim outer whitespace; preserve internal text and multiline values. Empty/whitespace or exact Not provided / *Not provided* (case-insensitive) becomes null. Exact label matching is case-sensitive. Adapter additionally treats N/A, NA, none provided, unknown, standalone not/provided, dashes/question marks, null/undefined/NaN, not applicable/not available, TBD, and Select/Choose prompts as missing. Literal No, false, 0 and None are not globally missing.","No medical content or diagnosis validation. Literal None satisfies Checker presence.","None.","Group needs >=1 populated field; >10 populated parser fields produces review. Duplicate labels/values count independently for review, but adapter groups identical labels within a node.","Checker does not generally flag duplicate labels. Adapter compares trimmed raw candidates in this scope: different strings, including blank versus supplied, block as conflict. Identical duplicates may be ready. Duplicate singleton sections or repeated record roots block as ambiguous. No candidate is selected for a conflict. Medical roots do not receive the duplicate-root ambiguity check used by fixed record categories.","More Than 10 Conditions if count >10.","No inferred diagnosis; record keys follow source order.","Checker Reviewed hides the issue without changing the answer. A still-present error remains blocking in the profile even if reviewed. An acknowledged warning stops blocking unless another reason remains. General review flags never establish an answer.","Included if present (even blank) or emitted by validator requirements. Missing, unsupported type/meaning, raw conflict, ambiguous scope, any unparsed source text, any applicable error, or unacknowledged validation warning blocks. Otherwise ready automatically; no employee confirmation is invented. Absent optional fields are omitted. Missing entire group remains profile.requirements; no hypothetical medical field is created.","At least one medical problem is required. | More Than 10 Conditions","intake-checker/rules.js:60; intake-checker/parser.js:44; intake-checker/validation.js:152; intake-checker/review.js:33; ssa-intake-assistant/src/model/from-intake-checker.js:113","tests/intake-validation.test.js:76 (word labels one/two/three); tests/intake-review.test.js:26 (numeric 1–11/20/21); ssa-intake-assistant/src/model/from-intake-checker.test.js:16 (one numeric problem). No exhaustive 20-word, arbitrary-number or medical duplicate-root test (M01, M09).","High: direct code inspection.","D14: count is populated source fields, not distinct conditions; word/numeric aliases and duplicate roots are not reconciled.","Confirm whether word/number aliases, repeated labels and multiple medical roots represent separate conditions.","","Existing behavior audited; no changes made."
"medical-problems","medical-problems.problem (instance: medical-problems.problem@problem-N)","Problem fourteen","MEDICAL PROBLEMS and descendants: exact Problem fourteen. Word and numeric spellings are separate labels, not merged aliases.","text or null","Repeating (20 explicit word labels plus unbounded positive-integer label family)","Yes: regex, case-sensitive. Numeric zero and leading-zero numbers do not match plain labels.","Raw textarea; group missing error or More Than 10 Conditions review. No separate parsed list.","Yes, one instance for each distinct matching label per node; encounter-order record key. Duplicate same-label candidates remain together.","Conditional","At least one nonmissing matching problem anywhere under MEDICAL PROBLEMS is required for every validated intake. No individual number is required.","This label may be absent/blank when another matching problem is nonmissing.","Blank does not satisfy at-least-one or >10 count. Present blank transfers missing/blocked.","Trim outer whitespace; preserve internal text and multiline values. Empty/whitespace or exact Not provided / *Not provided* (case-insensitive) becomes null. Exact label matching is case-sensitive. Adapter additionally treats N/A, NA, none provided, unknown, standalone not/provided, dashes/question marks, null/undefined/NaN, not applicable/not available, TBD, and Select/Choose prompts as missing. Literal No, false, 0 and None are not globally missing.","No medical content or diagnosis validation. Literal None satisfies Checker presence.","None.","Group needs >=1 populated field; >10 populated parser fields produces review. Duplicate labels/values count independently for review, but adapter groups identical labels within a node.","Checker does not generally flag duplicate labels. Adapter compares trimmed raw candidates in this scope: different strings, including blank versus supplied, block as conflict. Identical duplicates may be ready. Duplicate singleton sections or repeated record roots block as ambiguous. No candidate is selected for a conflict. Medical roots do not receive the duplicate-root ambiguity check used by fixed record categories.","More Than 10 Conditions if count >10.","No inferred diagnosis; record keys follow source order.","Checker Reviewed hides the issue without changing the answer. A still-present error remains blocking in the profile even if reviewed. An acknowledged warning stops blocking unless another reason remains. General review flags never establish an answer.","Included if present (even blank) or emitted by validator requirements. Missing, unsupported type/meaning, raw conflict, ambiguous scope, any unparsed source text, any applicable error, or unacknowledged validation warning blocks. Otherwise ready automatically; no employee confirmation is invented. Absent optional fields are omitted. Missing entire group remains profile.requirements; no hypothetical medical field is created.","At least one medical problem is required. | More Than 10 Conditions","intake-checker/rules.js:60; intake-checker/parser.js:44; intake-checker/validation.js:152; intake-checker/review.js:33; ssa-intake-assistant/src/model/from-intake-checker.js:113","tests/intake-validation.test.js:76 (word labels one/two/three); tests/intake-review.test.js:26 (numeric 1–11/20/21); ssa-intake-assistant/src/model/from-intake-checker.test.js:16 (one numeric problem). No exhaustive 20-word, arbitrary-number or medical duplicate-root test (M01, M09).","High: direct code inspection.","D14: count is populated source fields, not distinct conditions; word/numeric aliases and duplicate roots are not reconciled.","Confirm whether word/number aliases, repeated labels and multiple medical roots represent separate conditions.","","Existing behavior audited; no changes made."
"medical-problems","medical-problems.problem (instance: medical-problems.problem@problem-N)","Problem fifteen","MEDICAL PROBLEMS and descendants: exact Problem fifteen. Word and numeric spellings are separate labels, not merged aliases.","text or null","Repeating (20 explicit word labels plus unbounded positive-integer label family)","Yes: regex, case-sensitive. Numeric zero and leading-zero numbers do not match plain labels.","Raw textarea; group missing error or More Than 10 Conditions review. No separate parsed list.","Yes, one instance for each distinct matching label per node; encounter-order record key. Duplicate same-label candidates remain together.","Conditional","At least one nonmissing matching problem anywhere under MEDICAL PROBLEMS is required for every validated intake. No individual number is required.","This label may be absent/blank when another matching problem is nonmissing.","Blank does not satisfy at-least-one or >10 count. Present blank transfers missing/blocked.","Trim outer whitespace; preserve internal text and multiline values. Empty/whitespace or exact Not provided / *Not provided* (case-insensitive) becomes null. Exact label matching is case-sensitive. Adapter additionally treats N/A, NA, none provided, unknown, standalone not/provided, dashes/question marks, null/undefined/NaN, not applicable/not available, TBD, and Select/Choose prompts as missing. Literal No, false, 0 and None are not globally missing.","No medical content or diagnosis validation. Literal None satisfies Checker presence.","None.","Group needs >=1 populated field; >10 populated parser fields produces review. Duplicate labels/values count independently for review, but adapter groups identical labels within a node.","Checker does not generally flag duplicate labels. Adapter compares trimmed raw candidates in this scope: different strings, including blank versus supplied, block as conflict. Identical duplicates may be ready. Duplicate singleton sections or repeated record roots block as ambiguous. No candidate is selected for a conflict. Medical roots do not receive the duplicate-root ambiguity check used by fixed record categories.","More Than 10 Conditions if count >10.","No inferred diagnosis; record keys follow source order.","Checker Reviewed hides the issue without changing the answer. A still-present error remains blocking in the profile even if reviewed. An acknowledged warning stops blocking unless another reason remains. General review flags never establish an answer.","Included if present (even blank) or emitted by validator requirements. Missing, unsupported type/meaning, raw conflict, ambiguous scope, any unparsed source text, any applicable error, or unacknowledged validation warning blocks. Otherwise ready automatically; no employee confirmation is invented. Absent optional fields are omitted. Missing entire group remains profile.requirements; no hypothetical medical field is created.","At least one medical problem is required. | More Than 10 Conditions","intake-checker/rules.js:60; intake-checker/parser.js:44; intake-checker/validation.js:152; intake-checker/review.js:33; ssa-intake-assistant/src/model/from-intake-checker.js:113","tests/intake-validation.test.js:76 (word labels one/two/three); tests/intake-review.test.js:26 (numeric 1–11/20/21); ssa-intake-assistant/src/model/from-intake-checker.test.js:16 (one numeric problem). No exhaustive 20-word, arbitrary-number or medical duplicate-root test (M01, M09).","High: direct code inspection.","D14: count is populated source fields, not distinct conditions; word/numeric aliases and duplicate roots are not reconciled.","Confirm whether word/number aliases, repeated labels and multiple medical roots represent separate conditions.","","Existing behavior audited; no changes made."
"medical-problems","medical-problems.problem (instance: medical-problems.problem@problem-N)","Problem sixteen","MEDICAL PROBLEMS and descendants: exact Problem sixteen. Word and numeric spellings are separate labels, not merged aliases.","text or null","Repeating (20 explicit word labels plus unbounded positive-integer label family)","Yes: regex, case-sensitive. Numeric zero and leading-zero numbers do not match plain labels.","Raw textarea; group missing error or More Than 10 Conditions review. No separate parsed list.","Yes, one instance for each distinct matching label per node; encounter-order record key. Duplicate same-label candidates remain together.","Conditional","At least one nonmissing matching problem anywhere under MEDICAL PROBLEMS is required for every validated intake. No individual number is required.","This label may be absent/blank when another matching problem is nonmissing.","Blank does not satisfy at-least-one or >10 count. Present blank transfers missing/blocked.","Trim outer whitespace; preserve internal text and multiline values. Empty/whitespace or exact Not provided / *Not provided* (case-insensitive) becomes null. Exact label matching is case-sensitive. Adapter additionally treats N/A, NA, none provided, unknown, standalone not/provided, dashes/question marks, null/undefined/NaN, not applicable/not available, TBD, and Select/Choose prompts as missing. Literal No, false, 0 and None are not globally missing.","No medical content or diagnosis validation. Literal None satisfies Checker presence.","None.","Group needs >=1 populated field; >10 populated parser fields produces review. Duplicate labels/values count independently for review, but adapter groups identical labels within a node.","Checker does not generally flag duplicate labels. Adapter compares trimmed raw candidates in this scope: different strings, including blank versus supplied, block as conflict. Identical duplicates may be ready. Duplicate singleton sections or repeated record roots block as ambiguous. No candidate is selected for a conflict. Medical roots do not receive the duplicate-root ambiguity check used by fixed record categories.","More Than 10 Conditions if count >10.","No inferred diagnosis; record keys follow source order.","Checker Reviewed hides the issue without changing the answer. A still-present error remains blocking in the profile even if reviewed. An acknowledged warning stops blocking unless another reason remains. General review flags never establish an answer.","Included if present (even blank) or emitted by validator requirements. Missing, unsupported type/meaning, raw conflict, ambiguous scope, any unparsed source text, any applicable error, or unacknowledged validation warning blocks. Otherwise ready automatically; no employee confirmation is invented. Absent optional fields are omitted. Missing entire group remains profile.requirements; no hypothetical medical field is created.","At least one medical problem is required. | More Than 10 Conditions","intake-checker/rules.js:60; intake-checker/parser.js:44; intake-checker/validation.js:152; intake-checker/review.js:33; ssa-intake-assistant/src/model/from-intake-checker.js:113","tests/intake-validation.test.js:76 (word labels one/two/three); tests/intake-review.test.js:26 (numeric 1–11/20/21); ssa-intake-assistant/src/model/from-intake-checker.test.js:16 (one numeric problem). No exhaustive 20-word, arbitrary-number or medical duplicate-root test (M01, M09).","High: direct code inspection.","D14: count is populated source fields, not distinct conditions; word/numeric aliases and duplicate roots are not reconciled.","Confirm whether word/number aliases, repeated labels and multiple medical roots represent separate conditions.","","Existing behavior audited; no changes made."
"medical-problems","medical-problems.problem (instance: medical-problems.problem@problem-N)","Problem seventeen","MEDICAL PROBLEMS and descendants: exact Problem seventeen. Word and numeric spellings are separate labels, not merged aliases.","text or null","Repeating (20 explicit word labels plus unbounded positive-integer label family)","Yes: regex, case-sensitive. Numeric zero and leading-zero numbers do not match plain labels.","Raw textarea; group missing error or More Than 10 Conditions review. No separate parsed list.","Yes, one instance for each distinct matching label per node; encounter-order record key. Duplicate same-label candidates remain together.","Conditional","At least one nonmissing matching problem anywhere under MEDICAL PROBLEMS is required for every validated intake. No individual number is required.","This label may be absent/blank when another matching problem is nonmissing.","Blank does not satisfy at-least-one or >10 count. Present blank transfers missing/blocked.","Trim outer whitespace; preserve internal text and multiline values. Empty/whitespace or exact Not provided / *Not provided* (case-insensitive) becomes null. Exact label matching is case-sensitive. Adapter additionally treats N/A, NA, none provided, unknown, standalone not/provided, dashes/question marks, null/undefined/NaN, not applicable/not available, TBD, and Select/Choose prompts as missing. Literal No, false, 0 and None are not globally missing.","No medical content or diagnosis validation. Literal None satisfies Checker presence.","None.","Group needs >=1 populated field; >10 populated parser fields produces review. Duplicate labels/values count independently for review, but adapter groups identical labels within a node.","Checker does not generally flag duplicate labels. Adapter compares trimmed raw candidates in this scope: different strings, including blank versus supplied, block as conflict. Identical duplicates may be ready. Duplicate singleton sections or repeated record roots block as ambiguous. No candidate is selected for a conflict. Medical roots do not receive the duplicate-root ambiguity check used by fixed record categories.","More Than 10 Conditions if count >10.","No inferred diagnosis; record keys follow source order.","Checker Reviewed hides the issue without changing the answer. A still-present error remains blocking in the profile even if reviewed. An acknowledged warning stops blocking unless another reason remains. General review flags never establish an answer.","Included if present (even blank) or emitted by validator requirements. Missing, unsupported type/meaning, raw conflict, ambiguous scope, any unparsed source text, any applicable error, or unacknowledged validation warning blocks. Otherwise ready automatically; no employee confirmation is invented. Absent optional fields are omitted. Missing entire group remains profile.requirements; no hypothetical medical field is created.","At least one medical problem is required. | More Than 10 Conditions","intake-checker/rules.js:60; intake-checker/parser.js:44; intake-checker/validation.js:152; intake-checker/review.js:33; ssa-intake-assistant/src/model/from-intake-checker.js:113","tests/intake-validation.test.js:76 (word labels one/two/three); tests/intake-review.test.js:26 (numeric 1–11/20/21); ssa-intake-assistant/src/model/from-intake-checker.test.js:16 (one numeric problem). No exhaustive 20-word, arbitrary-number or medical duplicate-root test (M01, M09).","High: direct code inspection.","D14: count is populated source fields, not distinct conditions; word/numeric aliases and duplicate roots are not reconciled.","Confirm whether word/number aliases, repeated labels and multiple medical roots represent separate conditions.","","Existing behavior audited; no changes made."
"medical-problems","medical-problems.problem (instance: medical-problems.problem@problem-N)","Problem eighteen","MEDICAL PROBLEMS and descendants: exact Problem eighteen. Word and numeric spellings are separate labels, not merged aliases.","text or null","Repeating (20 explicit word labels plus unbounded positive-integer label family)","Yes: regex, case-sensitive. Numeric zero and leading-zero numbers do not match plain labels.","Raw textarea; group missing error or More Than 10 Conditions review. No separate parsed list.","Yes, one instance for each distinct matching label per node; encounter-order record key. Duplicate same-label candidates remain together.","Conditional","At least one nonmissing matching problem anywhere under MEDICAL PROBLEMS is required for every validated intake. No individual number is required.","This label may be absent/blank when another matching problem is nonmissing.","Blank does not satisfy at-least-one or >10 count. Present blank transfers missing/blocked.","Trim outer whitespace; preserve internal text and multiline values. Empty/whitespace or exact Not provided / *Not provided* (case-insensitive) becomes null. Exact label matching is case-sensitive. Adapter additionally treats N/A, NA, none provided, unknown, standalone not/provided, dashes/question marks, null/undefined/NaN, not applicable/not available, TBD, and Select/Choose prompts as missing. Literal No, false, 0 and None are not globally missing.","No medical content or diagnosis validation. Literal None satisfies Checker presence.","None.","Group needs >=1 populated field; >10 populated parser fields produces review. Duplicate labels/values count independently for review, but adapter groups identical labels within a node.","Checker does not generally flag duplicate labels. Adapter compares trimmed raw candidates in this scope: different strings, including blank versus supplied, block as conflict. Identical duplicates may be ready. Duplicate singleton sections or repeated record roots block as ambiguous. No candidate is selected for a conflict. Medical roots do not receive the duplicate-root ambiguity check used by fixed record categories.","More Than 10 Conditions if count >10.","No inferred diagnosis; record keys follow source order.","Checker Reviewed hides the issue without changing the answer. A still-present error remains blocking in the profile even if reviewed. An acknowledged warning stops blocking unless another reason remains. General review flags never establish an answer.","Included if present (even blank) or emitted by validator requirements. Missing, unsupported type/meaning, raw conflict, ambiguous scope, any unparsed source text, any applicable error, or unacknowledged validation warning blocks. Otherwise ready automatically; no employee confirmation is invented. Absent optional fields are omitted. Missing entire group remains profile.requirements; no hypothetical medical field is created.","At least one medical problem is required. | More Than 10 Conditions","intake-checker/rules.js:60; intake-checker/parser.js:44; intake-checker/validation.js:152; intake-checker/review.js:33; ssa-intake-assistant/src/model/from-intake-checker.js:113","tests/intake-validation.test.js:76 (word labels one/two/three); tests/intake-review.test.js:26 (numeric 1–11/20/21); ssa-intake-assistant/src/model/from-intake-checker.test.js:16 (one numeric problem). No exhaustive 20-word, arbitrary-number or medical duplicate-root test (M01, M09).","High: direct code inspection.","D14: count is populated source fields, not distinct conditions; word/numeric aliases and duplicate roots are not reconciled.","Confirm whether word/number aliases, repeated labels and multiple medical roots represent separate conditions.","","Existing behavior audited; no changes made."
"medical-problems","medical-problems.problem (instance: medical-problems.problem@problem-N)","Problem nineteen","MEDICAL PROBLEMS and descendants: exact Problem nineteen. Word and numeric spellings are separate labels, not merged aliases.","text or null","Repeating (20 explicit word labels plus unbounded positive-integer label family)","Yes: regex, case-sensitive. Numeric zero and leading-zero numbers do not match plain labels.","Raw textarea; group missing error or More Than 10 Conditions review. No separate parsed list.","Yes, one instance for each distinct matching label per node; encounter-order record key. Duplicate same-label candidates remain together.","Conditional","At least one nonmissing matching problem anywhere under MEDICAL PROBLEMS is required for every validated intake. No individual number is required.","This label may be absent/blank when another matching problem is nonmissing.","Blank does not satisfy at-least-one or >10 count. Present blank transfers missing/blocked.","Trim outer whitespace; preserve internal text and multiline values. Empty/whitespace or exact Not provided / *Not provided* (case-insensitive) becomes null. Exact label matching is case-sensitive. Adapter additionally treats N/A, NA, none provided, unknown, standalone not/provided, dashes/question marks, null/undefined/NaN, not applicable/not available, TBD, and Select/Choose prompts as missing. Literal No, false, 0 and None are not globally missing.","No medical content or diagnosis validation. Literal None satisfies Checker presence.","None.","Group needs >=1 populated field; >10 populated parser fields produces review. Duplicate labels/values count independently for review, but adapter groups identical labels within a node.","Checker does not generally flag duplicate labels. Adapter compares trimmed raw candidates in this scope: different strings, including blank versus supplied, block as conflict. Identical duplicates may be ready. Duplicate singleton sections or repeated record roots block as ambiguous. No candidate is selected for a conflict. Medical roots do not receive the duplicate-root ambiguity check used by fixed record categories.","More Than 10 Conditions if count >10.","No inferred diagnosis; record keys follow source order.","Checker Reviewed hides the issue without changing the answer. A still-present error remains blocking in the profile even if reviewed. An acknowledged warning stops blocking unless another reason remains. General review flags never establish an answer.","Included if present (even blank) or emitted by validator requirements. Missing, unsupported type/meaning, raw conflict, ambiguous scope, any unparsed source text, any applicable error, or unacknowledged validation warning blocks. Otherwise ready automatically; no employee confirmation is invented. Absent optional fields are omitted. Missing entire group remains profile.requirements; no hypothetical medical field is created.","At least one medical problem is required. | More Than 10 Conditions","intake-checker/rules.js:60; intake-checker/parser.js:44; intake-checker/validation.js:152; intake-checker/review.js:33; ssa-intake-assistant/src/model/from-intake-checker.js:113","tests/intake-validation.test.js:76 (word labels one/two/three); tests/intake-review.test.js:26 (numeric 1–11/20/21); ssa-intake-assistant/src/model/from-intake-checker.test.js:16 (one numeric problem). No exhaustive 20-word, arbitrary-number or medical duplicate-root test (M01, M09).","High: direct code inspection.","D14: count is populated source fields, not distinct conditions; word/numeric aliases and duplicate roots are not reconciled.","Confirm whether word/number aliases, repeated labels and multiple medical roots represent separate conditions.","","Existing behavior audited; no changes made."
"medical-problems","medical-problems.problem (instance: medical-problems.problem@problem-N)","Problem twenty","MEDICAL PROBLEMS and descendants: exact Problem twenty. Word and numeric spellings are separate labels, not merged aliases.","text or null","Repeating (20 explicit word labels plus unbounded positive-integer label family)","Yes: regex, case-sensitive. Numeric zero and leading-zero numbers do not match plain labels.","Raw textarea; group missing error or More Than 10 Conditions review. No separate parsed list.","Yes, one instance for each distinct matching label per node; encounter-order record key. Duplicate same-label candidates remain together.","Conditional","At least one nonmissing matching problem anywhere under MEDICAL PROBLEMS is required for every validated intake. No individual number is required.","This label may be absent/blank when another matching problem is nonmissing.","Blank does not satisfy at-least-one or >10 count. Present blank transfers missing/blocked.","Trim outer whitespace; preserve internal text and multiline values. Empty/whitespace or exact Not provided / *Not provided* (case-insensitive) becomes null. Exact label matching is case-sensitive. Adapter additionally treats N/A, NA, none provided, unknown, standalone not/provided, dashes/question marks, null/undefined/NaN, not applicable/not available, TBD, and Select/Choose prompts as missing. Literal No, false, 0 and None are not globally missing.","No medical content or diagnosis validation. Literal None satisfies Checker presence.","None.","Group needs >=1 populated field; >10 populated parser fields produces review. Duplicate labels/values count independently for review, but adapter groups identical labels within a node.","Checker does not generally flag duplicate labels. Adapter compares trimmed raw candidates in this scope: different strings, including blank versus supplied, block as conflict. Identical duplicates may be ready. Duplicate singleton sections or repeated record roots block as ambiguous. No candidate is selected for a conflict. Medical roots do not receive the duplicate-root ambiguity check used by fixed record categories.","More Than 10 Conditions if count >10.","No inferred diagnosis; record keys follow source order.","Checker Reviewed hides the issue without changing the answer. A still-present error remains blocking in the profile even if reviewed. An acknowledged warning stops blocking unless another reason remains. General review flags never establish an answer.","Included if present (even blank) or emitted by validator requirements. Missing, unsupported type/meaning, raw conflict, ambiguous scope, any unparsed source text, any applicable error, or unacknowledged validation warning blocks. Otherwise ready automatically; no employee confirmation is invented. Absent optional fields are omitted. Missing entire group remains profile.requirements; no hypothetical medical field is created.","At least one medical problem is required. | More Than 10 Conditions","intake-checker/rules.js:60; intake-checker/parser.js:44; intake-checker/validation.js:152; intake-checker/review.js:33; ssa-intake-assistant/src/model/from-intake-checker.js:113","tests/intake-validation.test.js:76 (word labels one/two/three); tests/intake-review.test.js:26 (numeric 1–11/20/21); ssa-intake-assistant/src/model/from-intake-checker.test.js:16 (one numeric problem). No exhaustive 20-word, arbitrary-number or medical duplicate-root test (M01, M09).","High: direct code inspection.","D14: count is populated source fields, not distinct conditions; word/numeric aliases and duplicate roots are not reconciled.","Confirm whether word/number aliases, repeated labels and multiple medical roots represent separate conditions.","","Existing behavior audited; no changes made."
"medical-problems","medical-problems.problem (instance: medical-problems.problem@problem-N)","Problem [1-9][0-9]*","MEDICAL PROBLEMS and descendants: exact Problem [1-9][0-9]*. Word and numeric spellings are separate labels, not merged aliases.","text or null","Repeating (20 explicit word labels plus unbounded positive-integer label family)","Yes: regex, case-sensitive. Numeric zero and leading-zero numbers do not match plain labels.","Raw textarea; group missing error or More Than 10 Conditions review. No separate parsed list.","Yes, one instance for each distinct matching label per node; encounter-order record key. Duplicate same-label candidates remain together.","Conditional","At least one nonmissing matching problem anywhere under MEDICAL PROBLEMS is required for every validated intake. No individual number is required.","This label may be absent/blank when another matching problem is nonmissing.","Blank does not satisfy at-least-one or >10 count. Present blank transfers missing/blocked.","Trim outer whitespace; preserve internal text and multiline values. Empty/whitespace or exact Not provided / *Not provided* (case-insensitive) becomes null. Exact label matching is case-sensitive. Adapter additionally treats N/A, NA, none provided, unknown, standalone not/provided, dashes/question marks, null/undefined/NaN, not applicable/not available, TBD, and Select/Choose prompts as missing. Literal No, false, 0 and None are not globally missing.","No medical content or diagnosis validation. Literal None satisfies Checker presence.","None.","Group needs >=1 populated field; >10 populated parser fields produces review. Duplicate labels/values count independently for review, but adapter groups identical labels within a node.","Checker does not generally flag duplicate labels. Adapter compares trimmed raw candidates in this scope: different strings, including blank versus supplied, block as conflict. Identical duplicates may be ready. Duplicate singleton sections or repeated record roots block as ambiguous. No candidate is selected for a conflict. Medical roots do not receive the duplicate-root ambiguity check used by fixed record categories.","More Than 10 Conditions if count >10.","No inferred diagnosis; record keys follow source order.","Checker Reviewed hides the issue without changing the answer. A still-present error remains blocking in the profile even if reviewed. An acknowledged warning stops blocking unless another reason remains. General review flags never establish an answer.","Included if present (even blank) or emitted by validator requirements. Missing, unsupported type/meaning, raw conflict, ambiguous scope, any unparsed source text, any applicable error, or unacknowledged validation warning blocks. Otherwise ready automatically; no employee confirmation is invented. Absent optional fields are omitted. Missing entire group remains profile.requirements; no hypothetical medical field is created.","At least one medical problem is required. | More Than 10 Conditions","intake-checker/rules.js:60; intake-checker/parser.js:44; intake-checker/validation.js:152; intake-checker/review.js:33; ssa-intake-assistant/src/model/from-intake-checker.js:113","tests/intake-validation.test.js:76 (word labels one/two/three); tests/intake-review.test.js:26 (numeric 1–11/20/21); ssa-intake-assistant/src/model/from-intake-checker.test.js:16 (one numeric problem). No exhaustive 20-word, arbitrary-number or medical duplicate-root test (M01, M09).","High: direct code inspection.","D14: count is populated source fields, not distinct conditions; word/numeric aliases and duplicate roots are not reconciled.","Confirm whether word/number aliases, repeated labels and multiple medical roots represent separate conditions.","","Existing behavior audited; no changes made."
"unsupported-inputs","No fixed ID; unsupported.<node-path>.<first-field-index>","Date work stopped","EMPLOYMENT INFORMATION","text or null","Open-ended repeating fallback; examples are not extra contract definitions","Yes when bold; an unknown plain label is unparsed or appended to the preceding value.","Raw text; any applicable structure warning. No dedicated answer display.","Yes as unsupported, always blocked. Matching duplicate labels at one node share candidates.","Optional","No specific missing-field rule for this unsupported meaning.","Always; unknown record structure may separately warn.","No required error for the label itself; included blank becomes missing and ambiguous.","Trim outer whitespace; preserve internal text and multiline values. Empty/whitespace or exact Not provided / *Not provided* (case-insensitive) becomes null. Exact label matching is case-sensitive. Adapter additionally treats N/A, NA, none provided, unknown, standalone not/provided, dashes/question marks, null/undefined/NaN, not applicable/not available, TBD, and Select/Choose prompts as missing. Literal No, false, 0 and None are not globally missing.","No supported field-specific format rule.","None; fallback is text, even when label says Date.","No direct definition; never derived from disability onset, last worked or job End Date.","Checker does not generally flag duplicate labels. Adapter compares trimmed raw candidates in this scope: different strings, including blank versus supplied, block as conflict. Identical duplicates may be ready. Duplicate singleton sections or repeated record roots block as ambiguous. No candidate is selected for a conflict.","Only independent recognized-context rules; no new meaning inferred.","Opaque position-based ID, no value default.","Checker Reviewed hides the issue without changing the answer. A still-present error remains blocking in the profile even if reviewed. An acknowledged warning stops blocking unless another reason remains. General review flags never establish an answer.","Always ambiguous/blocked; no inline correction target. Change source or approve a future explicit mapping.","Intake Checker retains this field but has no established mapping for this label and source context.","intake-checker/parser.js:43; intake-checker/parser.js:77; ssa-intake-assistant/src/model/from-intake-checker.js:119; intake-checker/rules.js:62","ssa-intake-assistant/src/model/from-intake-checker.test.js:155","High: direct code inspection.","No direct definition; never derived from disability onset, last worked or job End Date.","Approve exact label/context/type before any future mapping; do not infer equivalence.","","Existing behavior audited; no changes made."
"unsupported-inputs","No fixed ID; unsupported.<node-path>.<first-field-index>","Total Earnings","WAGES AND EARNINGS","text or null","Open-ended repeating fallback; examples are not extra contract definitions","Yes when bold; an unknown plain label is unparsed or appended to the preceding value.","Raw text; any applicable structure warning. No dedicated answer display.","Yes as unsupported, always blocked. Matching duplicate labels at one node share candidates.","Optional","No specific missing-field rule for this unsupported meaning.","Always; unknown record structure may separately warn.","No required error for the label itself; included blank becomes missing and ambiguous.","Trim outer whitespace; preserve internal text and multiline values. Empty/whitespace or exact Not provided / *Not provided* (case-insensitive) becomes null. Exact label matching is case-sensitive. Adapter additionally treats N/A, NA, none provided, unknown, standalone not/provided, dashes/question marks, null/undefined/NaN, not applicable/not available, TBD, and Select/Choose prompts as missing. Literal No, false, 0 and None are not globally missing.","No supported field-specific format rule.","None; fallback is text, even when label says Date.","Deferred: exact supported label/context not established; arbitrary bold text can still be retained.","Checker does not generally flag duplicate labels. Adapter compares trimmed raw candidates in this scope: different strings, including blank versus supplied, block as conflict. Identical duplicates may be ready. Duplicate singleton sections or repeated record roots block as ambiguous. No candidate is selected for a conflict.","Only independent recognized-context rules; no new meaning inferred.","Opaque position-based ID, no value default.","Checker Reviewed hides the issue without changing the answer. A still-present error remains blocking in the profile even if reviewed. An acknowledged warning stops blocking unless another reason remains. General review flags never establish an answer.","Always ambiguous/blocked; no inline correction target. Change source or approve a future explicit mapping.","Intake Checker retains this field but has no established mapping for this label and source context.","intake-checker/parser.js:43; intake-checker/parser.js:77; ssa-intake-assistant/src/model/from-intake-checker.js:119; intake-checker/rules.js:62","intake-checker/rules.js:64","High: direct code inspection.","Deferred: exact supported label/context not established; arbitrary bold text can still be retained.","Approve exact label/context/type before any future mapping; do not infer equivalence.","","Existing behavior audited; no changes made."
"unsupported-inputs","No fixed ID; unsupported.<node-path>.<first-field-index>","Food Stamps - Receive Food Stamps","FINANCIAL SUPPORT","text or null","Open-ended repeating fallback; examples are not extra contract definitions","Yes when bold; an unknown plain label is unparsed or appended to the preceding value.","Raw text; any applicable structure warning. No dedicated answer display.","Yes as unsupported, always blocked. Matching duplicate labels at one node share candidates.","Optional","No specific missing-field rule for this unsupported meaning.","Always; unknown record structure may separately warn.","No required error for the label itself; included blank becomes missing and ambiguous.","Trim outer whitespace; preserve internal text and multiline values. Empty/whitespace or exact Not provided / *Not provided* (case-insensitive) becomes null. Exact label matching is case-sensitive. Adapter additionally treats N/A, NA, none provided, unknown, standalone not/provided, dashes/question marks, null/undefined/NaN, not applicable/not available, TBD, and Select/Choose prompts as missing. Literal No, false, 0 and None are not globally missing.","No supported field-specific format rule.","None; fallback is text, even when label says Date.","Explicitly does not trigger Receiving income; no supported meaning.","Checker does not generally flag duplicate labels. Adapter compares trimmed raw candidates in this scope: different strings, including blank versus supplied, block as conflict. Identical duplicates may be ready. Duplicate singleton sections or repeated record roots block as ambiguous. No candidate is selected for a conflict.","Only independent recognized-context rules; no new meaning inferred.","Opaque position-based ID, no value default.","Checker Reviewed hides the issue without changing the answer. A still-present error remains blocking in the profile even if reviewed. An acknowledged warning stops blocking unless another reason remains. General review flags never establish an answer.","Always ambiguous/blocked; no inline correction target. Change source or approve a future explicit mapping.","Intake Checker retains this field but has no established mapping for this label and source context.","intake-checker/parser.js:43; intake-checker/parser.js:77; ssa-intake-assistant/src/model/from-intake-checker.js:119; intake-checker/rules.js:62","tests/intake-review.test.js:40","High: direct code inspection.","Explicitly does not trigger Receiving income; no supported meaning.","Approve exact label/context/type before any future mapping; do not infer equivalence.","","Existing behavior audited; no changes made."
"unsupported-inputs","No fixed ID; unsupported.<node-path>.<first-field-index>","Have any children","CHILDREN INFORMATION","text or null","Open-ended repeating fallback; examples are not extra contract definitions","Yes when bold; an unknown plain label is unparsed or appended to the preceding value.","Raw text; any applicable structure warning. No dedicated answer display.","Yes as unsupported, always blocked. Matching duplicate labels at one node share candidates.","Optional","No specific missing-field rule for this unsupported meaning.","Always; unknown record structure may separately warn.","No required error for the label itself; included blank becomes missing and ambiguous.","Trim outer whitespace; preserve internal text and multiline values. Empty/whitespace or exact Not provided / *Not provided* (case-insensitive) becomes null. Exact label matching is case-sensitive. Adapter additionally treats N/A, NA, none provided, unknown, standalone not/provided, dashes/question marks, null/undefined/NaN, not applicable/not available, TBD, and Select/Choose prompts as missing. Literal No, false, 0 and None are not globally missing.","No supported field-specific format rule.","None; fallback is text, even when label says Date.","No child-presence conditional rule.","Checker does not generally flag duplicate labels. Adapter compares trimmed raw candidates in this scope: different strings, including blank versus supplied, block as conflict. Identical duplicates may be ready. Duplicate singleton sections or repeated record roots block as ambiguous. No candidate is selected for a conflict.","Only independent recognized-context rules; no new meaning inferred.","Opaque position-based ID, no value default.","Checker Reviewed hides the issue without changing the answer. A still-present error remains blocking in the profile even if reviewed. An acknowledged warning stops blocking unless another reason remains. General review flags never establish an answer.","Always ambiguous/blocked; no inline correction target. Change source or approve a future explicit mapping.","Intake Checker retains this field but has no established mapping for this label and source context.","intake-checker/parser.js:43; intake-checker/parser.js:77; ssa-intake-assistant/src/model/from-intake-checker.js:119; intake-checker/rules.js:62","tests/intake-validation.test.js:203","High: direct code inspection.","No child-presence conditional rule.","Approve exact label/context/type before any future mapping; do not infer equivalence.","","Existing behavior audited; no changes made."
"unsupported-inputs","No fixed ID; unsupported.<node-path>.<first-field-index>","Age","CHILDREN INFORMATION / child record","text or null","Open-ended repeating fallback; examples are not extra contract definitions","Yes as plain or bold label.","Raw text; any applicable structure warning. No dedicated answer display.","Yes as unsupported, always blocked. Matching duplicate labels at one node share candidates.","Optional","No specific missing-field rule for this unsupported meaning.","Always; unknown record structure may separately warn.","No required error for the label itself; included blank becomes missing and ambiguous.","Trim outer whitespace; preserve internal text and multiline values. Empty/whitespace or exact Not provided / *Not provided* (case-insensitive) becomes null. Exact label matching is case-sensitive. Adapter additionally treats N/A, NA, none provided, unknown, standalone not/provided, dashes/question marks, null/undefined/NaN, not applicable/not available, TBD, and Select/Choose prompts as missing. Literal No, false, 0 and None are not globally missing.","No supported field-specific format rule.","None; fallback is text, even when label says Date.","Age is a known plain label via spouse definitions but has no child mapping or age validation.","Checker does not generally flag duplicate labels. Adapter compares trimmed raw candidates in this scope: different strings, including blank versus supplied, block as conflict. Identical duplicates may be ready. Duplicate singleton sections or repeated record roots block as ambiguous. No candidate is selected for a conflict.","Only independent recognized-context rules; no new meaning inferred.","Opaque position-based ID, no value default.","Checker Reviewed hides the issue without changing the answer. A still-present error remains blocking in the profile even if reviewed. An acknowledged warning stops blocking unless another reason remains. General review flags never establish an answer.","Always ambiguous/blocked; no inline correction target. Change source or approve a future explicit mapping.","Intake Checker retains this field but has no established mapping for this label and source context.","intake-checker/parser.js:43; intake-checker/parser.js:77; ssa-intake-assistant/src/model/from-intake-checker.js:119; intake-checker/rules.js:62","tests/intake-validation.test.js:203","High: direct code inspection.","Age is a known plain label via spouse definitions but has no child mapping or age validation.","Approve exact label/context/type before any future mapping; do not infer equivalence.","","Existing behavior audited; no changes made."
"unsupported-inputs","No fixed ID; unsupported.<node-path>.<first-field-index>","Business Name","WORK HISTORY / job record","text or null","Open-ended repeating fallback; examples are not extra contract definitions","Yes when bold; an unknown plain label is unparsed or appended to the preceding value.","Raw text; any applicable structure warning. No dedicated answer display.","Yes as unsupported, always blocked. Matching duplicate labels at one node share candidates.","Optional","No specific missing-field rule for this unsupported meaning.","Always; unknown record structure may separately warn.","No required error for the label itself; included blank becomes missing and ambiguous.","Trim outer whitespace; preserve internal text and multiline values. Empty/whitespace or exact Not provided / *Not provided* (case-insensitive) becomes null. Exact label matching is case-sensitive. Adapter additionally treats N/A, NA, none provided, unknown, standalone not/provided, dashes/question marks, null/undefined/NaN, not applicable/not available, TBD, and Select/Choose prompts as missing. Literal No, false, 0 and None are not globally missing.","No supported field-specific format rule.","None; fallback is text, even when label says Date.","Not an alias for Employer or Business Type; name-period rule does not apply.","Checker does not generally flag duplicate labels. Adapter compares trimmed raw candidates in this scope: different strings, including blank versus supplied, block as conflict. Identical duplicates may be ready. Duplicate singleton sections or repeated record roots block as ambiguous. No candidate is selected for a conflict.","Only independent recognized-context rules; no new meaning inferred.","Opaque position-based ID, no value default.","Checker Reviewed hides the issue without changing the answer. A still-present error remains blocking in the profile even if reviewed. An acknowledged warning stops blocking unless another reason remains. General review flags never establish an answer.","Always ambiguous/blocked; no inline correction target. Change source or approve a future explicit mapping.","Intake Checker retains this field but has no established mapping for this label and source context.","intake-checker/parser.js:43; intake-checker/parser.js:77; ssa-intake-assistant/src/model/from-intake-checker.js:119; intake-checker/rules.js:62","tests/intake-validation.test.js:189","High: direct code inspection.","Not an alias for Employer or Business Type; name-period rule does not apply.","Approve exact label/context/type before any future mapping; do not infer equivalence.","","Existing behavior audited; no changes made."
"unsupported-inputs","No fixed ID; unsupported.<node-path>.<first-field-index>","Any other bold label or supported label in an unsupported context","Any parsed section or subsection","text or null","Open-ended repeating fallback; examples are not extra contract definitions","Yes when bold; an unknown plain label is unparsed or appended to the preceding value.","Raw text; any applicable structure warning. No dedicated answer display.","Yes as unsupported, always blocked. Matching duplicate labels at one node share candidates.","Optional","No specific missing-field rule for this unsupported meaning.","Always; unknown record structure may separately warn.","No required error for the label itself; included blank becomes missing and ambiguous.","Trim outer whitespace; preserve internal text and multiline values. Empty/whitespace or exact Not provided / *Not provided* (case-insensitive) becomes null. Exact label matching is case-sensitive. Adapter additionally treats N/A, NA, none provided, unknown, standalone not/provided, dashes/question marks, null/undefined/NaN, not applicable/not available, TBD, and Select/Choose prompts as missing. Literal No, false, 0 and None are not globally missing.","No supported field-specific format rule.","None; fallback is text, even when label says Date.","Open-ended fallback covers every other parsed label, including arbitrary test placeholders. It cannot be enumerated as a finite field list.","Checker does not generally flag duplicate labels. Adapter compares trimmed raw candidates in this scope: different strings, including blank versus supplied, block as conflict. Identical duplicates may be ready. Duplicate singleton sections or repeated record roots block as ambiguous. No candidate is selected for a conflict.","Only independent recognized-context rules; no new meaning inferred.","Opaque position-based ID, no value default.","Checker Reviewed hides the issue without changing the answer. A still-present error remains blocking in the profile even if reviewed. An acknowledged warning stops blocking unless another reason remains. General review flags never establish an answer.","Always ambiguous/blocked; no inline correction target. Change source or approve a future explicit mapping.","Intake Checker retains this field but has no established mapping for this label and source context.","intake-checker/parser.js:43; intake-checker/parser.js:77; ssa-intake-assistant/src/model/from-intake-checker.js:119; intake-checker/rules.js:62","tests/intake-parser.test.js:69; ssa-intake-assistant/src/model/from-intake-checker.test.js:176","High: direct code inspection.","Open-ended fallback covers every other parsed label, including arbitrary test placeholders. It cannot be enumerated as a finite field list.","Approve exact label/context/type before any future mapping; do not infer equivalence.","","Existing behavior audited; no changes made."
"unmapped-marriage-details","No fixed prior-marriage ID; unsupported.<node-path>.<field-index>","First Name","MARRIAGE INFORMATION / an immediate subsection other than Current Spouse: First Name. Nested deeper details do not trigger the immediate-subsection Type rule.","text or null; unsupported profile field, even date/age labels","Repeating (unmapped prior/generic marriage context)","Yes: known exact plain label or bold label.","Raw textarea; Type of Marriage or person-name error if triggered.","Yes, blocked unsupported fallback; not the spouse definition for Current Spouse.","Optional","No current prior/generic-marriage missing-field requirement.","Always as a missing-field question; name-period rule can still apply.","Accepted by Checker; present blank remains missing in profile.","Trim outer whitespace; preserve internal text and multiline values. Empty/whitespace or exact Not provided / *Not provided* (case-insensitive) becomes null. Exact label matching is case-sensitive. Adapter additionally treats N/A, NA, none provided, unknown, standalone not/provided, dashes/question marks, null/undefined/NaN, not applicable/not available, TBD, and Select/Choose prompts as missing. Literal No, false, 0 and None are not globally missing.","Nonmissing person name containing a period errors.","No marriage-duration or calendar encoding on unsupported text.","Type of Marriage is checked on immediate detail-bearing subsection regardless of marital status. Prior-marriage duration and further requirements are deferred.","Checker does not generally flag duplicate labels. Adapter compares trimmed raw candidates in this scope: different strings, including blank versus supplied, block as conflict. Identical duplicates may be ready. Duplicate singleton sections or repeated record roots block as ambiguous. No candidate is selected for a conflict.","Unknown marriage identity stays unsupported; no failed-marriage inference.","No default.","Checker Reviewed hides the issue without changing the answer. A still-present error remains blocking in the profile even if reviewed. An acknowledged warning stops blocking unless another reason remains. General review flags never establish an answer.","Blocked as unsupported regardless of dismissal.","Periods are not allowed in person names.","intake-checker/rules.js:43; intake-checker/rules.js:62; intake-checker/validation.js:160; intake-checker/validation.js:174; ssa-intake-assistant/src/model/from-intake-checker.js:104; ssa-intake-assistant/src/model/from-intake-checker.js:119","tests/intake-validation.test.js:152 (First Name triggers Type error); ssa-intake-assistant/src/model/from-intake-checker.test.js:176 (generic unsupported retention). Other prior-detail labels not individually tested. See M18.","High: direct code inspection.","D09: label presence can count as details; prior/generic identity has no approved fixed mapping.","Provide exact prior-marriage source labels and conditions before activating deferred rules.","","Existing behavior audited; no changes made."
"unmapped-marriage-details","No fixed prior-marriage ID; unsupported.<node-path>.<field-index>","Last Name","MARRIAGE INFORMATION / an immediate subsection other than Current Spouse: Last Name. Nested deeper details do not trigger the immediate-subsection Type rule.","text or null; unsupported profile field, even date/age labels","Repeating (unmapped prior/generic marriage context)","Yes: known exact plain label or bold label.","Raw textarea; Type of Marriage or person-name error if triggered.","Yes, blocked unsupported fallback; not the spouse definition for Current Spouse.","Optional","No current prior/generic-marriage missing-field requirement.","Always as a missing-field question; name-period rule can still apply.","Accepted by Checker; present blank remains missing in profile.","Trim outer whitespace; preserve internal text and multiline values. Empty/whitespace or exact Not provided / *Not provided* (case-insensitive) becomes null. Exact label matching is case-sensitive. Adapter additionally treats N/A, NA, none provided, unknown, standalone not/provided, dashes/question marks, null/undefined/NaN, not applicable/not available, TBD, and Select/Choose prompts as missing. Literal No, false, 0 and None are not globally missing.","Nonmissing person name containing a period errors.","No marriage-duration or calendar encoding on unsupported text.","Type of Marriage is checked on immediate detail-bearing subsection regardless of marital status. Prior-marriage duration and further requirements are deferred.","Checker does not generally flag duplicate labels. Adapter compares trimmed raw candidates in this scope: different strings, including blank versus supplied, block as conflict. Identical duplicates may be ready. Duplicate singleton sections or repeated record roots block as ambiguous. No candidate is selected for a conflict.","Unknown marriage identity stays unsupported; no failed-marriage inference.","No default.","Checker Reviewed hides the issue without changing the answer. A still-present error remains blocking in the profile even if reviewed. An acknowledged warning stops blocking unless another reason remains. General review flags never establish an answer.","Blocked as unsupported regardless of dismissal.","Periods are not allowed in person names.","intake-checker/rules.js:43; intake-checker/rules.js:62; intake-checker/validation.js:160; intake-checker/validation.js:174; ssa-intake-assistant/src/model/from-intake-checker.js:104; ssa-intake-assistant/src/model/from-intake-checker.js:119","tests/intake-validation.test.js:152 (First Name triggers Type error); ssa-intake-assistant/src/model/from-intake-checker.test.js:176 (generic unsupported retention). Other prior-detail labels not individually tested. See M18.","High: direct code inspection.","D09: label presence can count as details; prior/generic identity has no approved fixed mapping.","Provide exact prior-marriage source labels and conditions before activating deferred rules.","","Existing behavior audited; no changes made."
"unmapped-marriage-details","No fixed prior-marriage ID; unsupported.<node-path>.<field-index>","Marriage Date","MARRIAGE INFORMATION / an immediate subsection other than Current Spouse: Marriage Date. Nested deeper details do not trigger the immediate-subsection Type rule.","text or null; unsupported profile field, even date/age labels","Repeating (unmapped prior/generic marriage context)","Yes: known exact plain label or bold label.","Raw textarea; Type of Marriage or person-name error if triggered.","Yes, blocked unsupported fallback; not the spouse definition for Current Spouse.","Optional","No current prior/generic-marriage missing-field requirement.","Always as a missing-field question; name-period rule can still apply.","Accepted by Checker; present blank remains missing in profile.","Trim outer whitespace; preserve internal text and multiline values. Empty/whitespace or exact Not provided / *Not provided* (case-insensitive) becomes null. Exact label matching is case-sensitive. Adapter additionally treats N/A, NA, none provided, unknown, standalone not/provided, dashes/question marks, null/undefined/NaN, not applicable/not available, TBD, and Select/Choose prompts as missing. Literal No, false, 0 and None are not globally missing.","No format/range rule.","No marriage-duration or calendar encoding on unsupported text.","Type of Marriage is checked on immediate detail-bearing subsection regardless of marital status. Prior-marriage duration and further requirements are deferred.","Checker does not generally flag duplicate labels. Adapter compares trimmed raw candidates in this scope: different strings, including blank versus supplied, block as conflict. Identical duplicates may be ready. Duplicate singleton sections or repeated record roots block as ambiguous. No candidate is selected for a conflict.","Unknown marriage identity stays unsupported; no failed-marriage inference.","No default.","Checker Reviewed hides the issue without changing the answer. A still-present error remains blocking in the profile even if reviewed. An acknowledged warning stops blocking unless another reason remains. General review flags never establish an answer.","Blocked as unsupported regardless of dismissal.","No field-specific Checker message.","intake-checker/rules.js:43; intake-checker/rules.js:62; intake-checker/validation.js:160; intake-checker/validation.js:174; ssa-intake-assistant/src/model/from-intake-checker.js:104; ssa-intake-assistant/src/model/from-intake-checker.js:119","tests/intake-validation.test.js:152 (First Name triggers Type error); ssa-intake-assistant/src/model/from-intake-checker.test.js:176 (generic unsupported retention). Other prior-detail labels not individually tested. See M18.","High: direct code inspection.","D09: label presence can count as details; prior/generic identity has no approved fixed mapping.","Provide exact prior-marriage source labels and conditions before activating deferred rules.","","Existing behavior audited; no changes made."
"unmapped-marriage-details","No fixed prior-marriage ID; unsupported.<node-path>.<field-index>","Birth Country","MARRIAGE INFORMATION / an immediate subsection other than Current Spouse: Birth Country. Nested deeper details do not trigger the immediate-subsection Type rule.","text or null; unsupported profile field, even date/age labels","Repeating (unmapped prior/generic marriage context)","Yes: known exact plain label or bold label.","Raw textarea; Type of Marriage or person-name error if triggered.","Yes, blocked unsupported fallback; not the spouse definition for Current Spouse.","Optional","No current prior/generic-marriage missing-field requirement.","Always as a missing-field question; name-period rule can still apply.","Accepted by Checker; present blank remains missing in profile.","Trim outer whitespace; preserve internal text and multiline values. Empty/whitespace or exact Not provided / *Not provided* (case-insensitive) becomes null. Exact label matching is case-sensitive. Adapter additionally treats N/A, NA, none provided, unknown, standalone not/provided, dashes/question marks, null/undefined/NaN, not applicable/not available, TBD, and Select/Choose prompts as missing. Literal No, false, 0 and None are not globally missing.","No format/range rule.","No marriage-duration or calendar encoding on unsupported text.","Type of Marriage is checked on immediate detail-bearing subsection regardless of marital status. Prior-marriage duration and further requirements are deferred.","Checker does not generally flag duplicate labels. Adapter compares trimmed raw candidates in this scope: different strings, including blank versus supplied, block as conflict. Identical duplicates may be ready. Duplicate singleton sections or repeated record roots block as ambiguous. No candidate is selected for a conflict.","Unknown marriage identity stays unsupported; no failed-marriage inference.","No default.","Checker Reviewed hides the issue without changing the answer. A still-present error remains blocking in the profile even if reviewed. An acknowledged warning stops blocking unless another reason remains. General review flags never establish an answer.","Blocked as unsupported regardless of dismissal.","No field-specific Checker message.","intake-checker/rules.js:43; intake-checker/rules.js:62; intake-checker/validation.js:160; intake-checker/validation.js:174; ssa-intake-assistant/src/model/from-intake-checker.js:104; ssa-intake-assistant/src/model/from-intake-checker.js:119","tests/intake-validation.test.js:152 (First Name triggers Type error); ssa-intake-assistant/src/model/from-intake-checker.test.js:176 (generic unsupported retention). Other prior-detail labels not individually tested. See M18.","High: direct code inspection.","D09: label presence can count as details; prior/generic identity has no approved fixed mapping.","Provide exact prior-marriage source labels and conditions before activating deferred rules.","","Existing behavior audited; no changes made."
"unmapped-marriage-details","No fixed prior-marriage ID; unsupported.<node-path>.<field-index>","Birth City","MARRIAGE INFORMATION / an immediate subsection other than Current Spouse: Birth City. Nested deeper details do not trigger the immediate-subsection Type rule.","text or null; unsupported profile field, even date/age labels","Repeating (unmapped prior/generic marriage context)","Yes: known exact plain label or bold label.","Raw textarea; Type of Marriage or person-name error if triggered.","Yes, blocked unsupported fallback; not the spouse definition for Current Spouse.","Optional","No current prior/generic-marriage missing-field requirement.","Always as a missing-field question; name-period rule can still apply.","Accepted by Checker; present blank remains missing in profile.","Trim outer whitespace; preserve internal text and multiline values. Empty/whitespace or exact Not provided / *Not provided* (case-insensitive) becomes null. Exact label matching is case-sensitive. Adapter additionally treats N/A, NA, none provided, unknown, standalone not/provided, dashes/question marks, null/undefined/NaN, not applicable/not available, TBD, and Select/Choose prompts as missing. Literal No, false, 0 and None are not globally missing.","No format/range rule.","No marriage-duration or calendar encoding on unsupported text.","Type of Marriage is checked on immediate detail-bearing subsection regardless of marital status. Prior-marriage duration and further requirements are deferred.","Checker does not generally flag duplicate labels. Adapter compares trimmed raw candidates in this scope: different strings, including blank versus supplied, block as conflict. Identical duplicates may be ready. Duplicate singleton sections or repeated record roots block as ambiguous. No candidate is selected for a conflict.","Unknown marriage identity stays unsupported; no failed-marriage inference.","No default.","Checker Reviewed hides the issue without changing the answer. A still-present error remains blocking in the profile even if reviewed. An acknowledged warning stops blocking unless another reason remains. General review flags never establish an answer.","Blocked as unsupported regardless of dismissal.","No field-specific Checker message.","intake-checker/rules.js:43; intake-checker/rules.js:62; intake-checker/validation.js:160; intake-checker/validation.js:174; ssa-intake-assistant/src/model/from-intake-checker.js:104; ssa-intake-assistant/src/model/from-intake-checker.js:119","tests/intake-validation.test.js:152 (First Name triggers Type error); ssa-intake-assistant/src/model/from-intake-checker.test.js:176 (generic unsupported retention). Other prior-detail labels not individually tested. See M18.","High: direct code inspection.","D09: label presence can count as details; prior/generic identity has no approved fixed mapping.","Provide exact prior-marriage source labels and conditions before activating deferred rules.","","Existing behavior audited; no changes made."
"unmapped-marriage-details","No fixed prior-marriage ID; unsupported.<node-path>.<field-index>","Birth State","MARRIAGE INFORMATION / an immediate subsection other than Current Spouse: Birth State. Nested deeper details do not trigger the immediate-subsection Type rule.","text or null; unsupported profile field, even date/age labels","Repeating (unmapped prior/generic marriage context)","Yes: known exact plain label or bold label.","Raw textarea; Type of Marriage or person-name error if triggered.","Yes, blocked unsupported fallback; not the spouse definition for Current Spouse.","Optional","No current prior/generic-marriage missing-field requirement.","Always as a missing-field question; name-period rule can still apply.","Accepted by Checker; present blank remains missing in profile.","Trim outer whitespace; preserve internal text and multiline values. Empty/whitespace or exact Not provided / *Not provided* (case-insensitive) becomes null. Exact label matching is case-sensitive. Adapter additionally treats N/A, NA, none provided, unknown, standalone not/provided, dashes/question marks, null/undefined/NaN, not applicable/not available, TBD, and Select/Choose prompts as missing. Literal No, false, 0 and None are not globally missing.","No format/range rule.","No marriage-duration or calendar encoding on unsupported text.","Type of Marriage is checked on immediate detail-bearing subsection regardless of marital status. Prior-marriage duration and further requirements are deferred.","Checker does not generally flag duplicate labels. Adapter compares trimmed raw candidates in this scope: different strings, including blank versus supplied, block as conflict. Identical duplicates may be ready. Duplicate singleton sections or repeated record roots block as ambiguous. No candidate is selected for a conflict.","Unknown marriage identity stays unsupported; no failed-marriage inference.","No default.","Checker Reviewed hides the issue without changing the answer. A still-present error remains blocking in the profile even if reviewed. An acknowledged warning stops blocking unless another reason remains. General review flags never establish an answer.","Blocked as unsupported regardless of dismissal.","No field-specific Checker message.","intake-checker/rules.js:43; intake-checker/rules.js:62; intake-checker/validation.js:160; intake-checker/validation.js:174; ssa-intake-assistant/src/model/from-intake-checker.js:104; ssa-intake-assistant/src/model/from-intake-checker.js:119","tests/intake-validation.test.js:152 (First Name triggers Type error); ssa-intake-assistant/src/model/from-intake-checker.test.js:176 (generic unsupported retention). Other prior-detail labels not individually tested. See M18.","High: direct code inspection.","D09: label presence can count as details; prior/generic identity has no approved fixed mapping.","Provide exact prior-marriage source labels and conditions before activating deferred rules.","","Existing behavior audited; no changes made."
"unmapped-marriage-details","No fixed prior-marriage ID; unsupported.<node-path>.<field-index>","Age","MARRIAGE INFORMATION / an immediate subsection other than Current Spouse: Age. Nested deeper details do not trigger the immediate-subsection Type rule.","text or null; unsupported profile field, even date/age labels","Repeating (unmapped prior/generic marriage context)","Yes: known exact plain label or bold label.","Raw textarea; Type of Marriage or person-name error if triggered.","Yes, blocked unsupported fallback; not the spouse definition for Current Spouse.","Optional","No current prior/generic-marriage missing-field requirement.","Always as a missing-field question; name-period rule can still apply.","Accepted by Checker; present blank remains missing in profile.","Trim outer whitespace; preserve internal text and multiline values. Empty/whitespace or exact Not provided / *Not provided* (case-insensitive) becomes null. Exact label matching is case-sensitive. Adapter additionally treats N/A, NA, none provided, unknown, standalone not/provided, dashes/question marks, null/undefined/NaN, not applicable/not available, TBD, and Select/Choose prompts as missing. Literal No, false, 0 and None are not globally missing.","No format/range rule.","No marriage-duration or calendar encoding on unsupported text.","Type of Marriage is checked on immediate detail-bearing subsection regardless of marital status. Prior-marriage duration and further requirements are deferred.","Checker does not generally flag duplicate labels. Adapter compares trimmed raw candidates in this scope: different strings, including blank versus supplied, block as conflict. Identical duplicates may be ready. Duplicate singleton sections or repeated record roots block as ambiguous. No candidate is selected for a conflict.","Unknown marriage identity stays unsupported; no failed-marriage inference.","No default.","Checker Reviewed hides the issue without changing the answer. A still-present error remains blocking in the profile even if reviewed. An acknowledged warning stops blocking unless another reason remains. General review flags never establish an answer.","Blocked as unsupported regardless of dismissal.","No field-specific Checker message.","intake-checker/rules.js:43; intake-checker/rules.js:62; intake-checker/validation.js:160; intake-checker/validation.js:174; ssa-intake-assistant/src/model/from-intake-checker.js:104; ssa-intake-assistant/src/model/from-intake-checker.js:119","tests/intake-validation.test.js:152 (First Name triggers Type error); ssa-intake-assistant/src/model/from-intake-checker.test.js:176 (generic unsupported retention). Other prior-detail labels not individually tested. See M18.","High: direct code inspection.","D09: label presence can count as details; prior/generic identity has no approved fixed mapping.","Provide exact prior-marriage source labels and conditions before activating deferred rules.","","Existing behavior audited; no changes made."
"unmapped-marriage-details","No fixed prior-marriage ID; unsupported.<node-path>.<field-index>","City of Marriage","MARRIAGE INFORMATION / an immediate subsection other than Current Spouse: City of Marriage. Nested deeper details do not trigger the immediate-subsection Type rule.","text or null; unsupported profile field, even date/age labels","Repeating (unmapped prior/generic marriage context)","Yes: known exact plain label or bold label.","Raw textarea; Type of Marriage or person-name error if triggered.","Yes, blocked unsupported fallback; not the spouse definition for Current Spouse.","Optional","No current prior/generic-marriage missing-field requirement.","Always as a missing-field question; name-period rule can still apply.","Accepted by Checker; present blank remains missing in profile.","Trim outer whitespace; preserve internal text and multiline values. Empty/whitespace or exact Not provided / *Not provided* (case-insensitive) becomes null. Exact label matching is case-sensitive. Adapter additionally treats N/A, NA, none provided, unknown, standalone not/provided, dashes/question marks, null/undefined/NaN, not applicable/not available, TBD, and Select/Choose prompts as missing. Literal No, false, 0 and None are not globally missing.","No format/range rule.","No marriage-duration or calendar encoding on unsupported text.","Type of Marriage is checked on immediate detail-bearing subsection regardless of marital status. Prior-marriage duration and further requirements are deferred.","Checker does not generally flag duplicate labels. Adapter compares trimmed raw candidates in this scope: different strings, including blank versus supplied, block as conflict. Identical duplicates may be ready. Duplicate singleton sections or repeated record roots block as ambiguous. No candidate is selected for a conflict.","Unknown marriage identity stays unsupported; no failed-marriage inference.","No default.","Checker Reviewed hides the issue without changing the answer. A still-present error remains blocking in the profile even if reviewed. An acknowledged warning stops blocking unless another reason remains. General review flags never establish an answer.","Blocked as unsupported regardless of dismissal.","No field-specific Checker message.","intake-checker/rules.js:43; intake-checker/rules.js:62; intake-checker/validation.js:160; intake-checker/validation.js:174; ssa-intake-assistant/src/model/from-intake-checker.js:104; ssa-intake-assistant/src/model/from-intake-checker.js:119","tests/intake-validation.test.js:152 (First Name triggers Type error); ssa-intake-assistant/src/model/from-intake-checker.test.js:176 (generic unsupported retention). Other prior-detail labels not individually tested. See M18.","High: direct code inspection.","D09: label presence can count as details; prior/generic identity has no approved fixed mapping.","Provide exact prior-marriage source labels and conditions before activating deferred rules.","","Existing behavior audited; no changes made."
"unmapped-marriage-details","No fixed prior-marriage ID; unsupported.<node-path>.<field-index>","State of Marriage","MARRIAGE INFORMATION / an immediate subsection other than Current Spouse: State of Marriage. Nested deeper details do not trigger the immediate-subsection Type rule.","text or null; unsupported profile field, even date/age labels","Repeating (unmapped prior/generic marriage context)","Yes: known exact plain label or bold label.","Raw textarea; Type of Marriage or person-name error if triggered.","Yes, blocked unsupported fallback; not the spouse definition for Current Spouse.","Optional","No current prior/generic-marriage missing-field requirement.","Always as a missing-field question; name-period rule can still apply.","Accepted by Checker; present blank remains missing in profile.","Trim outer whitespace; preserve internal text and multiline values. Empty/whitespace or exact Not provided / *Not provided* (case-insensitive) becomes null. Exact label matching is case-sensitive. Adapter additionally treats N/A, NA, none provided, unknown, standalone not/provided, dashes/question marks, null/undefined/NaN, not applicable/not available, TBD, and Select/Choose prompts as missing. Literal No, false, 0 and None are not globally missing.","No format/range rule.","No marriage-duration or calendar encoding on unsupported text.","Type of Marriage is checked on immediate detail-bearing subsection regardless of marital status. Prior-marriage duration and further requirements are deferred.","Checker does not generally flag duplicate labels. Adapter compares trimmed raw candidates in this scope: different strings, including blank versus supplied, block as conflict. Identical duplicates may be ready. Duplicate singleton sections or repeated record roots block as ambiguous. No candidate is selected for a conflict.","Unknown marriage identity stays unsupported; no failed-marriage inference.","No default.","Checker Reviewed hides the issue without changing the answer. A still-present error remains blocking in the profile even if reviewed. An acknowledged warning stops blocking unless another reason remains. General review flags never establish an answer.","Blocked as unsupported regardless of dismissal.","No field-specific Checker message.","intake-checker/rules.js:43; intake-checker/rules.js:62; intake-checker/validation.js:160; intake-checker/validation.js:174; ssa-intake-assistant/src/model/from-intake-checker.js:104; ssa-intake-assistant/src/model/from-intake-checker.js:119","tests/intake-validation.test.js:152 (First Name triggers Type error); ssa-intake-assistant/src/model/from-intake-checker.test.js:176 (generic unsupported retention). Other prior-detail labels not individually tested. See M18.","High: direct code inspection.","D09: label presence can count as details; prior/generic identity has no approved fixed mapping.","Provide exact prior-marriage source labels and conditions before activating deferred rules.","","Existing behavior audited; no changes made."
"unmapped-marriage-details","No fixed prior-marriage ID; unsupported.<node-path>.<field-index>","Type of Marriage","MARRIAGE INFORMATION / an immediate subsection other than Current Spouse: Type of Marriage. Nested deeper details do not trigger the immediate-subsection Type rule.","text or null; unsupported profile field, even date/age labels","Repeating (unmapped prior/generic marriage context)","Yes: known exact plain label or bold label.","Raw textarea; Type of Marriage or person-name error if triggered.","Yes, blocked unsupported fallback; not the spouse definition for Current Spouse.","Conditional","Immediate marriage subsection has any spouse required/optional label, including a blank label.","No spouse label exists on the immediate subsection.","Error under the stated detail-label condition.","Trim outer whitespace; preserve internal text and multiline values. Empty/whitespace or exact Not provided / *Not provided* (case-insensitive) becomes null. Exact label matching is case-sensitive. Adapter additionally treats N/A, NA, none provided, unknown, standalone not/provided, dashes/question marks, null/undefined/NaN, not applicable/not available, TBD, and Select/Choose prompts as missing. Literal No, false, 0 and None are not globally missing.","No format/range rule.","No marriage-duration or calendar encoding on unsupported text.","Type of Marriage is checked on immediate detail-bearing subsection regardless of marital status. Prior-marriage duration and further requirements are deferred.","Checker does not generally flag duplicate labels. Adapter compares trimmed raw candidates in this scope: different strings, including blank versus supplied, block as conflict. Identical duplicates may be ready. Duplicate singleton sections or repeated record roots block as ambiguous. No candidate is selected for a conflict.","Unknown marriage identity stays unsupported; no failed-marriage inference.","No default.","Checker Reviewed hides the issue without changing the answer. A still-present error remains blocking in the profile even if reviewed. An acknowledged warning stops blocking unless another reason remains. General review flags never establish an answer.","Blocked as unsupported regardless of dismissal.","Type of Marriage is required when marriage details are provided.","intake-checker/rules.js:43; intake-checker/rules.js:62; intake-checker/validation.js:160; intake-checker/validation.js:174; ssa-intake-assistant/src/model/from-intake-checker.js:104; ssa-intake-assistant/src/model/from-intake-checker.js:119","tests/intake-validation.test.js:152 (First Name triggers Type error); ssa-intake-assistant/src/model/from-intake-checker.test.js:176 (generic unsupported retention). Other prior-detail labels not individually tested. See M18.","High: direct code inspection.","D09: label presence can count as details; prior/generic identity has no approved fixed mapping.","Provide exact prior-marriage source labels and conditions before activating deferred rules.","","Existing behavior audited; no changes made."
"unmapped-marriage-details","No fixed prior-marriage ID; unsupported.<node-path>.<field-index>","Maiden Name","MARRIAGE INFORMATION / an immediate subsection other than Current Spouse: Maiden Name. Nested deeper details do not trigger the immediate-subsection Type rule.","text or null; unsupported profile field, even date/age labels","Repeating (unmapped prior/generic marriage context)","Yes: known exact plain label or bold label.","Raw textarea; Type of Marriage or person-name error if triggered.","Yes, blocked unsupported fallback; not the spouse definition for Current Spouse.","Optional","No current prior/generic-marriage missing-field requirement.","Always as a missing-field question; name-period rule can still apply.","Accepted by Checker; present blank remains missing in profile.","Trim outer whitespace; preserve internal text and multiline values. Empty/whitespace or exact Not provided / *Not provided* (case-insensitive) becomes null. Exact label matching is case-sensitive. Adapter additionally treats N/A, NA, none provided, unknown, standalone not/provided, dashes/question marks, null/undefined/NaN, not applicable/not available, TBD, and Select/Choose prompts as missing. Literal No, false, 0 and None are not globally missing.","Nonmissing person name containing a period errors.","No marriage-duration or calendar encoding on unsupported text.","Type of Marriage is checked on immediate detail-bearing subsection regardless of marital status. Prior-marriage duration and further requirements are deferred.","Checker does not generally flag duplicate labels. Adapter compares trimmed raw candidates in this scope: different strings, including blank versus supplied, block as conflict. Identical duplicates may be ready. Duplicate singleton sections or repeated record roots block as ambiguous. No candidate is selected for a conflict.","Unknown marriage identity stays unsupported; no failed-marriage inference.","No default.","Checker Reviewed hides the issue without changing the answer. A still-present error remains blocking in the profile even if reviewed. An acknowledged warning stops blocking unless another reason remains. General review flags never establish an answer.","Blocked as unsupported regardless of dismissal.","Periods are not allowed in person names.","intake-checker/rules.js:43; intake-checker/rules.js:62; intake-checker/validation.js:160; intake-checker/validation.js:174; ssa-intake-assistant/src/model/from-intake-checker.js:104; ssa-intake-assistant/src/model/from-intake-checker.js:119","tests/intake-validation.test.js:152 (First Name triggers Type error); ssa-intake-assistant/src/model/from-intake-checker.test.js:176 (generic unsupported retention). Other prior-detail labels not individually tested. See M18.","High: direct code inspection.","D09: label presence can count as details; prior/generic identity has no approved fixed mapping.","Provide exact prior-marriage source labels and conditions before activating deferred rules.","","Existing behavior audited; no changes made."
"unmapped-marriage-details","No fixed prior-marriage ID; unsupported.<node-path>.<field-index>","Social Security Number","MARRIAGE INFORMATION / an immediate subsection other than Current Spouse: Social Security Number. Nested deeper details do not trigger the immediate-subsection Type rule.","text or null; unsupported profile field, even date/age labels","Repeating (unmapped prior/generic marriage context)","Yes: known exact plain label or bold label.","Raw textarea; Type of Marriage or person-name error if triggered.","Yes, blocked unsupported fallback; not the spouse definition for Current Spouse.","Optional","No current prior/generic-marriage missing-field requirement.","Always as a missing-field question; name-period rule can still apply.","Accepted by Checker; present blank remains missing in profile.","Trim outer whitespace; preserve internal text and multiline values. Empty/whitespace or exact Not provided / *Not provided* (case-insensitive) becomes null. Exact label matching is case-sensitive. Adapter additionally treats N/A, NA, none provided, unknown, standalone not/provided, dashes/question marks, null/undefined/NaN, not applicable/not available, TBD, and Select/Choose prompts as missing. Literal No, false, 0 and None are not globally missing.","No format/range rule.","No marriage-duration or calendar encoding on unsupported text.","Type of Marriage is checked on immediate detail-bearing subsection regardless of marital status. Prior-marriage duration and further requirements are deferred.","Checker does not generally flag duplicate labels. Adapter compares trimmed raw candidates in this scope: different strings, including blank versus supplied, block as conflict. Identical duplicates may be ready. Duplicate singleton sections or repeated record roots block as ambiguous. No candidate is selected for a conflict.","Unknown marriage identity stays unsupported; no failed-marriage inference.","No default.","Checker Reviewed hides the issue without changing the answer. A still-present error remains blocking in the profile even if reviewed. An acknowledged warning stops blocking unless another reason remains. General review flags never establish an answer.","Blocked as unsupported regardless of dismissal.","No field-specific Checker message.","intake-checker/rules.js:43; intake-checker/rules.js:62; intake-checker/validation.js:160; intake-checker/validation.js:174; ssa-intake-assistant/src/model/from-intake-checker.js:104; ssa-intake-assistant/src/model/from-intake-checker.js:119","tests/intake-validation.test.js:152 (First Name triggers Type error); ssa-intake-assistant/src/model/from-intake-checker.test.js:176 (generic unsupported retention). Other prior-detail labels not individually tested. See M18.","High: direct code inspection.","D09: label presence can count as details; prior/generic identity has no approved fixed mapping.","Provide exact prior-marriage source labels and conditions before activating deferred rules.","","Existing behavior audited; no changes made."
"derived-and-metadata","summary.sections (implementation member; not a fixed client-answer definition)","Root section count","Derived from the input/state identified in behavior.","Derived value / metadata","Derived singleton or collection","Derived, not an independent client answer.","No","No","Derived/control","Generated in the relevant parser/session/adapter/UI step.","Absent where the stated source or condition does not exist.","As stated in behavior; never invent a client answer.","parsed.sections.length, including arbitrary accepted roots; not subsection count.","Structural derivation only; see related rules.","No additional date rule.","parsed.sections.length, including arbitrary accepted roots; not subsection count.","Preserve conflicts under R45/R46; no extra resolution here.","No additional trigger.","parsed.sections.length, including arbitrary accepted roots; not subsection count.","Metadata preserves original issues/values; visibility and acknowledgement behavior in R33/R40.","Readiness behavior defined in R43–R51; metadata is not an independently fillable answer.","No independent error/warning.","intake-checker/parser.js:88","tests/intake-parser.test.js:79","High: direct code inspection.","Distinguish profile metadata from fillable answer definitions; see related D findings.","Confirm intended meaning; approve any desired changes separately.","","Existing behavior audited; no changes made."
"derived-and-metadata","summary.client (implementation member; not a fixed client-answer definition)","Unused summary client","Derived from the input/state identified in behavior.","Derived value / metadata","Derived singleton or collection","Derived, not an independent client answer.","No","No","Derived/control","Generated in the relevant parser/session/adapter/UI step.","Absent where the stated source or condition does not exist.","As stated in behavior; never invent a client answer.","Only one top-level personal section (case-insensitive match); each First/Last occurs at most once. Join nonempty values. Unlike active review, any duplicated name prevents the entire summary name.","Structural derivation only; see related rules.","No additional date rule.","Only one top-level personal section (case-insensitive match); each First/Last occurs at most once. Join nonempty values. Unlike active review, any duplicated name prevents the entire summary name.","Preserve conflicts under R45/R46; no extra resolution here.","No additional trigger.","Only one top-level personal section (case-insensitive match); each First/Last occurs at most once. Join nonempty values. Unlike active review, any duplicated name prevents the entire summary name.","Metadata preserves original issues/values; visibility and acknowledgement behavior in R33/R40.","Readiness behavior defined in R43–R51; metadata is not an independently fillable answer.","No independent error/warning.","intake-checker/parser.js:90","tests/intake-parser.test.js:103","High: direct code inspection.","Distinguish profile metadata from fillable answer definitions; see related D findings.","Confirm intended meaning; approve any desired changes separately.","","Existing behavior audited; no changes made."
"derived-and-metadata","summary.providers (implementation member; not a fixed client-answer definition)","Unused provider count","Derived from the input/state identified in behavior.","Derived value / metadata","Derived singleton or collection","Derived, not an independent client answer.","No","No","Derived/control","Generated in the relevant parser/session/adapter/UI step.","Absent where the stated source or condition does not exist.","As stated in behavior; never invent a client answer.","Count descendant numbered Clinic/Hospital/Doctor/Medical Provider headings, case-insensitive, regardless of root. Provider and unnumbered variants do not count. Omit zero.","Structural derivation only; see related rules.","No additional date rule.","Count descendant numbered Clinic/Hospital/Doctor/Medical Provider headings, case-insensitive, regardless of root. Provider and unnumbered variants do not count. Omit zero.","Preserve conflicts under R45/R46; no extra resolution here.","No additional trigger.","Count descendant numbered Clinic/Hospital/Doctor/Medical Provider headings, case-insensitive, regardless of root. Provider and unnumbered variants do not count. Omit zero.","Metadata preserves original issues/values; visibility and acknowledgement behavior in R33/R40.","Readiness behavior defined in R43–R51; metadata is not an independently fillable answer.","No independent error/warning.","intake-checker/parser.js:99","tests/intake-parser.test.js:79","High: direct code inspection.","Distinguish profile metadata from fillable answer definitions; see related D findings.","Confirm intended meaning; approve any desired changes separately.","","Existing behavior audited; no changes made."
"derived-and-metadata","summary.medications (implementation member; not a fixed client-answer definition)","Unused medication count","Derived from the input/state identified in behavior.","Derived value / metadata","Derived singleton or collection","Derived, not an independent client answer.","No","No","Derived/control","Generated in the relevant parser/session/adapter/UI step.","Absent where the stated source or condition does not exist.","As stated in behavior; never invent a client answer.","Count descendant Medication plus number, case-insensitive, regardless of root. Unnumbered Medication omitted; zero omitted.","Structural derivation only; see related rules.","No additional date rule.","Count descendant Medication plus number, case-insensitive, regardless of root. Unnumbered Medication omitted; zero omitted.","Preserve conflicts under R45/R46; no extra resolution here.","No additional trigger.","Count descendant Medication plus number, case-insensitive, regardless of root. Unnumbered Medication omitted; zero omitted.","Metadata preserves original issues/values; visibility and acknowledgement behavior in R33/R40.","Readiness behavior defined in R43–R51; metadata is not an independently fillable answer.","No independent error/warning.","intake-checker/parser.js:103","tests/intake-parser.test.js:79","High: direct code inspection.","Distinguish profile metadata from fillable answer definitions; see related D findings.","Confirm intended meaning; approve any desired changes separately.","","Existing behavior audited; no changes made."
"derived-and-metadata","summary.jobs (implementation member; not a fixed client-answer definition)","Unused job count","Derived from the input/state identified in behavior.","Derived value / metadata","Derived singleton or collection","Derived, not an independent client answer.","No","No","Derived/control","Generated in the relevant parser/session/adapter/UI step.","Absent where the stated source or condition does not exist.","As stated in behavior; never invent a client answer.","Count descendant Most Recent Job, Previous Job or numbered Job, case-insensitive; unnumbered Job omitted. Omit zero.","Structural derivation only; see related rules.","No additional date rule.","Count descendant Most Recent Job, Previous Job or numbered Job, case-insensitive; unnumbered Job omitted. Omit zero.","Preserve conflicts under R45/R46; no extra resolution here.","No additional trigger.","Count descendant Most Recent Job, Previous Job or numbered Job, case-insensitive; unnumbered Job omitted. Omit zero.","Metadata preserves original issues/values; visibility and acknowledgement behavior in R33/R40.","Readiness behavior defined in R43–R51; metadata is not an independently fillable answer.","No independent error/warning.","intake-checker/parser.js:104","tests/intake-parser.test.js:79","High: direct code inspection.","Distinguish profile metadata from fillable answer definitions; see related D findings.","Confirm intended meaning; approve any desired changes separately.","","Existing behavior audited; no changes made."
"derived-and-metadata","parsed.unparsed.line (implementation member; not a fixed client-answer definition)","Unparsed source line","Derived from the input/state identified in behavior.","Derived value / metadata","Derived singleton or collection","Derived, not an independent client answer.","Partial-parse status only","Yes: unparsed","Derived/control","Generated in the relevant parser/session/adapter/UI step.","Absent where the stated source or condition does not exist.","As stated in behavior; never invent a client answer.","One-based original line number for text outside a usable field/heading context; continuation text is not in this array.","Structural derivation only; see related rules.","No additional date rule.","One-based original line number for text outside a usable field/heading context; continuation text is not in this array.","Preserve conflicts under R45/R46; no extra resolution here.","No additional trigger.","One-based original line number for text outside a usable field/heading context; continuation text is not in this array.","Metadata preserves original issues/values; visibility and acknowledgement behavior in R33/R40.","Readiness behavior defined in R43–R51; metadata is not an independently fillable answer.","No independent error/warning.","intake-checker/parser.js:65","tests/intake-parser.test.js:111","High: direct code inspection.","Distinguish profile metadata from fillable answer definitions; see related D findings.","Confirm intended meaning; approve any desired changes separately.","","Existing behavior audited; no changes made."
"derived-and-metadata","parsed.unparsed.text (implementation member; not a fixed client-answer definition)","Unparsed source text","Derived from the input/state identified in behavior.","Derived value / metadata","Derived singleton or collection","Derived, not an independent client answer.","Raw textarea only","Yes: unparsed","Derived/control","Generated in the relevant parser/session/adapter/UI step.","Absent where the stated source or condition does not exist.","As stated in behavior; never invent a client answer.","Retain unmatched original line, not a client-profile field. Any such line blocks all mapped answers.","Structural derivation only; see related rules.","No additional date rule.","Retain unmatched original line, not a client-profile field. Any such line blocks all mapped answers.","Preserve conflicts under R45/R46; no extra resolution here.","No additional trigger.","Retain unmatched original line, not a client-profile field. Any such line blocks all mapped answers.","Metadata preserves original issues/values; visibility and acknowledgement behavior in R33/R40.","Readiness behavior defined in R43–R51; metadata is not an independently fillable answer.","No independent error/warning.","intake-checker/parser.js:80; ssa-intake-assistant/src/model/from-intake-checker.js:64","ssa-intake-assistant/src/model/from-intake-checker.test.js:84","High: direct code inspection.","Distinguish profile metadata from fillable answer definitions; see related D findings.","Confirm intended meaning; approve any desired changes separately.","","Existing behavior audited; no changes made."
"derived-and-metadata","ui.partial (implementation member; not a fixed client-answer definition)","Partial parsing flag","Derived from the input/state identified in behavior.","Derived value / metadata","Derived singleton or collection","Derived, not an independent client answer.","Yes: parsing message/success state","Indirect ambiguity gate","Derived/control","Generated in the relevant parser/session/adapter/UI step.","Absent where the stated source or condition does not exist.","As stated in behavior; never invent a client answer.","True when no sections OR unparsed.length>0. No-sections skips UI validation.","Structural derivation only; see related rules.","No additional date rule.","True when no sections OR unparsed.length>0. No-sections skips UI validation.","Preserve conflicts under R45/R46; no extra resolution here.","No additional trigger.","True when no sections OR unparsed.length>0. No-sections skips UI validation.","Metadata preserves original issues/values; visibility and acknowledgement behavior in R33/R40.","Readiness behavior defined in R43–R51; metadata is not an independently fillable answer.","No independent error/warning.","intake-checker/intake-checker.js:46","tests/intake-browser-check.mjs:46","High: direct code inspection.","Distinguish profile metadata from fillable answer definitions; see related D findings.","Confirm intended meaning; approve any desired changes separately.","","Existing behavior audited; no changes made."
"derived-and-metadata","validation.issue.section (implementation member; not a fixed client-answer definition)","Issue section","Derived from the input/state identified in behavior.","Derived value / metadata","Repeating metadata per field/issue","Derived, not an independent client answer.","Yes","Yes: validationIssues / field.validation.issues","Derived/control","Generated in the relevant parser/session/adapter/UI step.","Absent where the stated source or condition does not exist.","As stated in behavior; never invent a client answer.","Exact configured section title, not an arbitrary client field.","Structural derivation only; see related rules.","No additional date rule.","Exact configured section title, not an arbitrary client field.","Preserve conflicts under R45/R46; no extra resolution here.","No additional trigger.","Exact configured section title, not an arbitrary client field.","Metadata preserves original issues/values; visibility and acknowledgement behavior in R33/R40.","Readiness behavior defined in R43–R51; metadata is not an independently fillable answer.","No independent error/warning.","intake-checker/validation.js:57","tests/intake-validation.test.js:43","High: direct code inspection.","Distinguish profile metadata from fillable answer definitions; see related D findings.","Confirm intended meaning; approve any desired changes separately.","","Existing behavior audited; no changes made."
"derived-and-metadata","validation.issue.record (implementation member; not a fixed client-answer definition)","Issue record","Derived from the input/state identified in behavior.","Derived value / metadata","Repeating metadata per field/issue","Derived, not an independent client answer.","Yes","Yes","Derived/control","Generated in the relevant parser/session/adapter/UI step.","Absent where the stated source or condition does not exist.","As stated in behavior; never invent a client answer.","Record heading when scoped to a record; missing Current Spouse carries that title on parent path.","Structural derivation only; see related rules.","No additional date rule.","Record heading when scoped to a record; missing Current Spouse carries that title on parent path.","Preserve conflicts under R45/R46; no extra resolution here.","No additional trigger.","Record heading when scoped to a record; missing Current Spouse carries that title on parent path.","Metadata preserves original issues/values; visibility and acknowledgement behavior in R33/R40.","Readiness behavior defined in R43–R51; metadata is not an independently fillable answer.","No independent error/warning.","intake-checker/validation.js:57; intake-checker/validation.js:169","tests/intake-source-location.test.js:9","High: direct code inspection.","Distinguish profile metadata from fillable answer definitions; see related D findings.","Confirm intended meaning; approve any desired changes separately.","","Existing behavior audited; no changes made."
"derived-and-metadata","validation.issue.location (implementation member; not a fixed client-answer definition)","Issue path","Derived from the input/state identified in behavior.","Derived value / metadata","Repeating metadata per field/issue","Derived, not an independent client answer.","Ordinal record text / Find action","Yes","Derived/control","Generated in the relevant parser/session/adapter/UI step.","Absent where the stated source or condition does not exist.","As stated in behavior; never invent a client answer.","Zero-based slash path through parsed nodes, nullable for absent/global section; used for source selection and scope.","Structural derivation only; see related rules.","No additional date rule.","Zero-based slash path through parsed nodes, nullable for absent/global section; used for source selection and scope.","Preserve conflicts under R45/R46; no extra resolution here.","No additional trigger.","Zero-based slash path through parsed nodes, nullable for absent/global section; used for source selection and scope.","Metadata preserves original issues/values; visibility and acknowledgement behavior in R33/R40.","Readiness behavior defined in R43–R51; metadata is not an independently fillable answer.","No independent error/warning.","intake-checker/validation.js:33","tests/intake-source-location.test.js:45","High: direct code inspection.","Distinguish profile metadata from fillable answer definitions; see related D findings.","Confirm intended meaning; approve any desired changes separately.","","Existing behavior audited; no changes made."
"derived-and-metadata","validation.issue.field (implementation member; not a fixed client-answer definition)","Issue field label","Derived from the input/state identified in behavior.","Derived value / metadata","Repeating metadata per field/issue","Derived, not an independent client answer.","Yes if nonnull","Yes","Derived/control","Generated in the relevant parser/session/adapter/UI step.","Absent where the stated source or condition does not exist.","As stated in behavior; never invent a client answer.","Exact affected field or null for group/structure requirement; controls profile association.","Structural derivation only; see related rules.","No additional date rule.","Exact affected field or null for group/structure requirement; controls profile association.","Preserve conflicts under R45/R46; no extra resolution here.","No additional trigger.","Exact affected field or null for group/structure requirement; controls profile association.","Metadata preserves original issues/values; visibility and acknowledgement behavior in R33/R40.","Readiness behavior defined in R43–R51; metadata is not an independently fillable answer.","No independent error/warning.","intake-checker/validation.js:45; ssa-intake-assistant/src/model/from-intake-checker.js:45","tests/intake-validation.test.js:19","High: direct code inspection.","Distinguish profile metadata from fillable answer definitions; see related D findings.","Confirm intended meaning; approve any desired changes separately.","","Existing behavior audited; no changes made."
"derived-and-metadata","validation.issue.severity (implementation member; not a fixed client-answer definition)","Error/warning severity","Derived from the input/state identified in behavior.","Derived value / metadata","Repeating metadata per field/issue","Derived, not an independent client answer.","Yes: Error or Review","Yes","Derived/control","Generated in the relevant parser/session/adapter/UI step.","Absent where the stated source or condition does not exist.","As stated in behavior; never invent a client answer.","Default error; warning only at duplicate-control, unknown-structure, invalid-provider-date and imprecise-order paths.","Structural derivation only; see related rules.","No additional date rule.","Default error; warning only at duplicate-control, unknown-structure, invalid-provider-date and imprecise-order paths.","Preserve conflicts under R45/R46; no extra resolution here.","No additional trigger.","Default error; warning only at duplicate-control, unknown-structure, invalid-provider-date and imprecise-order paths.","Metadata preserves original issues/values; visibility and acknowledgement behavior in R33/R40.","Readiness behavior defined in R43–R51; metadata is not an independently fillable answer.","No independent error/warning.","intake-checker/validation.js:45","tests/intake-acknowledgements.test.js:19","High: direct code inspection.","Distinguish profile metadata from fillable answer definitions; see related D findings.","Confirm intended meaning; approve any desired changes separately.","","Existing behavior audited; no changes made."
"derived-and-metadata","validation.issue.message (implementation member; not a fixed client-answer definition)","Issue reason","Derived from the input/state identified in behavior.","Derived value / metadata","Repeating metadata per field/issue","Derived, not an independent client answer.","Yes","Yes: original message","Derived/control","Generated in the relevant parser/session/adapter/UI step.","Absent where the stated source or condition does not exist.","As stated in behavior; never invent a client answer.","Exact validator text retained. Checker substitutes pasted intake for parsed structure only for display.","Structural derivation only; see related rules.","No additional date rule.","Exact validator text retained. Checker substitutes pasted intake for parsed structure only for display.","Preserve conflicts under R45/R46; no extra resolution here.","No additional trigger.","Exact validator text retained. Checker substitutes pasted intake for parsed structure only for display.","Metadata preserves original issues/values; visibility and acknowledgement behavior in R33/R40.","Readiness behavior defined in R43–R51; metadata is not an independently fillable answer.","No independent error/warning.","intake-checker/intake-checker.js:76; ssa-intake-assistant/src/model/from-intake-checker.js:37","tests/intake-browser-check.mjs:27","High: direct code inspection.","Distinguish profile metadata from fillable answer definitions; see related D findings.","Confirm intended meaning; approve any desired changes separately.","","Existing behavior audited; no changes made."
"derived-and-metadata","validation.remaining.errors (implementation member; not a fixed client-answer definition)","Remaining error count","Derived from the input/state identified in behavior.","Derived value / metadata","Derived singleton or collection","Derived, not an independent client answer.","Yes","No aggregate field","Derived/control","Generated in the relevant parser/session/adapter/UI step.","Absent where the stated source or condition does not exist.","As stated in behavior; never invent a client answer.","Count undisposed items whose severity equals error; acknowledgement changes display, not original issue.","Structural derivation only; see related rules.","No additional date rule.","Count undisposed items whose severity equals error; acknowledgement changes display, not original issue.","Preserve conflicts under R45/R46; no extra resolution here.","No additional trigger.","Count undisposed items whose severity equals error; acknowledgement changes display, not original issue.","Metadata preserves original issues/values; visibility and acknowledgement behavior in R33/R40.","Readiness behavior defined in R43–R51; metadata is not an independently fillable answer.","No independent error/warning.","intake-checker/acknowledgements.js:16","tests/intake-acknowledgements.test.js:19","High: direct code inspection.","Distinguish profile metadata from fillable answer definitions; see related D findings.","Confirm intended meaning; approve any desired changes separately.","","Existing behavior audited; no changes made."
"derived-and-metadata","validation.remaining.warnings (implementation member; not a fixed client-answer definition)","Remaining warning count","Derived from the input/state identified in behavior.","Derived value / metadata","Derived singleton or collection","Derived, not an independent client answer.","Yes","No aggregate field","Derived/control","Generated in the relevant parser/session/adapter/UI step.","Absent where the stated source or condition does not exist.","As stated in behavior; never invent a client answer.","remaining.length minus errors; separate from general review count.","Structural derivation only; see related rules.","No additional date rule.","remaining.length minus errors; separate from general review count.","Preserve conflicts under R45/R46; no extra resolution here.","No additional trigger.","remaining.length minus errors; separate from general review count.","Metadata preserves original issues/values; visibility and acknowledgement behavior in R33/R40.","Readiness behavior defined in R43–R51; metadata is not an independently fillable answer.","No independent error/warning.","intake-checker/acknowledgements.js:17","tests/intake-acknowledgements.test.js:19","High: direct code inspection.","Distinguish profile metadata from fillable answer definitions; see related D findings.","Confirm intended meaning; approve any desired changes separately.","","Existing behavior audited; no changes made."
"derived-and-metadata","validation.success (implementation member; not a fixed client-answer definition)","True validation success","Derived from the input/state identified in behavior.","Derived value / metadata","Derived singleton or collection","Derived, not an independent client answer.","Yes","No","Derived/control","Generated in the relevant parser/session/adapter/UI step.","Absent where the stated source or condition does not exist.","As stated in behavior; never invent a client answer.","Original issue count zero AND no partial parsing. All-reviewed is false, not success.","Structural derivation only; see related rules.","No additional date rule.","Original issue count zero AND no partial parsing. All-reviewed is false, not success.","Preserve conflicts under R45/R46; no extra resolution here.","No additional trigger.","Original issue count zero AND no partial parsing. All-reviewed is false, not success.","Metadata preserves original issues/values; visibility and acknowledgement behavior in R33/R40.","Readiness behavior defined in R43–R51; metadata is not an independently fillable answer.","No independent error/warning.","intake-checker/acknowledgements.js:10","tests/intake-acknowledgements.test.js:24","High: direct code inspection.","Distinguish profile metadata from fillable answer definitions; see related D findings.","Confirm intended meaning; approve any desired changes separately.","","Existing behavior audited; no changes made."
"derived-and-metadata","session.revision (implementation member; not a fixed client-answer definition)","Session revision","Derived from the input/state identified in behavior.","Derived value / metadata","Derived singleton or collection","Derived, not an independent client answer.","No direct counter","Yes: revision and edit entries","Derived/control","Generated in the relevant parser/session/adapter/UI step.","Absent where the stated source or condition does not exist.","As stated in behavior; never invent a client answer.","Starts 0; increments once for each accepted correction, even if replacement text is unchanged.","Structural derivation only; see related rules.","No additional date rule.","Starts 0; increments once for each accepted correction, even if replacement text is unchanged.","Preserve conflicts under R45/R46; no extra resolution here.","No additional trigger.","Starts 0; increments once for each accepted correction, even if replacement text is unchanged.","Metadata preserves original issues/values; visibility and acknowledgement behavior in R33/R40.","Readiness behavior defined in R43–R51; metadata is not an independently fillable answer.","No independent error/warning.","intake-checker/session.js:9; intake-checker/session.js:48","ssa-intake-assistant/src/model/from-intake-checker.test.js:125","High: direct code inspection.","Distinguish profile metadata from fillable answer definitions; see related D findings.","Confirm intended meaning; approve any desired changes separately.","","Existing behavior audited; no changes made."
"derived-and-metadata","session.edits.originalValue (implementation member; not a fixed client-answer definition)","Original value","Derived from the input/state identified in behavior.","Derived value / metadata","Derived singleton or collection","Derived, not an independent client answer.","Source textarea remains original","Yes: sources.rawValue","Derived/control","Generated in the relevant parser/session/adapter/UI step.","Absent where the stated source or condition does not exist.","As stated in behavior; never invent a client answer.","First correction stores original parser value including null; retained for later corrections.","Structural derivation only; see related rules.","No additional date rule.","First correction stores original parser value including null; retained for later corrections.","Preserve conflicts under R45/R46; no extra resolution here.","No additional trigger.","First correction stores original parser value including null; retained for later corrections.","Metadata preserves original issues/values; visibility and acknowledgement behavior in R33/R40.","Readiness behavior defined in R43–R51; metadata is not an independently fillable answer.","No independent error/warning.","intake-checker/session.js:47","ssa-intake-assistant/src/model/from-intake-checker.test.js:125; ssa-intake-assistant/src/model/from-intake-checker.test.js:145","High: direct code inspection.","Distinguish profile metadata from fillable answer definitions; see related D findings.","Confirm intended meaning; approve any desired changes separately.","","Existing behavior audited; no changes made."
"derived-and-metadata","session.edits.changes (implementation member; not a fixed client-answer definition)","Employee edit history","Derived from the input/state identified in behavior.","Derived value / metadata","Derived singleton or collection","Derived, not an independent client answer.","Yes: latest per edited field","Yes: employeeReview.edits","Derived/control","Generated in the relevant parser/session/adapter/UI step.","Absent where the stated source or condition does not exist.","As stated in behavior; never invent a client answer.","Every revision plus untrimmed entered value; latest shown below input. Active parser value is trimmed or null.","Structural derivation only; see related rules.","No additional date rule.","Every revision plus untrimmed entered value; latest shown below input. Active parser value is trimmed or null.","Preserve conflicts under R45/R46; no extra resolution here.","No additional trigger.","Every revision plus untrimmed entered value; latest shown below input. Active parser value is trimmed or null.","Metadata preserves original issues/values; visibility and acknowledgement behavior in R33/R40.","Readiness behavior defined in R43–R51; metadata is not an independently fillable answer.","No independent error/warning.","intake-checker/session.js:49; intake-checker/intake-checker.js:189","ssa-intake-assistant/src/model/from-intake-checker.test.js:125","High: direct code inspection.","Distinguish profile metadata from fillable answer definitions; see related D findings.","Confirm intended meaning; approve any desired changes separately.","","Existing behavior audited; no changes made."
"derived-and-metadata","profile.schema (implementation member; not a fixed client-answer definition)","Profile schema name","Derived from the input/state identified in behavior.","Derived value / metadata","Derived singleton or collection","Derived, not an independent client answer.","No","Yes","Derived/control","Generated in the relevant parser/session/adapter/UI step.","Absent where the stated source or condition does not exist.","As stated in behavior; never invent a client answer.","Constant packard.intake-client-profile; not supplied by client.","Structural derivation only; see related rules.","No additional date rule.","Constant packard.intake-client-profile; not supplied by client.","Preserve conflicts under R45/R46; no extra resolution here.","No additional trigger.","Constant packard.intake-client-profile; not supplied by client.","Metadata preserves original issues/values; visibility and acknowledgement behavior in R33/R40.","Readiness behavior defined in R43–R51; metadata is not an independently fillable answer.","No independent error/warning.","ssa-intake-assistant/src/model/from-intake-checker.js:126","ssa-intake-assistant/src/model/from-intake-checker.test.js:33","High: direct code inspection.","Distinguish profile metadata from fillable answer definitions; see related D findings.","Confirm intended meaning; approve any desired changes separately.","","Existing behavior audited; no changes made."
"derived-and-metadata","profile.schemaVersion (implementation member; not a fixed client-answer definition)","Contract version","Derived from the input/state identified in behavior.","Derived value / metadata","Derived singleton or collection","Derived, not an independent client answer.","No","Yes","Derived/control","Generated in the relevant parser/session/adapter/UI step.","Absent where the stated source or condition does not exist.","As stated in behavior; never invent a client answer.","Constant 1.0.0; separate from tool versions.","Structural derivation only; see related rules.","No additional date rule.","Constant 1.0.0; separate from tool versions.","Preserve conflicts under R45/R46; no extra resolution here.","No additional trigger.","Constant 1.0.0; separate from tool versions.","Metadata preserves original issues/values; visibility and acknowledgement behavior in R33/R40.","Readiness behavior defined in R43–R51; metadata is not an independently fillable answer.","No independent error/warning.","ssa-intake-assistant/src/model/intake-contract.js:5","ssa-intake-assistant/src/model/from-intake-checker.test.js:33","High: direct code inspection.","Distinguish profile metadata from fillable answer definitions; see related D findings.","Confirm intended meaning; approve any desired changes separately.","","Existing behavior audited; no changes made."
"derived-and-metadata","profile.source (implementation member; not a fixed client-answer definition)","Profile source metadata","Derived from the input/state identified in behavior.","Derived value / metadata","Derived singleton or collection","Derived, not an independent client answer.","Tool version footer separately","Yes","Derived/control","Generated in the relevant parser/session/adapter/UI step.","Absent where the stated source or condition does not exist.","As stated in behavior; never invent a client answer.","kind=intake-checker; toolVersion=1.7.0; no credentials or client identifier.","Structural derivation only; see related rules.","No additional date rule.","kind=intake-checker; toolVersion=1.7.0; no credentials or client identifier.","Preserve conflicts under R45/R46; no extra resolution here.","No additional trigger.","kind=intake-checker; toolVersion=1.7.0; no credentials or client identifier.","Metadata preserves original issues/values; visibility and acknowledgement behavior in R33/R40.","Readiness behavior defined in R43–R51; metadata is not an independently fillable answer.","No independent error/warning.","ssa-intake-assistant/src/model/from-intake-checker.js:127","ssa-intake-assistant/src/model/from-intake-checker.test.js:33","High: direct code inspection.","Distinguish profile metadata from fillable answer definitions; see related D findings.","Confirm intended meaning; approve any desired changes separately.","","Existing behavior audited; no changes made."
"derived-and-metadata","field.definitionId (implementation member; not a fixed client-answer definition)","Stable meaning ID","Derived from the input/state identified in behavior.","Derived value / metadata","Repeating metadata per field/issue","Derived, not an independent client answer.","No dedicated display","Yes","Derived/control","Generated in the relevant parser/session/adapter/UI step.","Absent where the stated source or condition does not exist.","As stated in behavior; never invent a client answer.","Catalog category plus slug label; unsupported IDs derived from source position.","Structural derivation only; see related rules.","No additional date rule.","Catalog category plus slug label; unsupported IDs derived from source position.","Preserve conflicts under R45/R46; no extra resolution here.","No additional trigger.","Catalog category plus slug label; unsupported IDs derived from source position.","Metadata preserves original issues/values; visibility and acknowledgement behavior in R33/R40.","Readiness behavior defined in R43–R51; metadata is not an independently fillable answer.","No independent error/warning.","ssa-intake-assistant/src/model/intake-contract.js:24; ssa-intake-assistant/src/model/from-intake-checker.js:82","ssa-intake-assistant/src/model/from-intake-checker.test.js:33","High: direct code inspection.","Distinguish profile metadata from fillable answer definitions; see related D findings.","Confirm intended meaning; approve any desired changes separately.","","Existing behavior audited; no changes made."
"derived-and-metadata","field.recordId (implementation member; not a fixed client-answer definition)","Session record identity","Derived from the input/state identified in behavior.","Derived value / metadata","Repeating metadata per field/issue","Derived, not an independent client answer.","No; shown in SSA view","Yes","Derived/control","Generated in the relevant parser/session/adapter/UI step.","Absent where the stated source or condition does not exist.","As stated in behavior; never invent a client answer.","category-N by source order for repeat records, problem-N for medical labels; null for singleton. Not chronology or cross-intake ID.","Structural derivation only; see related rules.","No additional date rule.","category-N by source order for repeat records, problem-N for medical labels; null for singleton. Not chronology or cross-intake ID.","Preserve conflicts under R45/R46; no extra resolution here.","No additional trigger.","category-N by source order for repeat records, problem-N for medical labels; null for singleton. Not chronology or cross-intake ID.","Metadata preserves original issues/values; visibility and acknowledgement behavior in R33/R40.","Readiness behavior defined in R43–R51; metadata is not an independently fillable answer.","No independent error/warning.","ssa-intake-assistant/src/model/from-intake-checker.js:107; ssa-intake-assistant/src/model/from-intake-checker.js:113","ssa-intake-assistant/src/model/from-intake-checker.test.js:165","High: direct code inspection.","Distinguish profile metadata from fillable answer definitions; see related D findings.","Confirm intended meaning; approve any desired changes separately.","","Existing behavior audited; no changes made."
"derived-and-metadata","field.id (implementation member; not a fixed client-answer definition)","Field instance ID","Derived from the input/state identified in behavior.","Derived value / metadata","Repeating metadata per field/issue","Derived, not an independent client answer.","No; used by SSA view","Yes","Derived/control","Generated in the relevant parser/session/adapter/UI step.","Absent where the stated source or condition does not exist.","As stated in behavior; never invent a client answer.","Singleton definitionId, or definitionId@recordId; unsupported source-position ID.","Structural derivation only; see related rules.","No additional date rule.","Singleton definitionId, or definitionId@recordId; unsupported source-position ID.","Preserve conflicts under R45/R46; no extra resolution here.","No additional trigger.","Singleton definitionId, or definitionId@recordId; unsupported source-position ID.","Metadata preserves original issues/values; visibility and acknowledgement behavior in R33/R40.","Readiness behavior defined in R43–R51; metadata is not an independently fillable answer.","No independent error/warning.","ssa-intake-assistant/src/model/from-intake-checker.js:81","ssa-intake-assistant/src/model/from-intake-checker.test.js:33","High: direct code inspection.","Distinguish profile metadata from fillable answer definitions; see related D findings.","Confirm intended meaning; approve any desired changes separately.","","Existing behavior audited; no changes made."
"derived-and-metadata","field.category (implementation member; not a fixed client-answer definition)","Field category","Derived from the input/state identified in behavior.","Derived value / metadata","Repeating metadata per field/issue","Derived, not an independent client answer.","No","Yes","Derived/control","Generated in the relevant parser/session/adapter/UI step.","Absent where the stated source or condition does not exist.","As stated in behavior; never invent a client answer.","Catalog grouping or unsupported, no inferred client category.","Structural derivation only; see related rules.","No additional date rule.","Catalog grouping or unsupported, no inferred client category.","Preserve conflicts under R45/R46; no extra resolution here.","No additional trigger.","Catalog grouping or unsupported, no inferred client category.","Metadata preserves original issues/values; visibility and acknowledgement behavior in R33/R40.","Readiness behavior defined in R43–R51; metadata is not an independently fillable answer.","No independent error/warning.","ssa-intake-assistant/src/model/from-intake-checker.js:82; ssa-intake-assistant/src/model/intake-contract.js:24","ssa-intake-assistant/src/model/from-intake-checker.test.js:192","High: direct code inspection.","Distinguish profile metadata from fillable answer definitions; see related D findings.","Confirm intended meaning; approve any desired changes separately.","","Existing behavior audited; no changes made."
"derived-and-metadata","field.label (implementation member; not a fixed client-answer definition)","Field display label","Derived from the input/state identified in behavior.","Derived value / metadata","Repeating metadata per field/issue","Derived, not an independent client answer.","Only source/error/correction rows","Yes","Derived/control","Generated in the relevant parser/session/adapter/UI step.","Absent where the stated source or condition does not exist.","As stated in behavior; never invent a client answer.","Exact known/source label. Medical retains original Problem label; unsupported retains arbitrary source label.","Structural derivation only; see related rules.","No additional date rule.","Exact known/source label. Medical retains original Problem label; unsupported retains arbitrary source label.","Preserve conflicts under R45/R46; no extra resolution here.","No additional trigger.","Exact known/source label. Medical retains original Problem label; unsupported retains arbitrary source label.","Metadata preserves original issues/values; visibility and acknowledgement behavior in R33/R40.","Readiness behavior defined in R43–R51; metadata is not an independently fillable answer.","No independent error/warning.","ssa-intake-assistant/src/model/from-intake-checker.js:43; ssa-intake-assistant/src/model/from-intake-checker.js:82","ssa-intake-assistant/src/model/from-intake-checker.test.js:176","High: direct code inspection.","Distinguish profile metadata from fillable answer definitions; see related D findings.","Confirm intended meaning; approve any desired changes separately.","","Existing behavior audited; no changes made."
"derived-and-metadata","field.dataType (implementation member; not a fixed client-answer definition)","Field data type","Derived from the input/state identified in behavior.","Derived value / metadata","Repeating metadata per field/issue","Derived, not an independent client answer.","No","Yes","Derived/control","Generated in the relevant parser/session/adapter/UI step.","Absent where the stated source or condition does not exist.","As stated in behavior; never invent a client answer.","Known text/boolean/date; unsupported always text. Number-looking text is not coerced.","Structural derivation only; see related rules.","No additional date rule.","Known text/boolean/date; unsupported always text. Number-looking text is not coerced.","Preserve conflicts under R45/R46; no extra resolution here.","No additional trigger.","Known text/boolean/date; unsupported always text. Number-looking text is not coerced.","Metadata preserves original issues/values; visibility and acknowledgement behavior in R33/R40.","Readiness behavior defined in R43–R51; metadata is not an independently fillable answer.","No independent error/warning.","ssa-intake-assistant/src/model/intake-contract.js:15; ssa-intake-assistant/src/model/from-intake-checker.js:122","ssa-intake-assistant/src/model/from-intake-checker.test.js:16","High: direct code inspection.","Distinguish profile metadata from fillable answer definitions; see related D findings.","Confirm intended meaning; approve any desired changes separately.","","Existing behavior audited; no changes made."
"derived-and-metadata","field.value (implementation member; not a fixed client-answer definition)","Typed current answer","Derived from the input/state identified in behavior.","Derived value / metadata","Repeating metadata per field/issue","Derived, not an independent client answer.","Latest correction/summary as applicable","Yes","Derived/control","Generated in the relevant parser/session/adapter/UI step.","Absent where the stated source or condition does not exist.","As stated in behavior; never invent a client answer.","First encoded candidate when no raw conflict; null if conflict. Employee changes update parser node then adapter rebuilds.","Structural derivation only; see related rules.","No additional date rule.","First encoded candidate when no raw conflict; null if conflict. Employee changes update parser node then adapter rebuilds.","Preserve conflicts under R45/R46; no extra resolution here.","No additional trigger.","First encoded candidate when no raw conflict; null if conflict. Employee changes update parser node then adapter rebuilds.","Metadata preserves original issues/values; visibility and acknowledgement behavior in R33/R40.","Readiness behavior defined in R43–R51; metadata is not an independently fillable answer.","No independent error/warning.","ssa-intake-assistant/src/model/from-intake-checker.js:57; ssa-intake-assistant/src/model/from-intake-checker.js:83","ssa-intake-assistant/src/model/from-intake-checker.test.js:73; ssa-intake-assistant/src/model/from-intake-checker.test.js:125","High: direct code inspection.","Distinguish profile metadata from fillable answer definitions; see related D findings.","Confirm intended meaning; approve any desired changes separately.","","Existing behavior audited; no changes made."
"derived-and-metadata","field.precision (implementation member; not a fixed client-answer definition)","Date precision","Derived from the input/state identified in behavior.","Derived value / metadata","Repeating metadata per field/issue","Derived, not an independent client answer.","No","Yes","Derived/control","Generated in the relevant parser/session/adapter/UI step.","Absent where the stated source or condition does not exist.","As stated in behavior; never invent a client answer.","day/month for valid dates; null for nondates/invalid dates. Conflict may retain first candidate precision though value is null.","Structural derivation only; see related rules.","Preserve date precision; do not invent day.","day/month for valid dates; null for nondates/invalid dates. Conflict may retain first candidate precision though value is null.","Preserve conflicts under R45/R46; no extra resolution here.","No additional trigger.","day/month for valid dates; null for nondates/invalid dates. Conflict may retain first candidate precision though value is null.","Metadata preserves original issues/values; visibility and acknowledgement behavior in R33/R40.","Readiness behavior defined in R43–R51; metadata is not an independently fillable answer.","No independent error/warning.","ssa-intake-assistant/src/model/from-intake-checker.js:20; ssa-intake-assistant/src/model/from-intake-checker.js:83","ssa-intake-assistant/src/model/from-intake-checker.test.js:62","High: direct code inspection.","Distinguish profile metadata from fillable answer definitions; see related D findings.","Confirm intended meaning; approve any desired changes separately.","","Existing behavior audited; no changes made."
"derived-and-metadata","field.sources.section (implementation member; not a fixed client-answer definition)","Source section","Derived from the input/state identified in behavior.","Derived value / metadata","Repeating metadata per field/issue","Derived, not an independent client answer.","Issue context/source text","Yes","Derived/control","Generated in the relevant parser/session/adapter/UI step.","Absent where the stated source or condition does not exist.","As stated in behavior; never invent a client answer.","Definition section, or actual EDUCATION INFORMATION parent in School fallback; unsupported uses actual node title.","Structural derivation only; see related rules.","No additional date rule.","Definition section, or actual EDUCATION INFORMATION parent in School fallback; unsupported uses actual node title.","Preserve conflicts under R45/R46; no extra resolution here.","No additional trigger.","Definition section, or actual EDUCATION INFORMATION parent in School fallback; unsupported uses actual node title.","Metadata preserves original issues/values; visibility and acknowledgement behavior in R33/R40.","Readiness behavior defined in R43–R51; metadata is not an independently fillable answer.","No independent error/warning.","ssa-intake-assistant/src/model/from-intake-checker.js:72","ssa-intake-assistant/src/model/from-intake-checker.test.js:199","High: direct code inspection.","Distinguish profile metadata from fillable answer definitions; see related D findings.","Confirm intended meaning; approve any desired changes separately.","","Existing behavior audited; no changes made."
"derived-and-metadata","field.sources.record (implementation member; not a fixed client-answer definition)","Source record heading","Derived from the input/state identified in behavior.","Derived value / metadata","Repeating metadata per field/issue","Derived, not an independent client answer.","Issue context/source text","Yes","Derived/control","Generated in the relevant parser/session/adapter/UI step.","Absent where the stated source or condition does not exist.","As stated in behavior; never invent a client answer.","Candidate node title when recordId present, null for singleton.","Structural derivation only; see related rules.","No additional date rule.","Candidate node title when recordId present, null for singleton.","Preserve conflicts under R45/R46; no extra resolution here.","No additional trigger.","Candidate node title when recordId present, null for singleton.","Metadata preserves original issues/values; visibility and acknowledgement behavior in R33/R40.","Readiness behavior defined in R43–R51; metadata is not an independently fillable answer.","No independent error/warning.","ssa-intake-assistant/src/model/from-intake-checker.js:73","ssa-intake-assistant/src/model/from-intake-checker.test.js:165","High: direct code inspection.","Distinguish profile metadata from fillable answer definitions; see related D findings.","Confirm intended meaning; approve any desired changes separately.","","Existing behavior audited; no changes made."
"derived-and-metadata","field.sources.nodePath (implementation member; not a fixed client-answer definition)","Source node path","Derived from the input/state identified in behavior.","Derived value / metadata","Repeating metadata per field/issue","Derived, not an independent client answer.","Used by Find","Yes","Derived/control","Generated in the relevant parser/session/adapter/UI step.","Absent where the stated source or condition does not exist.","As stated in behavior; never invent a client answer.","Slash-separated zero-based parser path; keeps repeated headings distinct.","Structural derivation only; see related rules.","No additional date rule.","Slash-separated zero-based parser path; keeps repeated headings distinct.","Preserve conflicts under R45/R46; no extra resolution here.","No additional trigger.","Slash-separated zero-based parser path; keeps repeated headings distinct.","Metadata preserves original issues/values; visibility and acknowledgement behavior in R33/R40.","Readiness behavior defined in R43–R51; metadata is not an independently fillable answer.","No independent error/warning.","ssa-intake-assistant/src/model/from-intake-checker.js:74","ssa-intake-assistant/src/model/from-intake-checker.test.js:73","High: direct code inspection.","Distinguish profile metadata from fillable answer definitions; see related D findings.","Confirm intended meaning; approve any desired changes separately.","","Existing behavior audited; no changes made."
"derived-and-metadata","field.sources.label (implementation member; not a fixed client-answer definition)","Source label","Derived from the input/state identified in behavior.","Derived value / metadata","Repeating metadata per field/issue","Derived, not an independent client answer.","Raw text","Yes","Derived/control","Generated in the relevant parser/session/adapter/UI step.","Absent where the stated source or condition does not exist.","As stated in behavior; never invent a client answer.","Exact matched source field label; not normalized alias.","Structural derivation only; see related rules.","No additional date rule.","Exact matched source field label; not normalized alias.","Preserve conflicts under R45/R46; no extra resolution here.","No additional trigger.","Exact matched source field label; not normalized alias.","Metadata preserves original issues/values; visibility and acknowledgement behavior in R33/R40.","Readiness behavior defined in R43–R51; metadata is not an independently fillable answer.","No independent error/warning.","ssa-intake-assistant/src/model/from-intake-checker.js:74","ssa-intake-assistant/src/model/from-intake-checker.test.js:176","High: direct code inspection.","Distinguish profile metadata from fillable answer definitions; see related D findings.","Confirm intended meaning; approve any desired changes separately.","","Existing behavior audited; no changes made."
"derived-and-metadata","field.sources.range (implementation member; not a fixed client-answer definition)","Source character range","Derived from the input/state identified in behavior.","Derived value / metadata","Repeating metadata per field/issue","Derived, not an independent client answer.","Used by Find","Yes","Derived/control","Generated in the relevant parser/session/adapter/UI step.","Absent where the stated source or condition does not exist.","As stated in behavior; never invent a client answer.","Original UTF-16 offsets or null when absent/newly employee-entered. Range does not move after corrections.","Structural derivation only; see related rules.","No additional date rule.","Original UTF-16 offsets or null when absent/newly employee-entered. Range does not move after corrections.","Preserve conflicts under R45/R46; no extra resolution here.","No additional trigger.","Original UTF-16 offsets or null when absent/newly employee-entered. Range does not move after corrections.","Metadata preserves original issues/values; visibility and acknowledgement behavior in R33/R40.","Readiness behavior defined in R43–R51; metadata is not an independently fillable answer.","No independent error/warning.","intake-checker/parser.js:17; ssa-intake-assistant/src/model/from-intake-checker.js:74","tests/intake-source-location.test.js:35; ssa-intake-assistant/src/model/from-intake-checker.test.js:125","High: direct code inspection.","Distinguish profile metadata from fillable answer definitions; see related D findings.","Confirm intended meaning; approve any desired changes separately.","","Existing behavior audited; no changes made."
"derived-and-metadata","field.sources.rawValue (implementation member; not a fixed client-answer definition)","Original candidate value","Derived from the input/state identified in behavior.","Derived value / metadata","Repeating metadata per field/issue","Derived, not an independent client answer.","Original raw text; SSA Source detail","Yes","Derived/control","Generated in the relevant parser/session/adapter/UI step.","Absent where the stated source or condition does not exist.","As stated in behavior; never invent a client answer.","Original parser value before employee override, possibly null; text is not redacted in profile.","Structural derivation only; see related rules.","No additional date rule.","Original parser value before employee override, possibly null; text is not redacted in profile.","Preserve conflicts under R45/R46; no extra resolution here.","No additional trigger.","Original parser value before employee override, possibly null; text is not redacted in profile.","Metadata preserves original issues/values; visibility and acknowledgement behavior in R33/R40.","Readiness behavior defined in R43–R51; metadata is not an independently fillable answer.","No independent error/warning.","ssa-intake-assistant/src/model/from-intake-checker.js:75","ssa-intake-assistant/src/model/from-intake-checker.test.js:73; ssa-intake-assistant/src/model/from-intake-checker.test.js:145","High: direct code inspection.","Distinguish profile metadata from fillable answer definitions; see related D findings.","Confirm intended meaning; approve any desired changes separately.","","Existing behavior audited; no changes made."
"derived-and-metadata","field.origin (implementation member; not a fixed client-answer definition)","Answer origin","Derived from the input/state identified in behavior.","Derived value / metadata","Repeating metadata per field/issue","Derived, not an independent client answer.","Correction ledger; SSA employee-entered label","Yes","Derived/control","Generated in the relevant parser/session/adapter/UI step.","Absent where the stated source or condition does not exist.","As stated in behavior; never invent a client answer.","employee_entered if any edit; else parsed if candidate exists; otherwise absent.","Structural derivation only; see related rules.","No additional date rule.","employee_entered if any edit; else parsed if candidate exists; otherwise absent.","Preserve conflicts under R45/R46; no extra resolution here.","No additional trigger.","employee_entered if any edit; else parsed if candidate exists; otherwise absent.","Metadata preserves original issues/values; visibility and acknowledgement behavior in R33/R40.","Readiness behavior defined in R43–R51; metadata is not an independently fillable answer.","No independent error/warning.","ssa-intake-assistant/src/model/from-intake-checker.js:84","ssa-intake-assistant/src/model/from-intake-checker.test.js:125","High: direct code inspection.","Distinguish profile metadata from fillable answer definitions; see related D findings.","Confirm intended meaning; approve any desired changes separately.","","Existing behavior audited; no changes made."
"derived-and-metadata","field.validation.status (implementation member; not a fixed client-answer definition)","Field validation status","Derived from the input/state identified in behavior.","Derived value / metadata","Repeating metadata per field/issue","Derived, not an independent client answer.","Not direct Checker field","Yes","Derived/control","Generated in the relevant parser/session/adapter/UI step.","Absent where the stated source or condition does not exist.","As stated in behavior; never invent a client answer.","unresolved if any error or unacknowledged warning; else acknowledged if any attached issue; else no_issues. This is not full format validation.","Structural derivation only; see related rules.","No additional date rule.","unresolved if any error or unacknowledged warning; else acknowledged if any attached issue; else no_issues. This is not full format validation.","Preserve conflicts under R45/R46; no extra resolution here.","No additional trigger.","unresolved if any error or unacknowledged warning; else acknowledged if any attached issue; else no_issues. This is not full format validation.","Metadata preserves original issues/values; visibility and acknowledgement behavior in R33/R40.","Readiness behavior defined in R43–R51; metadata is not an independently fillable answer.","No independent error/warning.","ssa-intake-assistant/src/model/from-intake-checker.js:68; ssa-intake-assistant/src/model/from-intake-checker.js:85","ssa-intake-assistant/src/model/from-intake-checker.test.js:92; ssa-intake-assistant/src/model/from-intake-checker.test.js:114","High: direct code inspection.","Distinguish profile metadata from fillable answer definitions; see related D findings.","Confirm intended meaning; approve any desired changes separately.","","Existing behavior audited; no changes made."
"derived-and-metadata","field.employeeReview.status (implementation member; not a fixed client-answer definition)","Employee review status","Derived from the input/state identified in behavior.","Derived value / metadata","Repeating metadata per field/issue","Derived, not an independent client answer.","No direct Checker field","Yes","Derived/control","Generated in the relevant parser/session/adapter/UI step.","Absent where the stated source or condition does not exist.","As stated in behavior; never invent a client answer.","employee_entered if edits, else acknowledged if any associated acknowledged issue/review, else not_reviewed. Not a confirmation boolean.","Structural derivation only; see related rules.","No additional date rule.","employee_entered if edits, else acknowledged if any associated acknowledged issue/review, else not_reviewed. Not a confirmation boolean.","Preserve conflicts under R45/R46; no extra resolution here.","No additional trigger.","employee_entered if edits, else acknowledged if any associated acknowledged issue/review, else not_reviewed. Not a confirmation boolean.","Metadata preserves original issues/values; visibility and acknowledgement behavior in R33/R40.","Readiness behavior defined in R43–R51; metadata is not an independently fillable answer.","No independent error/warning.","ssa-intake-assistant/src/model/from-intake-checker.js:78; ssa-intake-assistant/src/model/from-intake-checker.js:86","ssa-intake-assistant/src/model/from-intake-checker.test.js:46; ssa-intake-assistant/src/model/from-intake-checker.test.js:103","High: direct code inspection.","Distinguish profile metadata from fillable answer definitions; see related D findings.","Confirm intended meaning; approve any desired changes separately.","","Existing behavior audited; no changes made."
"derived-and-metadata","field.employeeReview.acknowledgements (implementation member; not a fixed client-answer definition)","Associated decision IDs","Derived from the input/state identified in behavior.","Derived value / metadata","Repeating metadata per field/issue","Derived, not an independent client answer.","No direct list","Yes","Derived/control","Generated in the relevant parser/session/adapter/UI step.","Absent where the stated source or condition does not exist.","As stated in behavior; never invent a client answer.","Acknowledged attached issues and overlapping general-review range IDs. Range-less flags remain profile-level.","Structural derivation only; see related rules.","No additional date rule.","Acknowledged attached issues and overlapping general-review range IDs. Range-less flags remain profile-level.","Preserve conflicts under R45/R46; no extra resolution here.","No additional trigger.","Acknowledged attached issues and overlapping general-review range IDs. Range-less flags remain profile-level.","Metadata preserves original issues/values; visibility and acknowledgement behavior in R33/R40.","Readiness behavior defined in R43–R51; metadata is not an independently fillable answer.","No independent error/warning.","ssa-intake-assistant/src/model/from-intake-checker.js:77","ssa-intake-assistant/src/model/from-intake-checker.test.js:103","High: direct code inspection.","Distinguish profile metadata from fillable answer definitions; see related D findings.","Confirm intended meaning; approve any desired changes separately.","","Existing behavior audited; no changes made."
"derived-and-metadata","field.readiness (implementation member; not a fixed client-answer definition)","Ready/blocked result","Derived from the input/state identified in behavior.","Derived value / metadata","Repeating metadata per field/issue","Derived, not an independent client answer.","Only SSA handoff view","Yes","Derived/control","Generated in the relevant parser/session/adapter/UI step.","Absent where the stated source or condition does not exist.","As stated in behavior; never invent a client answer.","Any blocking reason -> blocked, otherwise ready. Other fields/requirements do not globally block except unparsed text.","Structural derivation only; see related rules.","No additional date rule.","Any blocking reason -> blocked, otherwise ready. Other fields/requirements do not globally block except unparsed text.","Preserve conflicts under R45/R46; no extra resolution here.","No additional trigger.","Any blocking reason -> blocked, otherwise ready. Other fields/requirements do not globally block except unparsed text.","Metadata preserves original issues/values; visibility and acknowledgement behavior in R33/R40.","Readiness behavior defined in R43–R51; metadata is not an independently fillable answer.","No independent error/warning.","ssa-intake-assistant/src/model/from-intake-checker.js:87","ssa-intake-assistant/src/model/from-intake-checker.test.js:92","High: direct code inspection.","Distinguish profile metadata from fillable answer definitions; see related D findings.","Confirm intended meaning; approve any desired changes separately.","","Existing behavior audited; no changes made."
"derived-and-metadata","field.blockingReasons (implementation member; not a fixed client-answer definition)","Reason list","Derived from the input/state identified in behavior.","Derived value / metadata","Repeating metadata per field/issue","Derived, not an independent client answer.","Only SSA handoff view","Yes","Derived/control","Generated in the relevant parser/session/adapter/UI step.","Absent where the stated source or condition does not exist.","As stated in behavior; never invent a client answer.","Zero or more missing/conflict/ambiguous/validation codes with message and optional issueId. Error dismissal appends clarification.","Structural derivation only; see related rules.","No additional date rule.","Zero or more missing/conflict/ambiguous/validation codes with message and optional issueId. Error dismissal appends clarification.","Preserve conflicts under R45/R46; no extra resolution here.","No additional trigger.","Zero or more missing/conflict/ambiguous/validation codes with message and optional issueId. Error dismissal appends clarification.","Metadata preserves original issues/values; visibility and acknowledgement behavior in R33/R40.","Readiness behavior defined in R43–R51; metadata is not an independently fillable answer.","No independent error/warning.","ssa-intake-assistant/src/model/from-intake-checker.js:61","ssa-intake-assistant/src/model/from-intake-checker.test.js:73; ssa-intake-assistant/src/model/from-intake-checker.test.js:92","High: direct code inspection.","Distinguish profile metadata from fillable answer definitions; see related D findings.","Confirm intended meaning; approve any desired changes separately.","","Existing behavior audited; no changes made."
"derived-and-metadata","field.correctionTarget (implementation member; not a fixed client-answer definition)","Allowed correction coordinates","Derived from the input/state identified in behavior.","Derived value / metadata","Repeating metadata per field/issue","Derived, not an independent client answer.","SSA correction control","Yes; not authorization for future extension","Derived/control","Generated in the relevant parser/session/adapter/UI step.","Absent where the stated source or condition does not exist.","As stated in behavior; never invent a client answer.","nodePath/section/label/range or null. Only mapped unambiguous candidate scope; handoff additionally requires blocked.","Structural derivation only; see related rules.","No additional date rule.","nodePath/section/label/range or null. Only mapped unambiguous candidate scope; handoff additionally requires blocked.","Preserve conflicts under R45/R46; no extra resolution here.","No additional trigger.","nodePath/section/label/range or null. Only mapped unambiguous candidate scope; handoff additionally requires blocked.","Metadata preserves original issues/values; visibility and acknowledgement behavior in R33/R40.","Readiness behavior defined in R43–R51; metadata is not an independently fillable answer.","No independent error/warning.","ssa-intake-assistant/src/model/from-intake-checker.js:79; ssa-intake-assistant/src/model/from-intake-checker.js:88","ssa-intake-assistant/src/model/from-intake-checker.test.js:73; ssa-intake-assistant/src/model/from-intake-checker.test.js:145","High: direct code inspection.","Distinguish profile metadata from fillable answer definitions; see related D findings.","Confirm intended meaning; approve any desired changes separately.","","Existing behavior audited; no changes made."
"derived-and-metadata","profile.validationIssues (implementation member; not a fixed client-answer definition)","Original issues with decision metadata","Derived from the input/state identified in behavior.","Derived value / metadata","Derived singleton or collection","Derived, not an independent client answer.","Only remaining shown in Checker","Yes","Derived/control","Generated in the relevant parser/session/adapter/UI step.","Absent where the stated source or condition does not exist.","As stated in behavior; never invent a client answer.","All issues retained with validation-index ID and acknowledged flag; no issue removed by dismissal.","Structural derivation only; see related rules.","No additional date rule.","All issues retained with validation-index ID and acknowledged flag; no issue removed by dismissal.","Preserve conflicts under R45/R46; no extra resolution here.","No additional trigger.","All issues retained with validation-index ID and acknowledged flag; no issue removed by dismissal.","Metadata preserves original issues/values; visibility and acknowledgement behavior in R33/R40.","Readiness behavior defined in R43–R51; metadata is not an independently fillable answer.","No independent error/warning.","ssa-intake-assistant/src/model/from-intake-checker.js:37","ssa-intake-assistant/src/model/from-intake-checker.test.js:92","High: direct code inspection.","Distinguish profile metadata from fillable answer definitions; see related D findings.","Confirm intended meaning; approve any desired changes separately.","","Existing behavior audited; no changes made."
"derived-and-metadata","profile.reviewDecisions (implementation member; not a fixed client-answer definition)","General review decisions","Derived from the input/state identified in behavior.","Derived value / metadata","Derived singleton or collection","Derived, not an independent client answer.","Only remaining shown in Checker","Yes","Derived/control","Generated in the relevant parser/session/adapter/UI step.","Absent where the stated source or condition does not exist.","As stated in behavior; never invent a client answer.","All general review items with review-index ID, acknowledged flag and kind=general-review. No manufactured answers.","Structural derivation only; see related rules.","No additional date rule.","All general review items with review-index ID, acknowledged flag and kind=general-review. No manufactured answers.","Preserve conflicts under R45/R46; no extra resolution here.","No additional trigger.","All general review items with review-index ID, acknowledged flag and kind=general-review. No manufactured answers.","Metadata preserves original issues/values; visibility and acknowledgement behavior in R33/R40.","Readiness behavior defined in R43–R51; metadata is not an independently fillable answer.","No independent error/warning.","ssa-intake-assistant/src/model/from-intake-checker.js:38","ssa-intake-assistant/src/model/from-intake-checker.test.js:103","High: direct code inspection.","Distinguish profile metadata from fillable answer definitions; see related D findings.","Confirm intended meaning; approve any desired changes separately.","","Existing behavior audited; no changes made."
"derived-and-metadata","profile.requirements (implementation member; not a fixed client-answer definition)","Unassigned requirements","Derived from the input/state identified in behavior.","Derived value / metadata","Derived singleton or collection","Derived, not an independent client answer.","Validation rows","Yes","Derived/control","Generated in the relevant parser/session/adapter/UI step.","Absent where the stated source or condition does not exist.","As stated in behavior; never invent a client answer.","Validation issues not associated with emitted fields; includes missing whole medical/current-spouse record conditions. Not counted as fields.","Structural derivation only; see related rules.","No additional date rule.","Validation issues not associated with emitted fields; includes missing whole medical/current-spouse record conditions. Not counted as fields.","Preserve conflicts under R45/R46; no extra resolution here.","No additional trigger.","Validation issues not associated with emitted fields; includes missing whole medical/current-spouse record conditions. Not counted as fields.","Metadata preserves original issues/values; visibility and acknowledgement behavior in R33/R40.","Readiness behavior defined in R43–R51; metadata is not an independently fillable answer.","No independent error/warning.","ssa-intake-assistant/src/model/from-intake-checker.js:129","ssa-intake-assistant/src/model/from-intake-checker.test.js:165","High: direct code inspection.","Distinguish profile metadata from fillable answer definitions; see related D findings.","Confirm intended meaning; approve any desired changes separately.","","Existing behavior audited; no changes made."
"derived-and-metadata","profile.deferred (implementation member; not a fixed client-answer definition)","Deferred rule notes","Derived from the input/state identified in behavior.","Derived value / metadata","Derived singleton or collection","Derived, not an independent client answer.","No","Yes","Derived/control","Generated in the relevant parser/session/adapter/UI step.","Absent where the stated source or condition does not exist.","As stated in behavior; never invent a client answer.","Two developer limitations on prior marriage and Total Earnings, carried but not rendered.","Structural derivation only; see related rules.","No additional date rule.","Two developer limitations on prior marriage and Total Earnings, carried but not rendered.","Preserve conflicts under R45/R46; no extra resolution here.","No additional trigger.","Two developer limitations on prior marriage and Total Earnings, carried but not rendered.","Metadata preserves original issues/values; visibility and acknowledgement behavior in R33/R40.","Readiness behavior defined in R43–R51; metadata is not an independently fillable answer.","No independent error/warning.","intake-checker/rules.js:62; ssa-intake-assistant/src/model/from-intake-checker.js:130","tests/intake-validation.test.js:153","High: direct code inspection.","Distinguish profile metadata from fillable answer definitions; see related D findings.","Confirm intended meaning; approve any desired changes separately.","","Existing behavior audited; no changes made."
"derived-and-metadata","profileSummary.total (implementation member; not a fixed client-answer definition)","Total field count","Derived from the input/state identified in behavior.","Derived value / metadata","Derived singleton or collection","Derived, not an independent client answer.","SSA view only","Derived, not stored in profile","Derived/control","Generated in the relevant parser/session/adapter/UI step.","Absent where the stated source or condition does not exist.","As stated in behavior; never invent a client answer.","fields.length, includes synthesized missing fields and unsupported fields, excludes requirements.","Structural derivation only; see related rules.","No additional date rule.","fields.length, includes synthesized missing fields and unsupported fields, excludes requirements.","Preserve conflicts under R45/R46; no extra resolution here.","No additional trigger.","fields.length, includes synthesized missing fields and unsupported fields, excludes requirements.","Metadata preserves original issues/values; visibility and acknowledgement behavior in R33/R40.","Readiness behavior defined in R43–R51; metadata is not an independently fillable answer.","No independent error/warning.","ssa-intake-assistant/src/model/intake-contract.js:53","ssa-intake-assistant/src/model/from-intake-checker.test.js:165","High: direct code inspection.","Distinguish profile metadata from fillable answer definitions; see related D findings.","Confirm intended meaning; approve any desired changes separately.","","Existing behavior audited; no changes made."
"derived-and-metadata","profileSummary.received (implementation member; not a fixed client-answer definition)","Received field count","Derived from the input/state identified in behavior.","Derived value / metadata","Derived singleton or collection","Derived, not an independent client answer.","SSA view only","Derived, not stored in profile","Derived/control","Generated in the relevant parser/session/adapter/UI step.","Absent where the stated source or condition does not exist.","As stated in behavior; never invent a client answer.","Number of fields with at least one source entry; employee-added answer counts received even with null original range.","Structural derivation only; see related rules.","No additional date rule.","Number of fields with at least one source entry; employee-added answer counts received even with null original range.","Preserve conflicts under R45/R46; no extra resolution here.","No additional trigger.","Number of fields with at least one source entry; employee-added answer counts received even with null original range.","Metadata preserves original issues/values; visibility and acknowledgement behavior in R33/R40.","Readiness behavior defined in R43–R51; metadata is not an independently fillable answer.","No independent error/warning.","ssa-intake-assistant/src/model/intake-contract.js:54","ssa-intake-assistant/src/model/from-intake-checker.test.js:16; M19 (employee-added received count not directly asserted)","High: direct code inspection.","Distinguish profile metadata from fillable answer definitions; see related D findings.","Confirm intended meaning; approve any desired changes separately.","","Existing behavior audited; no changes made."
"derived-and-metadata","profileSummary.ready (implementation member; not a fixed client-answer definition)","Ready field count","Derived from the input/state identified in behavior.","Derived value / metadata","Derived singleton or collection","Derived, not an independent client answer.","SSA view only","Derived","Derived/control","Generated in the relevant parser/session/adapter/UI step.","Absent where the stated source or condition does not exist.","As stated in behavior; never invent a client answer.","Count readiness exactly ready, no additional gate in counter.","Structural derivation only; see related rules.","No additional date rule.","Count readiness exactly ready, no additional gate in counter.","Preserve conflicts under R45/R46; no extra resolution here.","No additional trigger.","Count readiness exactly ready, no additional gate in counter.","Metadata preserves original issues/values; visibility and acknowledgement behavior in R33/R40.","Readiness behavior defined in R43–R51; metadata is not an independently fillable answer.","No independent error/warning.","ssa-intake-assistant/src/model/intake-contract.js:55","ssa-intake-assistant/tests/readiness-browser-check.mjs:38","High: direct code inspection.","Distinguish profile metadata from fillable answer definitions; see related D findings.","Confirm intended meaning; approve any desired changes separately.","","Existing behavior audited; no changes made."
"derived-and-metadata","profileSummary.blocked (implementation member; not a fixed client-answer definition)","Blocked field count","Derived from the input/state identified in behavior.","Derived value / metadata","Derived singleton or collection","Derived, not an independent client answer.","SSA view only","Derived","Derived/control","Generated in the relevant parser/session/adapter/UI step.","Absent where the stated source or condition does not exist.","As stated in behavior; never invent a client answer.","Count readiness exactly blocked; total=ready+blocked for current adapter output.","Structural derivation only; see related rules.","No additional date rule.","Count readiness exactly blocked; total=ready+blocked for current adapter output.","Preserve conflicts under R45/R46; no extra resolution here.","No additional trigger.","Count readiness exactly blocked; total=ready+blocked for current adapter output.","Metadata preserves original issues/values; visibility and acknowledgement behavior in R33/R40.","Readiness behavior defined in R43–R51; metadata is not an independently fillable answer.","No independent error/warning.","ssa-intake-assistant/src/model/intake-contract.js:56","ssa-intake-assistant/src/model/from-intake-checker.test.js:165","High: direct code inspection.","Distinguish profile metadata from fillable answer definitions; see related D findings.","Confirm intended meaning; approve any desired changes separately.","","Existing behavior audited; no changes made."
"derived-and-metadata","profileSummary.missing (implementation member; not a fixed client-answer definition)","Missing field count","Derived from the input/state identified in behavior.","Derived value / metadata","Derived singleton or collection","Derived, not an independent client answer.","SSA view only","Derived","Derived/control","Generated in the relevant parser/session/adapter/UI step.","Absent where the stated source or condition does not exist.","As stated in behavior; never invent a client answer.","Count fields with missing reason, including invalid dates; may overlap conflict count.","Structural derivation only; see related rules.","No additional date rule.","Count fields with missing reason, including invalid dates; may overlap conflict count.","Preserve conflicts under R45/R46; no extra resolution here.","No additional trigger.","Count fields with missing reason, including invalid dates; may overlap conflict count.","Metadata preserves original issues/values; visibility and acknowledgement behavior in R33/R40.","Readiness behavior defined in R43–R51; metadata is not an independently fillable answer.","No independent error/warning.","ssa-intake-assistant/src/model/intake-contract.js:57","ssa-intake-assistant/tests/readiness-browser-check.mjs:38","High: direct code inspection.","Distinguish profile metadata from fillable answer definitions; see related D findings.","Confirm intended meaning; approve any desired changes separately.","","Existing behavior audited; no changes made."
"derived-and-metadata","profileSummary.conflicts (implementation member; not a fixed client-answer definition)","Conflict field count","Derived from the input/state identified in behavior.","Derived value / metadata","Derived singleton or collection","Derived, not an independent client answer.","SSA view only","Derived","Derived/control","Generated in the relevant parser/session/adapter/UI step.","Absent where the stated source or condition does not exist.","As stated in behavior; never invent a client answer.","Count fields with conflict reason, not number of competing candidates.","Structural derivation only; see related rules.","No additional date rule.","Count fields with conflict reason, not number of competing candidates.","Preserve conflicts under R45/R46; no extra resolution here.","No additional trigger.","Count fields with conflict reason, not number of competing candidates.","Metadata preserves original issues/values; visibility and acknowledgement behavior in R33/R40.","Readiness behavior defined in R43–R51; metadata is not an independently fillable answer.","No independent error/warning.","ssa-intake-assistant/src/model/intake-contract.js:58","ssa-intake-assistant/tests/readiness-browser-check.mjs:38","High: direct code inspection.","Distinguish profile metadata from fillable answer definitions; see related D findings.","Confirm intended meaning; approve any desired changes separately.","","Existing behavior audited; no changes made."
"rules-and-state","audit.R01 (audit-only; not a production field ID)","Raw intake textarea / submission","See exact condition.","Rule / derived metadata","Derived or control rule","Not an independent parsed answer.","Yes: editable textarea.","No raw text blob; parsed values, unparsed lines and source offsets transfer.","Always required","User clicks Check Intake.","Outside the stated condition.","Does not invent an answer.","Empty trimmed input shows Paste the DeLorean intake text first. Nonempty input parses once. Raw input remains in the DOM; no full parsed-field table is rendered.","See behavior.","See behavior where applicable.","Empty trimmed input shows Paste the DeLorean intake text first. Nonempty input parses once. Raw input remains in the DOM; no full parsed-field table is rendered.","See behavior where applicable.","See behavior where applicable.","Only the stated output; no client answer inferred.","Checker Reviewed hides the issue without changing the answer. A still-present error remains blocking in the profile even if reviewed. An acknowledged warning stops blocking unless another reason remains. General review flags never establish an answer.","See behavior.","See behavior for exact text.","intake-checker/intake-checker.js:37; intake-checker/index.html:23","tests/intake-browser-check.mjs:18","High: direct code inspection.","See discrepancy register where noted.","Review current behavior; no change made.","","Existing behavior audited; no changes made."
"rules-and-state","audit.R02 (audit-only; not a production field ID)","Section and record structure","See exact condition.","Rule / derived metadata","Derived or control rule","Not an independent parsed answer.","As specified in behavior.","As specified in behavior.","Rule/control","Recognized heading or field line.","Outside the stated condition.","Does not invent an answer.","Plain sections come from rules, parents and MEDICAL PROBLEMS. Markdown levels 1–3 and standalone bold headings start roots; levels 4–6 nest records. Plain configured record headings need an existing section. Matching is exact/case-sensitive; arbitrary Markdown/bold titles are accepted.","See behavior.","See behavior where applicable.","Plain sections come from rules, parents and MEDICAL PROBLEMS. Markdown levels 1–3 and standalone bold headings start roots; levels 4–6 nest records. Plain configured record headings need an existing section. Matching is exact/case-sensitive; arbitrary Markdown/bold titles are accepted.","See behavior where applicable.","See behavior where applicable.","Only the stated output; no client answer inferred.","Checker Reviewed hides the issue without changing the answer. A still-present error remains blocking in the profile even if reviewed. An acknowledged warning stops blocking unless another reason remains. General review flags never establish an answer.","See behavior.","See behavior for exact text.","intake-checker/parser.js:4; intake-checker/parser.js:43","tests/intake-parser.test.js:13; tests/intake-parser.test.js:79","High: direct code inspection.","See discrepancy register where noted.","Review current behavior; no change made.","","Existing behavior audited; no changes made."
"rules-and-state","audit.R03 (audit-only; not a production field ID)","Multiline values and unknown plain text","See exact condition.","Rule / derived metadata","Derived or control rule","Not an independent parsed answer.","As specified in behavior.","As specified in behavior.","Rule/control","A nonstructural line arrives.","Outside the stated condition.","Does not invent an answer.","With an active field it appends to that value, including unknown colon labels. Otherwise nonblank text becomes unparsed with original line number. Thus unparsed.length=0 does not prove all labels were recognized.","See behavior.","See behavior where applicable.","With an active field it appends to that value, including unknown colon labels. Otherwise nonblank text becomes unparsed with original line number. Thus unparsed.length=0 does not prove all labels were recognized.","See behavior where applicable.","See behavior where applicable.","Only the stated output; no client answer inferred.","Checker Reviewed hides the issue without changing the answer. A still-present error remains blocking in the profile even if reviewed. An acknowledged warning stops blocking unless another reason remains. General review flags never establish an answer.","See behavior.","See behavior for exact text.","intake-checker/parser.js:77","tests/intake-parser.test.js:55","High: direct code inspection.","D12: unknown plain question can be swallowed into a ready text answer.","Review current behavior; no change made.","","Existing behavior audited; no changes made."
"rules-and-state","audit.R04 (audit-only; not a production field ID)","Missing-value normalization","See exact condition.","Rule / derived metadata","Derived or control rule","Not an independent parsed answer.","As specified in behavior.","As specified in behavior.","Rule/control","Before Checker presence rules and profile encoding.","Outside the stated condition.","Does not invent an answer.","Parser/Checker recognize only blank and Not provided (with optional paired asterisks). Adapter also recognizes its expanded placeholders and invalid dates. Checker preserves No, Yes, numeric/string zero, false and None.","See behavior.","See behavior where applicable.","Parser/Checker recognize only blank and Not provided (with optional paired asterisks). Adapter also recognizes its expanded placeholders and invalid dates. Checker preserves No, Yes, numeric/string zero, false and None.","See behavior where applicable.","See behavior where applicable.","Only the stated output; no client answer inferred.","Checker Reviewed hides the issue without changing the answer. A still-present error remains blocking in the profile even if reviewed. An acknowledged warning stops blocking unless another reason remains. General review flags never establish an answer.","See behavior.","See behavior for exact text.","intake-checker/parser.js:28; intake-checker/validation.js:3; ssa-intake-assistant/src/model/from-intake-checker.js:15; ssa-intake-assistant/src/model/validation.js:3","tests/intake-validation.test.js:14; ssa-intake-assistant/src/model/from-intake-checker.test.js:55","High: direct code inspection.","D04: Checker can count an answer present while profile classifies it missing.","Review current behavior; no change made.","","Existing behavior audited; no changes made."
"rules-and-state","audit.R05 (audit-only; not a production field ID)","Grouped missing required section","See exact condition.","Rule / derived metadata","Derived or control rule","Not an independent parsed answer.","As specified in behavior.","As specified in behavior.","Rule/control","No section exists, or none of its required labels has a nonmissing value.","Outside the stated condition.","Does not invent an answer.","One <SECTION> is required but was not provided. error replaces per-field errors. If at least one required value exists, report missing labels separately. Optional populated fields do not prevent grouping.","See behavior.","See behavior where applicable.","One <SECTION> is required but was not provided. error replaces per-field errors. If at least one required value exists, report missing labels separately. Optional populated fields do not prevent grouping.","See behavior where applicable.","See behavior where applicable.","Only the stated output; no client answer inferred.","Checker Reviewed hides the issue without changing the answer. A still-present error remains blocking in the profile even if reviewed. An acknowledged warning stops blocking unless another reason remains. General review flags never establish an answer.","See behavior.","See behavior for exact text.","intake-checker/validation.js:49","tests/intake-validation.test.js:19; tests/intake-validation.test.js:208","High: direct code inspection.","See discrepancy register where noted.","Review current behavior; no change made.","","Existing behavior audited; no changes made."
"rules-and-state","audit.R06 (audit-only; not a production field ID)","Employment exemption","See exact condition.","Rule / derived metadata","Derived or control rule","Not an independent parsed answer.","As specified in behavior.","As specified in behavior.","Rule/control","Have you ever worked distinct nonmissing values normalize solely to no.","Outside the stated condition.","Does not invent an answer.","Remove When did you last work from required fields; Currently working remains required. Neither false nor a yes/no conflict qualifies. A grouped error is expanded by the adapter using the original unfiltered section.required list.","See behavior.","See behavior where applicable.","Remove When did you last work from required fields; Currently working remains required. Neither false nor a yes/no conflict qualifies. A grouped error is expanded by the adapter using the original unfiltered section.required list.","See behavior where applicable.","See behavior where applicable.","Only the stated output; no client answer inferred.","Checker Reviewed hides the issue without changing the answer. A still-present error remains blocking in the profile even if reviewed. An acknowledged warning stops blocking unless another reason remains. General review flags never establish an answer.","See behavior.","See behavior for exact text.","intake-checker/validation.js:74; ssa-intake-assistant/src/model/from-intake-checker.js:51","tests/intake-validation.test.js:129; M02 (grouped exemption and false missing)","High: direct code inspection.","D10 and D18.","Review current behavior; no change made.","","Existing behavior audited; no changes made."
"rules-and-state","audit.R07 (audit-only; not a production field ID)","Repeating-record recognition","See exact condition.","Rule / derived metadata","Derived or control rule","Not an independent parsed answer.","As specified in behavior.","As specified in behavior.","Rule/control","Descendant of provider/medication/job/child root.","Outside the stated condition.","Does not invent an answer.","Validator accepts configured heading OR a required/recognition label, then stops descending that recognized record. Otherwise descends wrappers; an unknown leaf warns. Empty child leaves are allowed. Adapter walks all descendants even beneath a recognized parent.","See behavior.","See behavior where applicable.","Validator accepts configured heading OR a required/recognition label, then stops descending that recognized record. Otherwise descends wrappers; an unknown leaf warns. Empty child leaves are allowed. Adapter walks all descendants even beneath a recognized parent.","See behavior where applicable.","See behavior where applicable.","Only the stated output; no client answer inferred.","Checker Reviewed hides the issue without changing the answer. A still-present error remains blocking in the profile even if reviewed. An acknowledged warning stops blocking unless another reason remains. General review flags never establish an answer.","See behavior.","See behavior for exact text.","intake-checker/validation.js:82; ssa-intake-assistant/src/model/from-intake-checker.js:102","tests/intake-validation.test.js:43; tests/intake-validation.test.js:195; M03 (nested recognized records missing); M06: boundary gaps in summary.","High: direct code inspection.","D11: nested records may be transferred without their required fields being validated.","Review current behavior; no change made.","","Existing behavior audited; no changes made."
"rules-and-state","audit.R08 (audit-only; not a production field ID)","Unknown record warning","See exact condition.","Rule / derived metadata","Derived or control rule","Not an independent parsed answer.","As specified in behavior.","As specified in behavior.","Review-only","Unrecognized leaf under provider/medication/job/child root, except empty allowed child.","Outside the stated condition.","Does not invent an answer.","Record structure is not recognized. Review the parsed structure; this record was not validated. Warning. UI substitutes pasted intake for parsed structure. Not an invented set of missing fields.","See behavior.","See behavior where applicable.","Record structure is not recognized. Review the parsed structure; this record was not validated. Warning. UI substitutes pasted intake for parsed structure. Not an invented set of missing fields.","See behavior where applicable.","See behavior where applicable.","Only the stated output; no client answer inferred.","Checker Reviewed hides the issue without changing the answer. A still-present error remains blocking in the profile even if reviewed. An acknowledged warning stops blocking unless another reason remains. General review flags never establish an answer.","See behavior.","See behavior for exact text.","intake-checker/validation.js:90; intake-checker/intake-checker.js:76","tests/intake-validation.test.js:195","High: direct code inspection.","See discrepancy register where noted.","Review current behavior; no change made.","","Existing behavior audited; no changes made."
"rules-and-state","audit.R09 (audit-only; not a production field ID)","Provider name alternatives","See exact condition.","Rule / derived metadata","Derived or control rule","Not an independent parsed answer.","As specified in behavior.","As specified in behavior.","Rule/control","Recognized provider lacks Clinic Name AND Doctor First Name AND Doctor Last Name values.","Outside the stated condition.","Does not invent an answer.","One error on Clinic Name: Clinic Name or a doctor name is required but was not provided. Either doctor name alone is sufficient.","See behavior.","See behavior where applicable.","One error on Clinic Name: Clinic Name or a doctor name is required but was not provided. Either doctor name alone is sufficient.","See behavior where applicable.","See behavior where applicable.","Only the stated output; no client answer inferred.","Checker Reviewed hides the issue without changing the answer. A still-present error remains blocking in the profile even if reviewed. An acknowledged warning stops blocking unless another reason remains. General review flags never establish an answer.","See behavior.","See behavior for exact text.","intake-checker/validation.js:116","tests/intake-validation.test.js:100; M04 (each single doctor-name alternative not directly tested)","High: direct code inspection.","See discrepancy register where noted.","Review current behavior; no change made.","","Existing behavior audited; no changes made."
"rules-and-state","audit.R10 (audit-only; not a production field ID)","Last Visit conditional presence","See exact condition.","Rule / derived metadata","Derived or control rule","Not an independent parsed answer.","As specified in behavior.","As specified in behavior.","Rule/control","At least one nonmissing First Visit Date but no nonmissing Last Visit Date in that provider.","Outside the stated condition.","Does not invent an answer.","Last Visit Date is required when First Visit Date is provided. Uses nonmissing presence even when first-date duplicates conflict.","See behavior.","See behavior where applicable.","Last Visit Date is required when First Visit Date is provided. Uses nonmissing presence even when first-date duplicates conflict.","See behavior where applicable.","See behavior where applicable.","Only the stated output; no client answer inferred.","Checker Reviewed hides the issue without changing the answer. A still-present error remains blocking in the profile even if reviewed. An acknowledged warning stops blocking unless another reason remains. General review flags never establish an answer.","See behavior.","See behavior for exact text.","intake-checker/validation.js:120","tests/intake-validation.test.js:82; M05 (duplicate dates dependent skip/conditional combination)","High: direct code inspection.","See discrepancy register where noted.","Review current behavior; no change made.","","Existing behavior audited; no changes made."
"rules-and-state","audit.R11 (audit-only; not a production field ID)","Calendar parser","See exact condition.","Rule / derived metadata","Derived or control rule","Not an independent parsed answer.","As specified in behavior.","As specified in behavior.","Rule/control","String in one explicitly supported calendar format.","Outside the stated condition.","Does not invent an answer.","Accept ISO month/day, slash month/day or month/year, English full/three-letter month optional day. Year >=1000, valid month/day and leap arithmetic. Returns day=1 internally for month precision, with precision=month; profile does not invent that day.","See behavior.","See behavior where applicable.","Accept ISO month/day, slash month/day or month/year, English full/three-letter month optional day. Year >=1000, valid month/day and leap arithmetic. Returns day=1 internally for month precision, with precision=month; profile does not invent that day.","See behavior where applicable.","See behavior where applicable.","Only the stated output; no client answer inferred.","Checker Reviewed hides the issue without changing the answer. A still-present error remains blocking in the profile even if reviewed. An acknowledged warning stops blocking unless another reason remains. General review flags never establish an answer.","See behavior.","See behavior for exact text.","intake-checker/validation.js:8; ssa-intake-assistant/src/model/from-intake-checker.js:20","tests/intake-validation.test.js:112; ssa-intake-assistant/src/model/from-intake-checker.test.js:62; M06 (year bounds/full format matrix); M06: boundary gaps in summary.","High: direct code inspection.","See discrepancy register where noted.","Review current behavior; no change made.","","Existing behavior audited; no changes made."
"rules-and-state","audit.R12 (audit-only; not a production field ID)","Provider invalid-date warning","See exact condition.","Rule / derived metadata","Derived or control rule","Not an independent parsed answer.","As specified in behavior.","As specified in behavior.","Review-only","Both unique First and Last exist, or unique Next exists.","Outside the stated condition.","Does not invent an answer.","Invalid format/calendar yields warning: Date format is not recognized or the calendar date is invalid. Review this date; comparison was skipped. Last-only and First without Last do not get this Checker format warning; adapter still requires calendar encoding.","See behavior.","See behavior where applicable.","Invalid format/calendar yields warning: Date format is not recognized or the calendar date is invalid. Review this date; comparison was skipped. Last-only and First without Last do not get this Checker format warning; adapter still requires calendar encoding.","See behavior where applicable.","See behavior where applicable.","Only the stated output; no client answer inferred.","Checker Reviewed hides the issue without changing the answer. A still-present error remains blocking in the profile even if reviewed. An acknowledged warning stops blocking unless another reason remains. General review flags never establish an answer.","See behavior.","See behavior for exact text.","intake-checker/validation.js:126","tests/intake-validation.test.js:82; M07 (invalid lone First/Last cases)","High: direct code inspection.","D06.","Review current behavior; no change made.","","Existing behavior audited; no changes made."
"rules-and-state","audit.R13 (audit-only; not a production field ID)","Provider chronological order","See exact condition.","Rule / derived metadata","Derived or control rule","Not an independent parsed answer.","As specified in behavior.","As specified in behavior.","Rule/control","Both First and Last calendar-parse.","Outside the stated condition.","Does not invent an answer.","Last month before First, or same month with both day precision and earlier Last day -> error on Last: Last Visit Date must be on or after First Visit Date. Equality with day precision passes.","See behavior.","See behavior where applicable.","Last month before First, or same month with both day precision and earlier Last day -> error on Last: Last Visit Date must be on or after First Visit Date. Equality with day precision passes.","See behavior where applicable.","See behavior where applicable.","Only the stated output; no client answer inferred.","Checker Reviewed hides the issue without changing the answer. A still-present error remains blocking in the profile even if reviewed. An acknowledged warning stops blocking unless another reason remains. General review flags never establish an answer.","See behavior.","See behavior for exact text.","intake-checker/validation.js:133","tests/intake-validation.test.js:82; ssa-intake-assistant/src/model/from-intake-checker.test.js:199","High: direct code inspection.","See discrepancy register where noted.","Review current behavior; no change made.","","Existing behavior audited; no changes made."
"rules-and-state","audit.R14 (audit-only; not a production field ID)","Provider date precision review","See exact condition.","Rule / derived metadata","Derived or control rule","Not an independent parsed answer.","As specified in behavior.","As specified in behavior.","Review-only","First and Last in same month, either has month-only precision.","Outside the stated condition.","Does not invent an answer.","Warning on Last: Visit dates in the same month lack day precision. Review their order. Reviewed can unblock Last; no day added.","See behavior.","See behavior where applicable.","Warning on Last: Visit dates in the same month lack day precision. Review their order. Reviewed can unblock Last; no day added.","See behavior where applicable.","See behavior where applicable.","Only the stated output; no client answer inferred.","Checker Reviewed hides the issue without changing the answer. A still-present error remains blocking in the profile even if reviewed. An acknowledged warning stops blocking unless another reason remains. General review flags never establish an answer.","See behavior.","See behavior for exact text.","intake-checker/validation.js:141; ssa-intake-assistant/src/model/from-intake-checker.js:68","tests/intake-validation.test.js:93; ssa-intake-assistant/src/model/from-intake-checker.test.js:114","High: direct code inspection.","See discrepancy register where noted.","Review current behavior; no change made.","","Existing behavior audited; no changes made."
"rules-and-state","audit.R15 (audit-only; not a production field ID)","Next Visit month boundary","See exact condition.","Rule / derived metadata","Derived or control rule","Not an independent parsed answer.","As specified in behavior.","As specified in behavior.","Rule/control","Unique valid Next Visit Date exists.","Outside the stated condition.","Does not invent an answer.","Month earlier than device local current month -> error. Today is not the boundary; earlier days in current month pass. No upper bound.","See behavior.","See behavior where applicable.","Month earlier than device local current month -> error. Today is not the boundary; earlier days in current month pass. No upper bound.","See behavior where applicable.","See behavior where applicable.","Only the stated output; no client answer inferred.","Checker Reviewed hides the issue without changing the answer. A still-present error remains blocking in the profile even if reviewed. An acknowledged warning stops blocking unless another reason remains. General review flags never establish an answer.","See behavior.","See behavior for exact text.","intake-checker/validation.js:146","tests/intake-validation.test.js:90","High: direct code inspection.","See discrepancy register where noted.","Review current behavior; no change made.","","Existing behavior audited; no changes made."
"rules-and-state","audit.R16 (audit-only; not a production field ID)","Current-year job address condition","See exact condition.","Rule / derived metadata","Derived or control rule","Not an independent parsed answer.","As specified in behavior.","As specified in behavior.","Rule/control","Unique valid job End Date year equals device local current year.","Outside the stated condition.","Does not invent an answer.","Address, City, State, Zipcode required for that job. Invalid or conflicting End Date skips address check. Neither rolling year nor currently-working condition.","See behavior.","See behavior where applicable.","Address, City, State, Zipcode required for that job. Invalid or conflicting End Date skips address check. Neither rolling year nor currently-working condition.","See behavior where applicable.","See behavior where applicable.","Only the stated output; no client answer inferred.","Checker Reviewed hides the issue without changing the answer. A still-present error remains blocking in the profile even if reviewed. An acknowledged warning stops blocking unless another reason remains. General review flags never establish an answer.","See behavior.","See behavior for exact text.","intake-checker/validation.js:111","tests/intake-validation.test.js:118; M05 (conflicting End Date skip)","High: direct code inspection.","See discrepancy register where noted.","Review current behavior; no change made.","","Existing behavior audited; no changes made."
"rules-and-state","audit.R17 (audit-only; not a production field ID)","Medical problem group minimum","See exact condition.","Rule / derived metadata","Derived or control rule","Not an independent parsed answer.","As specified in behavior.","As specified in behavior.","Rule/control","Every validated intake.","Outside the stated condition.","Does not invent an answer.","At least one nonmissing matching Problem label under MEDICAL PROBLEMS is required. None is considered supplied by Checker. Missing group creates a requirement, not hypothetical answer fields.","See behavior.","See behavior where applicable.","At least one nonmissing matching Problem label under MEDICAL PROBLEMS is required. None is considered supplied by Checker. Missing group creates a requirement, not hypothetical answer fields.","See behavior where applicable.","See behavior where applicable.","Only the stated output; no client answer inferred.","Checker Reviewed hides the issue without changing the answer. A still-present error remains blocking in the profile even if reviewed. An acknowledged warning stops blocking unless another reason remains. General review flags never establish an answer.","See behavior.","See behavior for exact text.","intake-checker/validation.js:152; ssa-intake-assistant/src/model/from-intake-checker.js:113; ssa-intake-assistant/src/model/from-intake-checker.js:129","tests/intake-validation.test.js:76","High: direct code inspection.","See discrepancy register where noted.","Review current behavior; no change made.","","Existing behavior audited; no changes made."
"rules-and-state","audit.R18 (audit-only; not a production field ID)","Current Spouse record and fields","See exact condition.","Rule / derived metadata","Derived or control rule","Not an independent parsed answer.","As specified in behavior.","As specified in behavior.","Rule/control","Unique nonmissing Marital Status equals exact Married.","Outside the stated condition.","Does not invent an answer.","Find all descendant Current Spouse headings. None -> Current Spouse record is required when Marital Status is Married. Existing records each require 10 fields. No prior-marriage duration or age calculation.","See behavior.","See behavior where applicable.","Find all descendant Current Spouse headings. None -> Current Spouse record is required when Marital Status is Married. Existing records each require 10 fields. No prior-marriage duration or age calculation.","See behavior where applicable.","See behavior where applicable.","Only the stated output; no client answer inferred.","Checker Reviewed hides the issue without changing the answer. A still-present error remains blocking in the profile even if reviewed. An acknowledged warning stops blocking unless another reason remains. General review flags never establish an answer.","See behavior.","See behavior for exact text.","intake-checker/validation.js:166","tests/intake-validation.test.js:145; M08 (case variants and same-value status duplicates)","High: direct code inspection.","See discrepancy register where noted.","Review current behavior; no change made.","","Existing behavior audited; no changes made."
"rules-and-state","audit.R19 (audit-only; not a production field ID)","Type of Marriage independent condition","See exact condition.","Rule / derived metadata","Derived or control rule","Not an independent parsed answer.","As specified in behavior.","As specified in behavior.","Rule/control","Any immediate marriage subsection has any required/optional spouse label, regardless of its value.","Outside the stated condition.","Does not invent an answer.","Require Type of Marriage even outside Married. Error text says details are provided, but a blank label qualifies. Married Current Spouse can also receive the generic missing Type of Marriage error.","See behavior.","See behavior where applicable.","Require Type of Marriage even outside Married. Error text says details are provided, but a blank label qualifies. Married Current Spouse can also receive the generic missing Type of Marriage error.","See behavior where applicable.","See behavior where applicable.","Only the stated output; no client answer inferred.","Checker Reviewed hides the issue without changing the answer. A still-present error remains blocking in the profile even if reviewed. An acknowledged warning stops blocking unless another reason remains. General review flags never establish an answer.","See behavior.","See behavior for exact text.","intake-checker/validation.js:160","tests/intake-validation.test.js:152; M08 (blank label and duplicate error not directly asserted)","High: direct code inspection.","D09.","Review current behavior; no change made.","","Existing behavior audited; no changes made."
"rules-and-state","audit.R20 (audit-only; not a production field ID)","Exact person-name period rule","See exact condition.","Rule / derived metadata","Derived or control rule","Not an independent parsed answer.","As specified in behavior.","As specified in behavior.","Rule/control","Nonmissing configured name label within the scoped section or descendants.","Outside the stated condition.","Does not invent an answer.","Any period -> Periods are not allowed in person names. Covers 19 scoped name definitions. School fallback applies to Teacher Name. No rule on clinic/school/employer/business names or email.","See behavior.","See behavior where applicable.","Any period -> Periods are not allowed in person names. Covers 19 scoped name definitions. School fallback applies to Teacher Name. No rule on clinic/school/employer/business names or email.","See behavior where applicable.","See behavior where applicable.","Only the stated output; no client answer inferred.","Checker Reviewed hides the issue without changing the answer. A still-present error remains blocking in the profile even if reviewed. An acknowledged warning stops blocking unless another reason remains. General review flags never establish an answer.","See behavior.","See behavior for exact text.","intake-checker/rules.js:51; intake-checker/validation.js:174","tests/intake-validation.test.js:175 (6 positive labels, 5 exclusions); M10 (remaining scoped names)","High: direct code inspection.","See discrepancy register where noted.","Review current behavior; no change made.","","Existing behavior audited; no changes made."
"rules-and-state","audit.R21 (audit-only; not a production field ID)","Duplicate-value dependency warning","See exact condition.","Rule / derived metadata","Derived or control rule","Not an independent parsed answer.","As specified in behavior.","As specified in behavior.","Review-only","single() sees >1 distinct nonmissing raw values for Marital Status, provider First/Last/Next date, or job End Date.","Outside the stated condition.","Does not invent an answer.","<label> has multiple different values. Review this field; dependent checks were skipped. Warning; identical duplicates or missing+supplied do not trigger this Checker warning. Other labels have no general conflict warning.","See behavior.","See behavior where applicable.","<label> has multiple different values. Review this field; dependent checks were skipped. Warning; identical duplicates or missing+supplied do not trigger this Checker warning. Other labels have no general conflict warning.","See behavior where applicable.","See behavior where applicable.","Only the stated output; no client answer inferred.","Checker Reviewed hides the issue without changing the answer. A still-present error remains blocking in the profile even if reviewed. An acknowledged warning stops blocking unless another reason remains. General review flags never establish an answer.","See behavior.","See behavior for exact text.","intake-checker/validation.js:59","ssa-intake-assistant/src/model/from-intake-checker.test.js:73 (adapter conflict, not this validator helper); M05","High: direct code inspection.","See discrepancy register where noted.","Review current behavior; no change made.","","Existing behavior audited; no changes made."
"rules-and-state","audit.R22 (audit-only; not a production field ID)","Client name display","See exact condition.","Rule / derived metadata","Derived or control rule","Not an independent parsed answer.","Yes: copyable identifier component.","Derived name is not a field; underlying names transfer separately.","Rule/control","Exactly one PERSONAL INFORMATION section.","Outside the stated condition.","Does not invent an answer.","Join the unique nonmissing First Name and Last Name with a space; each duplicate label is omitted independently. Can display one name part. No canonical case or punctuation normalization.","See behavior.","See behavior where applicable.","Join the unique nonmissing First Name and Last Name with a space; each duplicate label is omitted independently. Can display one name part. No canonical case or punctuation normalization.","See behavior where applicable.","See behavior where applicable.","Only the stated output; no client answer inferred.","Checker Reviewed hides the issue without changing the answer. A still-present error remains blocking in the profile even if reviewed. An acknowledged warning stops blocking unless another reason remains. General review flags never establish an answer.","See behavior.","See behavior for exact text.","intake-checker/review.js:23; intake-checker/intake-checker.js:123","tests/intake-review.test.js:11; tests/intake-review.test.js:20","High: direct code inspection.","See discrepancy register where noted.","Review current behavior; no change made.","","Existing behavior audited; no changes made."
"rules-and-state","audit.R23 (audit-only; not a production field ID)","SSN last-four display","See exact condition.","Rule / derived metadata","Derived or control rule","Not an independent parsed answer.","Yes, appended to identifier.","No derived last-four field; full source SSN is mapped.","Rule/control","Unique nonmissing SSN in exactly one personal section.","Outside the stated condition.","Does not invent an answer.","Strip all nondigits; if at least four digits, take final four including leading zeroes. No 9-digit/validity check. Full source remains in textarea and mapped SSN field.","See behavior.","See behavior where applicable.","Strip all nondigits; if at least four digits, take final four including leading zeroes. No 9-digit/validity check. Full source remains in textarea and mapped SSN field.","See behavior where applicable.","See behavior where applicable.","Only the stated output; no client answer inferred.","Checker Reviewed hides the issue without changing the answer. A still-present error remains blocking in the profile even if reviewed. An acknowledged warning stops blocking unless another reason remains. General review flags never establish an answer.","See behavior.","See behavior for exact text.","intake-checker/review.js:26","tests/intake-review.test.js:11; tests/intake-review.test.js:17; M11 (4–8 and >9 digit cases)","High: direct code inspection.","D19: masking does not validate identifier.","Review current behavior; no change made.","","Existing behavior audited; no changes made."
"rules-and-state","audit.R24 (audit-only; not a production field ID)","Combined client identifier","See exact condition.","Rule / derived metadata","Derived or control rule","Not an independent parsed answer.","Yes: button if nonempty.","No; underlying fields only.","Rule/control","Name and/or lastFour derived above.","Outside the stated condition.","Does not invent an answer.","Join nonempty name and last-four with a space. If both absent display Client name and last four unavailable. No value invention.","See behavior.","See behavior where applicable.","Join nonempty name and last-four with a space. If both absent display Client name and last four unavailable. No value invention.","See behavior where applicable.","See behavior where applicable.","Only the stated output; no client answer inferred.","Checker Reviewed hides the issue without changing the answer. A still-present error remains blocking in the profile even if reviewed. An acknowledged warning stops blocking unless another reason remains. General review flags never establish an answer.","See behavior.","See behavior for exact text.","intake-checker/review.js:29; intake-checker/intake-checker.js:125","tests/intake-review.test.js:20","High: direct code inspection.","See discrepancy register where noted.","Review current behavior; no change made.","","Existing behavior audited; no changes made."
"rules-and-state","audit.R25 (audit-only; not a production field ID)","Email display and copy","See exact condition.","Rule / derived metadata","Derived or control rule","Not an independent parsed answer.","Yes.","Email source transfers; clipboard status does not.","Rule/control","Exactly one personal section and exactly one nonmissing Email field.","Outside the stated condition.","Does not invent an answer.","Display raw email or Email not provided. Copy button calls navigator.clipboard.writeText(value). The identifier also has this copy behavior. Failure displays Could not copy. Try again. Status clears after 2 seconds.","See behavior.","See behavior where applicable.","Display raw email or Email not provided. Copy button calls navigator.clipboard.writeText(value). The identifier also has this copy behavior. Failure displays Could not copy. Try again. Status clears after 2 seconds.","See behavior where applicable.","See behavior where applicable.","Only the stated output; no client answer inferred.","Checker Reviewed hides the issue without changing the answer. A still-present error remains blocking in the profile even if reviewed. An acknowledged warning stops blocking unless another reason remains. General review flags never establish an answer.","See behavior.","See behavior for exact text.","intake-checker/review.js:30; intake-checker/intake-checker.js:123","tests/intake-review-browser-check.mjs:18","High: direct code inspection.","D20: deliberate copy writes outside page memory to OS clipboard; README blanket storage wording is incomplete.","Review current behavior; no change made.","","Existing behavior audited; no changes made."
"rules-and-state","audit.R26 (audit-only; not a production field ID)","More Than 10 Conditions","See exact condition.","Rule / derived metadata","Derived or control rule","Not an independent parsed answer.","As specified in behavior.","As specified in behavior.","Review-only","Count nonmissing matching problem FIELDS across medical roots/descendants >10.","Outside the stated condition.","Does not invent an answer.","More Than 10 Conditions. General review, no range. Does not deduplicate labels or medical meanings; does not block answers.","See behavior.","See behavior where applicable.","More Than 10 Conditions. General review, no range. Does not deduplicate labels or medical meanings; does not block answers.","See behavior where applicable.","See behavior where applicable.","Only the stated output; no client answer inferred.","Checker Reviewed hides the issue without changing the answer. A still-present error remains blocking in the profile even if reviewed. An acknowledged warning stops blocking unless another reason remains. General review flags never establish an answer.","See behavior.","See behavior for exact text.","intake-checker/review.js:33","tests/intake-review.test.js:26; M09 (duplicates/aliases/nested roots)","High: direct code inspection.","See discrepancy register where noted.","Review current behavior; no change made.","","Existing behavior audited; no changes made."
"rules-and-state","audit.R27 (audit-only; not a production field ID)","Currently Working","See exact condition.","Rule / derived metadata","Derived or control rule","Not an independent parsed answer.","As specified in behavior.","As specified in behavior.","Review-only","Unique Currently working in employment sections is Yes/true, trimmed and case-insensitive.","Outside the stated condition.","Does not invent an answer.","Currently Working. Range is field; no requirement for last-work date based on this value.","See behavior.","See behavior where applicable.","Currently Working. Range is field; no requirement for last-work date based on this value.","See behavior where applicable.","See behavior where applicable.","Only the stated output; no client answer inferred.","Checker Reviewed hides the issue without changing the answer. A still-present error remains blocking in the profile even if reviewed. An acknowledged warning stops blocking unless another reason remains. General review flags never establish an answer.","See behavior.","See behavior for exact text.","intake-checker/review.js:37","tests/intake-review.test.js:30","High: direct code inspection.","See discrepancy register where noted.","Review current behavior; no change made.","","Existing behavior audited; no changes made."
"rules-and-state","audit.R28 (audit-only; not a production field ID)","Receiving income","See exact condition.","Rule / derived metadata","Derived or control rule","Not an independent parsed answer.","As specified in behavior.","As specified in behavior.","Review-only","Any of three unique Financial Support receipt fields is Yes/true.","Outside the stated condition.","Does not invent an answer.","Receiving income, consolidated and no range. Monthly amounts, housing, part-time work, family/friend support, Other and Food Stamps do not trigger. Does not block or create any income answer.","See behavior.","See behavior where applicable.","Receiving income, consolidated and no range. Monthly amounts, housing, part-time work, family/friend support, Other and Food Stamps do not trigger. Does not block or create any income answer.","See behavior where applicable.","See behavior where applicable.","Only the stated output; no client answer inferred.","Checker Reviewed hides the issue without changing the answer. A still-present error remains blocking in the profile even if reviewed. An acknowledged warning stops blocking unless another reason remains. General review flags never establish an answer.","See behavior.","See behavior for exact text.","intake-checker/review.js:39; intake-checker/review-fields.js:2","tests/intake-review.test.js:36; tests/intake-review.test.js:40","High: direct code inspection.","See discrepancy register where noted.","Review current behavior; no change made.","","Existing behavior audited; no changes made."
"rules-and-state","audit.R29 (audit-only; not a production field ID)","Other Names","See exact condition.","Rule / derived metadata","Derived or control rule","Not an independent parsed answer.","As specified in behavior.","As specified in behavior.","Review-only","Unique Used other names in medical records in OTHER NAMES is Yes/true.","Outside the stated condition.","Does not invent an answer.","Other Names. Range is source field. Does not require other first/last names.","See behavior.","See behavior where applicable.","Other Names. Range is source field. Does not require other first/last names.","See behavior where applicable.","See behavior where applicable.","Only the stated output; no client answer inferred.","Checker Reviewed hides the issue without changing the answer. A still-present error remains blocking in the profile even if reviewed. An acknowledged warning stops blocking unless another reason remains. General review flags never establish an answer.","See behavior.","See behavior for exact text.","intake-checker/review.js:40","tests/intake-review.test.js:30; tests/intake-validation.test.js:40","High: direct code inspection.","See discrepancy register where noted.","Review current behavior; no change made.","","Existing behavior audited; no changes made."
"rules-and-state","audit.R30 (audit-only; not a production field ID)","Separated","See exact condition.","Rule / derived metadata","Derived or control rule","Not an independent parsed answer.","As specified in behavior.","As specified in behavior.","Review-only","Unique Marital Status in marriage sections equals separated, trimmed and case-insensitive.","Outside the stated condition.","Does not invent an answer.","Separated. General review only, with source field range. Does not infer separation from missing spouse information.","See behavior.","See behavior where applicable.","Separated. General review only, with source field range. Does not infer separation from missing spouse information.","See behavior where applicable.","See behavior where applicable.","Only the stated output; no client answer inferred.","Checker Reviewed hides the issue without changing the answer. A still-present error remains blocking in the profile even if reviewed. An acknowledged warning stops blocking unless another reason remains. General review flags never establish an answer.","See behavior.","See behavior for exact text.","intake-checker/review.js:42","tests/intake-review.test.js:49","High: direct code inspection.","D03: README stale TODO.","Review current behavior; no change made.","","Existing behavior audited; no changes made."
"rules-and-state","audit.R31 (audit-only; not a production field ID)","Failed Work Attempt","See exact condition.","Rule / derived metadata","Derived or control rule","Not an independent parsed answer.","As specified in behavior.","As specified in behavior.","Review-only","Each heading-recognized job has unique valid full-day Start/End, End>=Start, End<Start+3 months.","Outside the stated condition.","Does not invent an answer.","Failed Work Attempt — <heading> plus (record N) when multiple recognized jobs. UTC anniversary calculation clamps month end. All jobs evaluated; no onset dependency. Same-day triggers, exact anniversary does not. Invalid, duplicate, month-only or reversed dates skipped.","See behavior.","See behavior where applicable.","Failed Work Attempt — <heading> plus (record N) when multiple recognized jobs. UTC anniversary calculation clamps month end. All jobs evaluated; no onset dependency. Same-day triggers, exact anniversary does not. Invalid, duplicate, month-only or reversed dates skipped.","See behavior where applicable.","See behavior where applicable.","Only the stated output; no client answer inferred.","Checker Reviewed hides the issue without changing the answer. A still-present error remains blocking in the profile even if reviewed. An acknowledged warning stops blocking unless another reason remains. General review flags never establish an answer.","See behavior.","See behavior for exact text.","intake-checker/review.js:45","tests/intake-review.test.js:55; tests/intake-review.test.js:77; tests/intake-review.test.js:83","High: direct code inspection.","D02: README describes opposite anniversary inclusion and onset-dependent Most Recent Job only.","Review current behavior; no change made.","","Existing behavior audited; no changes made."
"rules-and-state","audit.R32 (audit-only; not a production field ID)","General-review uniqueness","See exact condition.","Rule / derived metadata","Derived or control rule","Not an independent parsed answer.","As specified in behavior.","As specified in behavior.","Rule/control","Review reads a label from one or more scoped nodes.","Outside the stated condition.","Does not invent an answer.","Requires exactly one candidate, even when duplicate values are identical. Review suppression is not a conflict error. General review flags stay independent of validation counts and profile readiness.","See behavior.","See behavior where applicable.","Requires exactly one candidate, even when duplicate values are identical. Review suppression is not a conflict error. General review flags stay independent of validation counts and profile readiness.","See behavior where applicable.","See behavior where applicable.","Only the stated output; no client answer inferred.","Checker Reviewed hides the issue without changing the answer. A still-present error remains blocking in the profile even if reviewed. An acknowledged warning stops blocking unless another reason remains. General review flags never establish an answer.","See behavior.","See behavior for exact text.","intake-checker/review.js:9; ssa-intake-assistant/src/model/from-intake-checker.js:38; ssa-intake-assistant/src/model/from-intake-checker.js:77","tests/intake-review.test.js:44; M12 (identical duplicates)","High: direct code inspection.","See discrepancy register where noted.","Review current behavior; no change made.","","Existing behavior audited; no changes made."
"rules-and-state","audit.R33 (audit-only; not a production field ID)","Acknowledgements / Reviewed","See exact condition.","Rule / derived metadata","Derived or control rule","Not an independent parsed answer.","As specified in behavior.","As specified in behavior.","Rule/control","Employee selects Reviewed on any visible validation or general review row.","Outside the stated condition.","Does not invent an answer.","Identity-based Set hides that exact row, without changing original issues/values. Every validation severity has Reviewed. Separate Sets for Review and Validation; no persisted decisions.","See behavior.","See behavior where applicable.","Identity-based Set hides that exact row, without changing original issues/values. Every validation severity has Reviewed. Separate Sets for Review and Validation; no persisted decisions.","See behavior where applicable.","See behavior where applicable.","Only the stated output; no client answer inferred.","Checker Reviewed hides the issue without changing the answer. A still-present error remains blocking in the profile even if reviewed. An acknowledged warning stops blocking unless another reason remains. General review flags never establish an answer.","See behavior.","See behavior for exact text.","intake-checker/acknowledgements.js:2; intake-checker/intake-checker.js:84; intake-checker/intake-checker.js:98","tests/intake-acknowledgements.test.js:5; tests/intake-validation-reviewed-browser-check.mjs:28","High: direct code inspection.","See discrepancy register where noted.","Review current behavior; no change made.","","Existing behavior audited; no changes made."
"rules-and-state","audit.R34 (audit-only; not a production field ID)","Validation summary counts and success","See exact condition.","Rule / derived metadata","Derived or control rule","Not an independent parsed answer.","As specified in behavior.","As specified in behavior.","Rule/control","After check or dismissal.","Outside the stated condition.","Does not invent an answer.","Count remaining errors/warnings. Zero original issues and complete parsing -> You're all good! Zero remaining but original issues -> All validation issues reviewed, not success. Zero issues with partial parse -> No issues found in the recognized data. Parsing needs review.","See behavior.","See behavior where applicable.","Count remaining errors/warnings. Zero original issues and complete parsing -> You're all good! Zero remaining but original issues -> All validation issues reviewed, not success. Zero issues with partial parse -> No issues found in the recognized data. Parsing needs review.","See behavior where applicable.","See behavior where applicable.","Only the stated output; no client answer inferred.","Checker Reviewed hides the issue without changing the answer. A still-present error remains blocking in the profile even if reviewed. An acknowledged warning stops blocking unless another reason remains. General review flags never establish an answer.","See behavior.","See behavior for exact text.","intake-checker/acknowledgements.js:10; intake-checker/intake-checker.js:63","tests/intake-acknowledgements.test.js:19","High: direct code inspection.","See discrepancy register where noted.","Review current behavior; no change made.","","Existing behavior audited; no changes made."
"rules-and-state","audit.R35 (audit-only; not a production field ID)","Partial parse / zero recognized sections","See exact condition.","Rule / derived metadata","Derived or control rule","Not an independent parsed answer.","As specified in behavior.","As specified in behavior.","Rule/control","No sections or any unparsed lines.","Outside the stated condition.","Does not invent an answer.","With no sections, UI skips validation/review and says no sections were recognized; cannot continue. With some sections, validate recognized data; any unparsed line blocks all profile fields. Markdown unknown roots still count as recognized sections.","See behavior.","See behavior where applicable.","With no sections, UI skips validation/review and says no sections were recognized; cannot continue. With some sections, validate recognized data; any unparsed line blocks all profile fields. Markdown unknown roots still count as recognized sections.","See behavior where applicable.","See behavior where applicable.","Only the stated output; no client answer inferred.","Checker Reviewed hides the issue without changing the answer. A still-present error remains blocking in the profile even if reviewed. An acknowledged warning stops blocking unless another reason remains. General review flags never establish an answer.","See behavior.","See behavior for exact text.","intake-checker/intake-checker.js:45; ssa-intake-assistant/src/model/from-intake-checker.js:64","tests/intake-browser-check.mjs:46; ssa-intake-assistant/src/model/from-intake-checker.test.js:84","High: direct code inspection.","See discrepancy register where noted.","Review current behavior; no change made.","","Existing behavior audited; no changes made."
"rules-and-state","audit.R36 (audit-only; not a production field ID)","Find in Intake / source range","See exact condition.","Rule / derived metadata","Derived or control rule","Not an independent parsed answer.","As specified in behavior.","As specified in behavior.","Rule/control","Field or heading was parsed; issue has location or section.","Outside the stated condition.","Does not invent an answer.","WeakMap keeps original UTF-16 start/end offsets including CRLF; field range covers continuation. Locate uses path, first matching label, or heading fallback. Absent section yields no button. Temporary DOM measurement is removed; text is not modified.","See behavior.","See behavior where applicable.","WeakMap keeps original UTF-16 start/end offsets including CRLF; field range covers continuation. Locate uses path, first matching label, or heading fallback. Absent section yields no button. Temporary DOM measurement is removed; text is not modified.","See behavior where applicable.","See behavior where applicable.","Only the stated output; no client answer inferred.","Checker Reviewed hides the issue without changing the answer. A still-present error remains blocking in the profile even if reviewed. An acknowledged warning stops blocking unless another reason remains. General review flags never establish an answer.","See behavior.","See behavior for exact text.","intake-checker/parser.js:17; intake-checker/source-location.js:3; intake-checker/source-location.js:30; intake-checker/intake-checker.js:80","tests/intake-source-location.test.js:9; tests/intake-source-location.test.js:35","High: direct code inspection.","See discrepancy register where noted.","Review current behavior; no change made.","","Existing behavior audited; no changes made."
"rules-and-state","audit.R37 (audit-only; not a production field ID)","Unused summarizeIntake outputs","See exact condition.","Rule / derived metadata","Derived or control rule","Not an independent parsed answer.","No: exported helper not rendered.","No.","Rule/control","Function called by tests; current UI does not call it.","Outside the stated condition.","Does not invent an answer.","Returns root section count, optional unambiguous client name, and nonzero provider/medication/job heading counts. Regex counts numbered headings plus Most Recent/Previous Job regardless of parent scope; Provider and unnumbered heading variants are omitted. No zero inference.","See behavior.","See behavior where applicable.","Returns root section count, optional unambiguous client name, and nonzero provider/medication/job heading counts. Regex counts numbered headings plus Most Recent/Previous Job regardless of parent scope; Provider and unnumbered heading variants are omitted. No zero inference.","See behavior where applicable.","See behavior where applicable.","Only the stated output; no client answer inferred.","Checker Reviewed hides the issue without changing the answer. A still-present error remains blocking in the profile even if reviewed. An acknowledged warning stops blocking unless another reason remains. General review flags never establish an answer.","See behavior.","See behavior for exact text.","intake-checker/parser.js:88; intake-checker/intake-checker.js:1","tests/intake-parser.test.js:79; tests/intake-parser.test.js:103","High: direct code inspection.","D16: counting regex differs from active record recognition.","Review current behavior; no change made.","","Existing behavior audited; no changes made."
"rules-and-state","audit.R38 (audit-only; not a production field ID)","Session creation / revision / edit ledger","See exact condition.","Rule / derived metadata","Derived or control rule","Not an independent parsed answer.","As specified in behavior.","As specified in behavior.","Rule/control","Recognized intake checked; blocked answer corrected.","Outside the stated condition.","Does not invent an answer.","Initial revision 0, parsed/report/review, two acknowledgement Sets, edits Map. Each correction increments revision; ledger stores originalValue and every raw entered revision/value. Current parser node receives trimmed value or null. Original textarea and ranges unchanged.","See behavior.","See behavior where applicable.","Initial revision 0, parsed/report/review, two acknowledgement Sets, edits Map. Each correction increments revision; ledger stores originalValue and every raw entered revision/value. Current parser node receives trimmed value or null. Original textarea and ranges unchanged.","See behavior where applicable.","See behavior where applicable.","Only the stated output; no client answer inferred.","Checker Reviewed hides the issue without changing the answer. A still-present error remains blocking in the profile even if reviewed. An acknowledged warning stops blocking unless another reason remains. General review flags never establish an answer.","See behavior.","See behavior for exact text.","intake-checker/session.js:6; intake-checker/session.js:34; intake-checker/intake-checker.js:178","ssa-intake-assistant/src/model/from-intake-checker.test.js:125; ssa-intake-assistant/src/model/from-intake-checker.test.js:145","High: direct code inspection.","See discrepancy register where noted.","Review current behavior; no change made.","","Existing behavior audited; no changes made."
"rules-and-state","audit.R39 (audit-only; not a production field ID)","Correction eligibility","See exact condition.","Rule / derived metadata","Derived or control rule","Not an independent parsed answer.","As specified in behavior.","As specified in behavior.","Rule/control","Selected profile field is blocked and has correctionTarget.","Outside the stated condition.","Does not invent an answer.","Only known, unambiguous source, no unparsed text, at most one candidate/node. Duplicate candidates, even identical, have no correction target. Missing field may be added; missing section only if not already present. No new repeated record is invented.","See behavior.","See behavior where applicable.","Only known, unambiguous source, no unparsed text, at most one candidate/node. Duplicate candidates, even identical, have no correction target. Missing field may be added; missing section only if not already present. No new repeated record is invented.","See behavior where applicable.","See behavior where applicable.","Only the stated output; no client answer inferred.","Checker Reviewed hides the issue without changing the answer. A still-present error remains blocking in the profile even if reviewed. An acknowledged warning stops blocking unless another reason remains. General review flags never establish an answer.","See behavior.","See behavior for exact text.","ssa-intake-assistant/src/model/from-intake-checker.js:79; ssa-intake-assistant/src/intake-handoff.jsx:14; intake-checker/session.js:34","ssa-intake-assistant/src/model/from-intake-checker.test.js:73; ssa-intake-assistant/src/model/from-intake-checker.test.js:145; M13 (rejected correction targets)","High: direct code inspection.","See discrepancy register where noted.","Review current behavior; no change made.","","Existing behavior audited; no changes made."
"rules-and-state","audit.R40 (audit-only; not a production field ID)","Correction reruns rules and retains unrelated decisions","See exact condition.","Rule / derived metadata","Derived or control rule","Not an independent parsed answer.","As specified in behavior.","As specified in behavior.","Rule/control","Successful correction.","Outside the stated condition.","Does not invent an answer.","Rerun existing validateIntake and reviewIntake. Old validation acknowledgement survives only identical signature and unaffected location/section. Review acknowledgement invalidates on matching field/heading range; no-range income and >10 decisions invalidate for their entire related sections.","See behavior.","See behavior where applicable.","Rerun existing validateIntake and reviewIntake. Old validation acknowledgement survives only identical signature and unaffected location/section. Review acknowledgement invalidates on matching field/heading range; no-range income and >10 decisions invalidate for their entire related sections.","See behavior where applicable.","See behavior where applicable.","Only the stated output; no client answer inferred.","Checker Reviewed hides the issue without changing the answer. A still-present error remains blocking in the profile even if reviewed. An acknowledged warning stops blocking unless another reason remains. General review flags never establish an answer.","See behavior.","See behavior for exact text.","intake-checker/session.js:23; intake-checker/session.js:51","ssa-intake-assistant/src/model/from-intake-checker.test.js:125; M14 (dependent dismissal reset matrix)","High: direct code inspection.","See discrepancy register where noted.","Review current behavior; no change made.","","Existing behavior audited; no changes made."
"rules-and-state","audit.R41 (audit-only; not a production field ID)","Back, Clear, edit and lifetime","See exact condition.","Rule / derived metadata","Derived or control rule","Not an independent parsed answer.","As specified in behavior.","As specified in behavior.","Rule/control","Back versus source edit/recheck, Clear, pagehide, account change or auth loss.","Outside the stated condition.","Does not invent an answer.","Back hides SSA view without discarding session/profile drafts. Raw-text edits/rechecking reset parsed/review/corrections. Clear/pagehide/account change reset input and state; AuthGate loss also calls reset. No storage/history transport.","See behavior.","See behavior where applicable.","Back hides SSA view without discarding session/profile drafts. Raw-text edits/rechecking reset parsed/review/corrections. Clear/pagehide/account change reset input and state; AuthGate loss also calls reset. No storage/history transport.","See behavior where applicable.","See behavior where applicable.","Only the stated output; no client answer inferred.","Checker Reviewed hides the issue without changing the answer. A still-present error remains blocking in the profile even if reviewed. An acknowledged warning stops blocking unless another reason remains. General review flags never establish an answer.","See behavior.","See behavior for exact text.","intake-checker/intake-checker.js:12; intake-checker/intake-checker.js:30; ssa-intake-assistant/src/intake-handoff.jsx:23; ssa-intake-assistant/src/AuthGate.jsx:11; shared/settings-storage.js:392","ssa-intake-assistant/tests/readiness-browser-check.mjs:45; ssa-intake-assistant/tests/readiness-browser-check.mjs:73","High: direct code inspection.","See discrepancy register where noted.","Review current behavior; no change made.","","Existing behavior audited; no changes made."
"rules-and-state","audit.R42 (audit-only; not a production field ID)","Catalog types and schema metadata","See exact condition.","Rule / derived metadata","Derived or control rule","Not an independent parsed answer.","As specified in behavior.","As specified in behavior.","Rule/control","Known definition in contract.","Outside the stated condition.","Does not invent an answer.","119 definition IDs across 20 categories from existing rules/extras. Schema packard.intake-client-profile version 1.0.0; source.toolVersion 1.7.0. Types text/boolean/date only; all numbers, amounts, phone/ZIP/SSN remain text. Instance IDs append source-order category keys; no cross-intake identity.","See behavior.","See behavior where applicable.","119 definition IDs across 20 categories from existing rules/extras. Schema packard.intake-client-profile version 1.0.0; source.toolVersion 1.7.0. Types text/boolean/date only; all numbers, amounts, phone/ZIP/SSN remain text. Instance IDs append source-order category keys; no cross-intake identity.","See behavior where applicable.","See behavior where applicable.","Only the stated output; no client answer inferred.","Checker Reviewed hides the issue without changing the answer. A still-present error remains blocking in the profile even if reviewed. An acknowledged warning stops blocking unless another reason remains. General review flags never establish an answer.","See behavior.","See behavior for exact text.","ssa-intake-assistant/src/model/intake-contract.js:5; ssa-intake-assistant/src/model/intake-contract.js:15; ssa-intake-assistant/src/model/from-intake-checker.js:125","ssa-intake-assistant/src/model/from-intake-checker.test.js:16; ssa-intake-assistant/src/model/from-intake-checker.test.js:33; ssa-intake-assistant/src/model/from-intake-checker.test.js:192","High: direct code inspection.","See discrepancy register where noted.","Review current behavior; no change made.","","Existing behavior audited; no changes made."
"rules-and-state","audit.R43 (audit-only; not a production field ID)","Profile inclusion and missing placeholders","See exact condition.","Rule / derived metadata","Derived or control rule","Not an independent parsed answer.","As specified in behavior.","As specified in behavior.","Rule/control","Candidates exist, explicit field issue exists, or generic issue applies to configured required label.","Outside the stated condition.","Does not invent an answer.","Include present blanks. Omit absent optional fields and hypothetical repeats. Generic scoped issues attach to all present fields in that scope; absent required fields expand from original config. Unassigned issues remain requirements. Each raw parsed field is claimed or retained via unsupported fallback.","See behavior.","See behavior where applicable.","Include present blanks. Omit absent optional fields and hypothetical repeats. Generic scoped issues attach to all present fields in that scope; absent required fields expand from original config. Unassigned issues remain requirements. Each raw parsed field is claimed or retained via unsupported fallback.","See behavior where applicable.","See behavior where applicable.","Only the stated output; no client answer inferred.","Checker Reviewed hides the issue without changing the answer. A still-present error remains blocking in the profile even if reviewed. An acknowledged warning stops blocking unless another reason remains. General review flags never establish an answer.","See behavior.","See behavior for exact text.","ssa-intake-assistant/src/model/from-intake-checker.js:43; ssa-intake-assistant/src/model/from-intake-checker.js:119; ssa-intake-assistant/src/model/from-intake-checker.js:129","ssa-intake-assistant/src/model/from-intake-checker.test.js:16; ssa-intake-assistant/src/model/from-intake-checker.test.js:176; M02","High: direct code inspection.","D10: generic errors can block otherwise established optional controls and re-add exempt fields.","Review current behavior; no change made.","","Existing behavior audited; no changes made."
"rules-and-state","audit.R44 (audit-only; not a production field ID)","Typed profile encoding","See exact condition.","Rule / derived metadata","Derived or control rule","Not an independent parsed answer.","As specified in behavior.","As specified in behavior.","Rule/control","Candidate passed to adapter.","Outside the stated condition.","Does not invent an answer.","Text trims outer whitespace but retains internal whitespace. Boolean only Yes/No/true/false. Date uses calendar helper and precision. Unsupported boolean is ambiguous; invalid date is missing. Encoded values do not replace source.rawValue.","See behavior.","See behavior where applicable.","Text trims outer whitespace but retains internal whitespace. Boolean only Yes/No/true/false. Date uses calendar helper and precision. Unsupported boolean is ambiguous; invalid date is missing. Encoded values do not replace source.rawValue.","See behavior where applicable.","See behavior where applicable.","Only the stated output; no client answer inferred.","Checker Reviewed hides the issue without changing the answer. A still-present error remains blocking in the profile even if reviewed. An acknowledged warning stops blocking unless another reason remains. General review flags never establish an answer.","See behavior.","See behavior for exact text.","ssa-intake-assistant/src/model/from-intake-checker.js:15","ssa-intake-assistant/src/model/from-intake-checker.test.js:46; ssa-intake-assistant/src/model/from-intake-checker.test.js:55; ssa-intake-assistant/src/model/from-intake-checker.test.js:62; ssa-intake-assistant/src/model/from-intake-checker.test.js:84","High: direct code inspection.","See discrepancy register where noted.","Review current behavior; no change made.","","Existing behavior audited; no changes made."
"rules-and-state","audit.R45 (audit-only; not a production field ID)","Profile conflict detection","See exact condition.","Rule / derived metadata","Derived or control rule","Not an independent parsed answer.","As specified in behavior.","As specified in behavior.","Rule/control","More than one distinct trimmed raw string for same definition/context.","Outside the stated condition.","Does not invent an answer.","Set conflict; value=null; all sources retained; no correction UI. Equivalent normalized boolean/date spellings can still conflict. Missing count uses only first encoding and can depend on candidate order.","See behavior.","See behavior where applicable.","Set conflict; value=null; all sources retained; no correction UI. Equivalent normalized boolean/date spellings can still conflict. Missing count uses only first encoding and can depend on candidate order.","See behavior where applicable.","See behavior where applicable.","Only the stated output; no client answer inferred.","Checker Reviewed hides the issue without changing the answer. A still-present error remains blocking in the profile even if reviewed. An acknowledged warning stops blocking unless another reason remains. General review flags never establish an answer.","See behavior.","See behavior for exact text.","ssa-intake-assistant/src/model/from-intake-checker.js:56","ssa-intake-assistant/src/model/from-intake-checker.test.js:73; M15 (equivalent encodings and candidate order)","High: direct code inspection.","D08 and D13.","Review current behavior; no change made.","","Existing behavior audited; no changes made."
"rules-and-state","audit.R46 (audit-only; not a production field ID)","Profile ambiguity gates","See exact condition.","Rule / derived metadata","Derived or control rule","Not an independent parsed answer.","As specified in behavior.","As specified in behavior.","Rule/control","Unsupported field/context, duplicate singleton/record roots or Current Spouse, unparsed text, or uncertain boolean.","Outside the stated condition.","Does not invent an answer.","Block with exact ambiguous reason, preserve candidates. Medical problem roots do not use duplicate-root gate. Unknown plain continuations may escape unparsed detection.","See behavior.","See behavior where applicable.","Block with exact ambiguous reason, preserve candidates. Medical problem roots do not use duplicate-root gate. Unknown plain continuations may escape unparsed detection.","See behavior where applicable.","See behavior where applicable.","Only the stated output; no client answer inferred.","Checker Reviewed hides the issue without changing the answer. A still-present error remains blocking in the profile even if reviewed. An acknowledged warning stops blocking unless another reason remains. General review flags never establish an answer.","See behavior.","See behavior for exact text.","ssa-intake-assistant/src/model/from-intake-checker.js:64; ssa-intake-assistant/src/model/from-intake-checker.js:97; ssa-intake-assistant/src/model/from-intake-checker.js:102; ssa-intake-assistant/src/model/from-intake-checker.js:113","ssa-intake-assistant/src/model/from-intake-checker.test.js:84; ssa-intake-assistant/src/model/from-intake-checker.test.js:165; M09","High: direct code inspection.","D11, D12, D14.","Review current behavior; no change made.","","Existing behavior audited; no changes made."
"rules-and-state","audit.R47 (audit-only; not a production field ID)","Profile validation/readiness","See exact condition.","Rule / derived metadata","Derived or control rule","Not an independent parsed answer.","As specified in behavior.","As specified in behavior.","Rule/control","Attach issues by exact section, optional field, record title and source path.","Outside the stated condition.","Does not invent an answer.","All errors and unacknowledged warnings block. Acknowledged warning may cease blocking. General reviews never block. validation.status describes attached issues, not semantic completeness: no_issues can coexist with missing/ambiguous. ready requires no blockingReasons.","See behavior.","See behavior where applicable.","All errors and unacknowledged warnings block. Acknowledged warning may cease blocking. General reviews never block. validation.status describes attached issues, not semantic completeness: no_issues can coexist with missing/ambiguous. ready requires no blockingReasons.","See behavior where applicable.","See behavior where applicable.","Only the stated output; no client answer inferred.","Checker Reviewed hides the issue without changing the answer. A still-present error remains blocking in the profile even if reviewed. An acknowledged warning stops blocking unless another reason remains. General review flags never establish an answer.","See behavior.","See behavior for exact text.","ssa-intake-assistant/src/model/from-intake-checker.js:45; ssa-intake-assistant/src/model/from-intake-checker.js:68; ssa-intake-assistant/src/model/from-intake-checker.js:85","ssa-intake-assistant/src/model/from-intake-checker.test.js:92; ssa-intake-assistant/src/model/from-intake-checker.test.js:103; ssa-intake-assistant/src/model/from-intake-checker.test.js:114","High: direct code inspection.","See discrepancy register where noted.","Review current behavior; no change made.","","Existing behavior audited; no changes made."
"rules-and-state","audit.R48 (audit-only; not a production field ID)","Review metadata association","See exact condition.","Rule / derived metadata","Derived or control rule","Not an independent parsed answer.","As specified in behavior.","As specified in behavior.","Rule/control","General review has a range overlapping a field source range.","Outside the stated condition.","Does not invent an answer.","Record acknowledged IDs on field; retain all reviews at profile level. Range-less income/>10 reviews and job-heading Failed Work Attempt normally do not associate with individual values. employee_entered takes precedence over acknowledged and not_reviewed.","See behavior.","See behavior where applicable.","Record acknowledged IDs on field; retain all reviews at profile level. Range-less income/>10 reviews and job-heading Failed Work Attempt normally do not associate with individual values. employee_entered takes precedence over acknowledged and not_reviewed.","See behavior where applicable.","See behavior where applicable.","Only the stated output; no client answer inferred.","Checker Reviewed hides the issue without changing the answer. A still-present error remains blocking in the profile even if reviewed. An acknowledged warning stops blocking unless another reason remains. General review flags never establish an answer.","See behavior.","See behavior for exact text.","ssa-intake-assistant/src/model/from-intake-checker.js:70","ssa-intake-assistant/src/model/from-intake-checker.test.js:103; M16 (job-heading review association)","High: direct code inspection.","D17.","Review current behavior; no change made.","","Existing behavior audited; no changes made."
"rules-and-state","audit.R49 (audit-only; not a production field ID)","Profile source metadata","See exact condition.","Rule / derived metadata","Derived or control rule","Not an independent parsed answer.","As specified in behavior.","As specified in behavior.","Rule/control","Every candidate including a newly added employee field.","Outside the stated condition.","Does not invent an answer.","sources holds section, record, nodePath, label, nullable range, original rawValue. Corrections keep original null/value, edits carry new values. School fallback records actual EDUCATION INFORMATION title. Employee-added fields have source entry but null range.","See behavior.","See behavior where applicable.","sources holds section, record, nodePath, label, nullable range, original rawValue. Corrections keep original null/value, edits carry new values. School fallback records actual EDUCATION INFORMATION title. Employee-added fields have source entry but null range.","See behavior where applicable.","See behavior where applicable.","Only the stated output; no client answer inferred.","Checker Reviewed hides the issue without changing the answer. A still-present error remains blocking in the profile even if reviewed. An acknowledged warning stops blocking unless another reason remains. General review flags never establish an answer.","See behavior.","See behavior for exact text.","ssa-intake-assistant/src/model/from-intake-checker.js:71; intake-checker/session.js:46","ssa-intake-assistant/src/model/from-intake-checker.test.js:125; ssa-intake-assistant/src/model/from-intake-checker.test.js:145; ssa-intake-assistant/src/model/from-intake-checker.test.js:199","High: direct code inspection.","See discrepancy register where noted.","Review current behavior; no change made.","","Existing behavior audited; no changes made."
"rules-and-state","audit.R50 (audit-only; not a production field ID)","Readiness dashboard counters","See exact condition.","Rule / derived metadata","Derived or control rule","Not an independent parsed answer.","As specified in behavior.","As specified in behavior.","Rule/control","Every profile rebuild.","Outside the stated condition.","Does not invent an answer.","Total = fields.length; received = fields with sources.length>0; ready/blocked by readiness; missing/conflicts by reason membership (overlap allowed). Employee-added fields count received. No total includes absent optional fields or unassigned requirements.","See behavior.","See behavior where applicable.","Total = fields.length; received = fields with sources.length>0; ready/blocked by readiness; missing/conflicts by reason membership (overlap allowed). Employee-added fields count received. No total includes absent optional fields or unassigned requirements.","See behavior where applicable.","See behavior where applicable.","Only the stated output; no client answer inferred.","Checker Reviewed hides the issue without changing the answer. A still-present error remains blocking in the profile even if reviewed. An acknowledged warning stops blocking unless another reason remains. General review flags never establish an answer.","See behavior.","See behavior for exact text.","ssa-intake-assistant/src/model/intake-contract.js:50; ssa-intake-assistant/src/ReadinessDashboard.jsx:22","ssa-intake-assistant/src/model/from-intake-checker.test.js:165; ssa-intake-assistant/tests/readiness-browser-check.mjs:38","High: direct code inspection.","D21: received wording includes employee-added answers.","Review current behavior; no change made.","","Existing behavior audited; no changes made."
"rules-and-state","audit.R51 (audit-only; not a production field ID)","Ready projection and SSA boundary","See exact condition.","Rule / derived metadata","Derived or control rule","Not an independent parsed answer.","As specified in behavior.","As specified in behavior.","Rule/control","Future consumer calls readyFields.","Outside the stated condition.","Does not invent an answer.","Exact schemaVersion 1.0.0 plus ready, zero reasons and nonnull value. Helper does not validate schema name or SSA meaning/precision; contract requires future consumer to check exact definitionId/recordId and SSA question. No extension connection or filling exists.","See behavior.","See behavior where applicable.","Exact schemaVersion 1.0.0 plus ready, zero reasons and nonnull value. Helper does not validate schema name or SSA meaning/precision; contract requires future consumer to check exact definitionId/recordId and SSA question. No extension connection or filling exists.","See behavior where applicable.","See behavior where applicable.","Only the stated output; no client answer inferred.","Checker Reviewed hides the issue without changing the answer. A still-present error remains blocking in the profile even if reviewed. An acknowledged warning stops blocking unless another reason remains. General review flags never establish an answer.","See behavior.","See behavior for exact text.","ssa-intake-assistant/src/model/intake-contract.js:64; ssa-intake-assistant/PROFILE-CONTRACT.md:68","ssa-intake-assistant/src/model/from-intake-checker.test.js:33","High: direct code inspection.","D05: ready is not SSA question approval.","Review current behavior; no change made.","","Existing behavior audited; no changes made."
"rules-and-state","audit.R52 (audit-only; not a production field ID)","Deferred rule notes","See exact condition.","Rule / derived metadata","Derived or control rule","Not an independent parsed answer.","No.","Yes: deferred strings.","Rule/control","Every validateIntake return.","Outside the stated condition.","Does not invent an answer.","Prior-marriage duration and required details are not checked yet: exact DeLorean field labels are needed. Total Earnings is not checked yet: no exact supported Total Earnings field exists in the current DeLorean parser/schema. Returned and transferred but not rendered in Checker/SSA dashboard.","See behavior.","See behavior where applicable.","Prior-marriage duration and required details are not checked yet: exact DeLorean field labels are needed. Total Earnings is not checked yet: no exact supported Total Earnings field exists in the current DeLorean parser/schema. Returned and transferred but not rendered in Checker/SSA dashboard.","See behavior where applicable.","See behavior where applicable.","Only the stated output; no client answer inferred.","Checker Reviewed hides the issue without changing the answer. A still-present error remains blocking in the profile even if reviewed. An acknowledged warning stops blocking unless another reason remains. General review flags never establish an answer.","See behavior.","See behavior for exact text.","intake-checker/rules.js:62; intake-checker/validation.js:190; ssa-intake-assistant/src/model/from-intake-checker.js:130; ssa-intake-assistant/src/ReadinessDashboard.jsx:38","tests/intake-validation.test.js:153; tests/intake-browser-check.mjs:27","High: direct code inspection.","See discrepancy register where noted.","Review current behavior; no change made.","","Existing behavior audited; no changes made."
"rules-and-state","audit.R53 (audit-only; not a production field ID)","Recognized optional section headings","See exact condition.","Rule / derived metadata","Derived or control rule","Not an independent parsed answer.","As specified in behavior.","As specified in behavior.","Rule/control","A known optional root or nested Markdown title occurs.","Outside the stated condition.","Does not invent an answer.","DISABILITY INFORMATION, FIRM ONLY INFORMATION, SSI INFORMATION, FINANCIAL SUPPORT, MEDICAL INFORMATION, OTHER NAMES, WAGES AND EARNINGS, WORKER'S COMPENSATION, ADDITIONAL EMPLOYMENT QUESTIONS, CITIZENSHIP INFORMATION, SPECIALIZED TRAINING INFORMATION, SPECIAL EDUCATION INFORMATION, REMARKS/COMMENTS. Presence itself creates no field requirement; only named existing labels are mapped.","See behavior.","See behavior where applicable.","DISABILITY INFORMATION, FIRM ONLY INFORMATION, SSI INFORMATION, FINANCIAL SUPPORT, MEDICAL INFORMATION, OTHER NAMES, WAGES AND EARNINGS, WORKER'S COMPENSATION, ADDITIONAL EMPLOYMENT QUESTIONS, CITIZENSHIP INFORMATION, SPECIALIZED TRAINING INFORMATION, SPECIAL EDUCATION INFORMATION, REMARKS/COMMENTS. Presence itself creates no field requirement; only named existing labels are mapped.","See behavior where applicable.","See behavior where applicable.","Only the stated output; no client answer inferred.","Checker Reviewed hides the issue without changing the answer. A still-present error remains blocking in the profile even if reviewed. An acknowledged warning stops blocking unless another reason remains. General review flags never establish an answer.","See behavior.","See behavior for exact text.","intake-checker/rules.js:29; intake-checker/parser.js:5; ssa-intake-assistant/PROFILE-CONTRACT.md:76","tests/intake-validation.test.js:28; tests/intake-parser.test.js:79","High: direct code inspection.","See discrepancy register where noted.","Review current behavior; no change made.","","Existing behavior audited; no changes made."
"rules-and-state","audit.R54 (audit-only; not a production field ID)","School fallback","See exact condition.","Rule / derived metadata","Derived or control rule","Not an independent parsed answer.","As specified in behavior.","As specified in behavior.","Rule/control","No node titled SCHOOL INFORMATION anywhere.","Outside the stated condition.","Does not invent an answer.","Validate/map EDUCATION INFORMATION fields instead. If any SCHOOL INFORMATION node exists, parent direct fields are not borrowed for required school fields and become unsupported fallback if unclaimed. Teacher period rule uses same fallback.","See behavior.","See behavior where applicable.","Validate/map EDUCATION INFORMATION fields instead. If any SCHOOL INFORMATION node exists, parent direct fields are not borrowed for required school fields and become unsupported fallback if unclaimed. Teacher period rule uses same fallback.","See behavior where applicable.","See behavior where applicable.","Only the stated output; no client answer inferred.","Checker Reviewed hides the issue without changing the answer. A still-present error remains blocking in the profile even if reviewed. An acknowledged warning stops blocking unless another reason remains. General review flags never establish an answer.","See behavior.","See behavior for exact text.","intake-checker/validation.js:69; intake-checker/validation.js:174; ssa-intake-assistant/src/model/from-intake-checker.js:97","tests/intake-validation.test.js:160; ssa-intake-assistant/src/model/from-intake-checker.test.js:199; M17 (mixed parent and named child)","High: direct code inspection.","See discrepancy register where noted.","Review current behavior; no change made.","","Existing behavior audited; no changes made."
"rules-and-state","audit.R55 (audit-only; not a production field ID)","UI review links and text safety","See exact condition.","Rule / derived metadata","Derived or control rule","Not an independent parsed answer.","As specified in behavior.","As specified in behavior.","Rule/control","Any general review item rendered.","Outside the stated condition.","Does not invent an answer.","Static Canned Remarks link to /canned-remarks/#things-to-notate-in-remarks contains no intake data. Find selects source. Values rendered with textContent or React text. No parsed JSON/debug table. Following away clears session through pagehide.","See behavior.","See behavior where applicable.","Static Canned Remarks link to /canned-remarks/#things-to-notate-in-remarks contains no intake data. Find selects source. Values rendered with textContent or React text. No parsed JSON/debug table. Following away clears session through pagehide.","See behavior where applicable.","See behavior where applicable.","Only the stated output; no client answer inferred.","Checker Reviewed hides the issue without changing the answer. A still-present error remains blocking in the profile even if reviewed. An acknowledged warning stops blocking unless another reason remains. General review flags never establish an answer.","See behavior.","See behavior for exact text.","intake-checker/intake-checker.js:123; intake-checker/intake-checker.js:162; ssa-intake-assistant/src/ReadinessDashboard.jsx:51","tests/intake-browser-check.mjs:25; tests/intake-browser-check.mjs:28; tests/intake-browser-check.mjs:84","High: direct code inspection.","See discrepancy register where noted.","Review current behavior; no change made.","","Existing behavior audited; no changes made."
"rules-and-state","audit.R56 (audit-only; not a production field ID)","Authentication and privacy boundary","See exact condition.","Rule / derived metadata","Derived or control rule","Not an independent parsed answer.","As specified in behavior.","As specified in behavior.","Rule/control","SSA handoff opens/focuses/rechecks authentication.","Outside the stated condition.","Does not invent an answer.","AuthGate GET /api/auth/session uses same-origin cookies, no intake body or values. Shared account preferences remain separate. Intake/profile/session code has no browser storage, database, analytics or client-data request. Explicit copy buttons are the OS clipboard exception, not an automatic network request.","See behavior.","See behavior where applicable.","AuthGate GET /api/auth/session uses same-origin cookies, no intake body or values. Shared account preferences remain separate. Intake/profile/session code has no browser storage, database, analytics or client-data request. Explicit copy buttons are the OS clipboard exception, not an automatic network request.","See behavior where applicable.","See behavior where applicable.","Only the stated output; no client answer inferred.","Checker Reviewed hides the issue without changing the answer. A still-present error remains blocking in the profile even if reviewed. An acknowledged warning stops blocking unless another reason remains. General review flags never establish an answer.","See behavior.","See behavior for exact text.","ssa-intake-assistant/src/AuthGate.jsx:11; shared/toolkit-auth.js:47; shared/settings-storage.js:392; intake-checker/intake-checker.js:139","ssa-intake-assistant/src/model/from-intake-checker.test.js:185; ssa-intake-assistant/tests/readiness-browser-check.mjs:67","High: direct code inspection.","D20: page-memory statement excludes deliberate copy only if clarified.","Review current behavior; no change made.","","Existing behavior audited; no changes made."
"rules-and-state","audit.R57 (audit-only; not a production field ID)","Future/current clock and defaults","See exact condition.","Rule / derived metadata","Derived or control rule","Not an independent parsed answer.","As specified in behavior.","As specified in behavior.","Rule/control","validateIntake called without options.now.","Outside the stated condition.","Does not invent an answer.","Uses device new Date() local year/month; corrections revalidate against current device clock. Date review uses UTC only for calendar duration. No client answer defaults, inferred citizenship, firm standards or signatures are generated by this handoff.","See behavior.","See behavior where applicable.","Uses device new Date() local year/month; corrections revalidate against current device clock. Date review uses UTC only for calendar duration. No client answer defaults, inferred citizenship, firm standards or signatures are generated by this handoff.","See behavior where applicable.","See behavior where applicable.","Only the stated output; no client answer inferred.","Checker Reviewed hides the issue without changing the answer. A still-present error remains blocking in the profile even if reviewed. An acknowledged warning stops blocking unless another reason remains. General review flags never establish an answer.","See behavior.","See behavior for exact text.","intake-checker/validation.js:40; intake-checker/session.js:51; intake-checker/review.js:18","tests/intake-validation.test.js:8; tests/intake-validation.test.js:118","High: direct code inspection.","See discrepancy register where noted.","Review current behavior; no change made.","","Existing behavior audited; no changes made."
